80 150
1.0 226943.27
1.0 698476.79
1.0 457618.18
1.0 646220.33
1.0 362651.23
1.0 268832.27
1.0 390568.37
1.0 607832.98
1.0 360361.61
1.0 182820.46
1.0 283636.51
1.0 407469.89
1.0 285908.62
1.0 431251.98
1.0 112021.56
1.0 496835.02
1.0 511716.13
1.0 187220.27
1.0 599883.84
1.0 366539.68
1.0 270061.59
1.0 357085.71
1.0 421147.95
1.0 285074.39
1.0 82767.53
1.0 288840.57
1.0 197735.96
1.0 216592.22
1.0 340717.78
1.0 450052.08
1.0 413577.03
1.0 532503.05
1.0 363152.4
1.0 377045.27
1.0 481779.48
1.0 530610.26
1.0 760456.0
1.0 511731.73
1.0 732003.9
1.0 367319.75
1.0 316465.1
1.0 158111.04
1.0 129558.09
1.0 180546.06
1.0 365680.91
1.0 208717.26
1.0 941353.74
1.0 255508.03
1.0 281734.78
1.0 361261.62
1.0 337440.61
1.0 597592.39
1.0 243601.98
1.0 1048989.83
1.0 264676.2
1.0 184943.8
1.0 410312.66
1.0 246463.51
1.0 333940.7
1.0 176688.81
1.0 279401.81
1.0 235681.15
1.0 401682.96
1.0 795495.53
1.0 790638.47
1.0 201385.11
1.0 179491.74
1.0 627538.79
1.0 329583.68
1.0 182540.42
1.0 236386.44
1.0 183420.53
1.0 343821.6
1.0 477787.55
1.0 202194.93
1.0 661627.32
1.0 331912.78
1.0 358321.42
1.0 492899.33
1.0 260228.84
245 15572.91 8603.65 12672.14 15696.23 10744.05 2908.91
20188.35 1386.79 18393.67 7190.49 6111.45 9303.25 15042.57
15518.52 5642.26 13713.67 7770.35 12964.52 3687.28 16322.52
19332.54 10604.97 19158.06 6438.51 4937.94 9256.44 7868.21
13472.49 2473.64 14481.31 8368.55 5936.37 22685.1 17591.22
8896.85 10388.45 5539.92 13029.72 17675.79 8399.88 4008.21
11266.6 14106.36 20777.86 11173.55 10084.83 2356.46 4907.14
13317.39 13323.38 3540.98 20490.84 4454.75 13164.04 16134.88
12260.38 7861.52 6721.58 8044.81 14006.45 20814.67 8160.32
14670.47 7729.13 14964.68 19211.31 5471.79 25073.66 16044.95
6229.99 16643.16 15087.8 641.48 22271.35 8026.53 7805.55
13824.6 19804.65 7377.04 11872.17 292 6869.23 16497.99
10633.16 20878.86 9120.25 19503.24 3707.58 19296.43 11267.41
12827.65 21968.31 15728.03 8158.0 7132.27 17458.5 16831.68
12318.38 7638.56 23478.9 16116.03 1886.15 11818.27 9822.94
25884.04 15168.17 24747.81 13212.89 8946.84 17590.24 15063.78
14642.78 16964.04 7919.04 7264.13 17540.89 26563.44 18358.43
21446.73 2134.5 21090.43 18755.3 8707.46 23977.31 6075.89
11667.3 26359.56 20301.05 17383.8 14881.89 11880.67 16715.94
13222.78 17916.21 15629.2 11916.35 10495.15 24106.7 14871.97
12501.33 30464.41 10336.92 14702.74 27462.1 16310.37 11231.18
5212.15 22372.79 11960.34 5211.74 13649.34 14815.88 17298.62
19384.34 5149.27 21973.2 22972.15 10198.61 2950.07 23154.5
10837.51 315 15477.51 12671.94 11875.04 11985.23 12443.44
7280.57 22002.02 5723.28 21587.24 8230.7 1780.9 7105.66
14634.54 17938.09 9801.88 17778.92 10166.33 15067.51 5006.71
13684.77 20045.96 13738.41 18077.25 5656.97 6055.87 13227.28
7742.72 16148.65 6089.41 12087.78 7004.66 4189.23 22218.71
17147.73 13103.72 14081.48 2911.01 17397.68 18785.35 12760.1
8331.2 12215.48 9830.92 22994.74 14333.34 6239.98 6659.88
3537.0 17153.7 16664.11 4685.58 23860.21 8654.77 10632.88
14558.32 15220.0 11786.34 10256.16 8395.08 17325.32 19678.91
11839.14 10334.72 11746.04 13638.6 19186.34 1548.63 23971.86
18015.94 8526.58 20393.19 12121.83 3991.27 22397.96 3673.72
11965.75 16837.59 20270.35 3146.52 11200.82 217 21042.49
11220.69 18116.56 19688.38 15867.76 5684.33 25007.68 5699.37
21974.92 12619.69 8798.39 14317.39 20519.59 20026.14 8578.6
15777.31 12704.36 17791.99 2736.16 21220.88 24645.25 14685.31
24595.53 4494.97 10409.66 6838.32 13333.66 17843.41 7410.31
19492.07 13638.57 10965.3 28161.49 23068.65 10954.54 7012.34
10154.19 13238.75 22878.16 8475.29 6763.12 16622.3 17008.48
25305.44 15178.8 10705.92 4753.66 9964.56 16039.33 16942.18
9009.01 23740.57 7625.23 18092.17 21459.54 16417.86 5523.24
10738.13 13520.35 9726.32 26249.26 11733.69 16244.69 10641.15
20339.97 24665.1 7748.84 30521.39 20856.74 11345.4 19351.41
19771.67 6055.92 27695.37 10932.01 6448.5 17834.17 25176.07
9450.09 17324.96 165 8385.08 15006.63 4411.83 7307.14
9312.76 12478.29 17219.67 11130.23 19864.37 6387.71 8554.97
1297.58 7231.78 14894.06 13179.99 19272.11 9438.51 11941.08
13026.57 5909.45 13612.57 13215.01 9834.44 14049.06 6710.28
19424.15 4306.5 13999.77 10031.02 4007.71 2354.33 4610.63
14290.8 9462.92 15926.36 20754.49 5545.77 21031.23 13112.4
17453.71 12814.25 7722.56 9141.68 18899.39 13719.32 12127.93
12520.43 5626.93 17877.09 16014.83 7297.33 22391.98 12522.93
2805.31 6175.84 13920.89 18123.45 11808.67 5151.45 24471.76
11382.23 13204.93 12494.57 14116.9 5388.74 11832.85 9390.04
15647.13 14034.04 8620.92 20418.06 5063.83 9840.71 15040.97
7683.85 17752.73 15333.74 13465.15 9310.42 4131.98 447
6130.7 20203.21 9886.69 18532.76 11842.67 21968.03 8977.11
21399.49 16520.08 14405.29 22298.6 15241.58 7027.46 11945.54
20522.28 21429.85 15000.85 11465.32 25093.52 13292.5 3800.51
15710.4 5899.54 27055.64 16657.67 27989.25 13995.76 13356.06
19715.1 12841.17 14693.89 17425.44 2598.28 4720.91 21302.81
29744.04 18778.82 25701.35 6026.3 24589.27 21472.49 10510.95
22380.27 11328.73 15713.94 26255.0 22600.58 18107.76 19470.28
16459.34 18145.82 18539.53 20713.07 13837.44 9230.02 14726.64
27142.77 17975.02 13595.21 33711.81 5733.22 18217.09 26240.15
19818.84 9159.2 2417.26 22925.67 6636.1 9924.0 15939.65
19843.92 14895.97 21056.97 918.58 21787.82 26161.62 14815.67
2638.78 23277.24 10457.17 350 16015.34 19684.91 12084.47
5231.23 16380.53 15008.51 24907.82 13417.78 26779.38 12520.27
6488.35 7155.27 14796.36 22159.68 17082.66 24604.27 15441.0
19140.55 12562.69 9464.77 21295.77 19394.79 16344.03 11749.73
11413.65 21143.02 10789.07 20924.9 13280.73 8914.71 8662.65
7917.59 21135.29 16762.42 20326.94 21931.84 7212.34 24992.89
20845.43 20533.11 15909.99 15147.29 1968.03 26496.04 19967.82
6655.01 14507.37 8476.13 23604.13 22372.53 10855.78 29251.26
16046.77 7685.8 12497.74 20492.64 19699.85 16775.23 11760.01
24978.53 17617.44 18375.83 4796.84 18730.54 12315.85 19254.42
7511.52 21534.3 21539.24 14079.04 26572.57 7485.22 11667.51
22374.58 4342.42 19879.69 22046.28 21068.4 5881.84 11865.31
258 7590.75 22987.62 10035.79 16046.61 14406.87 23628.33
13631.7 22774.88 20859.95 15823.31 22083.72 14790.27 7726.73
15942.63 22751.65 24979.14 17235.99 14816.12 25894.19 10725.74
8191.17 18833.51 3702.68 27398.35 17801.66 30147.93 14803.32
16989.36 21192.43 10970.77 14787.91 17627.67 2329.35 5323.77
24100.08 31810.14 18846.09 28843.41 10142.18 27061.54 23368.87
12609.84 20411.12 15997.46 18957.99 25488.66 24093.01 18488.48
23050.72 20109.43 19130.72 23008.7 22709.0 12286.93 7501.95
18160.29 29136.38 20354.21 14708.73 35769.04 2264.75 20920.03
24470.28 22450.72 8155.46 5200.56 22879.1 2535.87 13950.93
17793.75 23859.49 12613.2 22079.56 5326.17 21136.25 28317.17
18551.04 7017.86 22831.56 10813.39 138 18092.65 12524.9
19986.13 30107.67 13535.5 18484.79 10456.71 19400.19 3070.98
17101.3 25771.93 22830.52 19080.63 8415.99 15346.07 8455.94
14254.3 11031.97 23750.55 26782.44 15530.14 10392.5 22680.23
26826.51 18474.57 19719.09 18921.0 8847.42 18260.43 25085.51
21136.83 21843.84 21823.81 19746.46 12831.88 21379.56 22890.93
13185.27 13606.87 16074.04 17232.94 15308.39 31426.33 8341.66
9797.73 30324.01 19509.06 21562.31 7713.8 7426.98 19516.92
723.3 16474.71 24898.51 23210.44 9132.08 19931.58 13942.8
17953.95 24429.22 23652.6 12475.15 33704.9 13187.11 22008.93
18593.41 25572.92 25862.2 10097.34 15769.57 4546.56 27162.27
20626.72 19065.03 26910.74 18547.1 7580.92 16716.54 27175.36
19595.11 193 9376.94 6131.19 9160.72 18232.81 2509.2
8868.5 10495.42 8977.53 9447.25 4876.18 13902.07 10728.79
9690.06 5712.78 6642.88 8797.97 2180.42 3294.78 13446.83
15748.18 10924.89 2365.04 14259.27 16239.93 6398.81 14000.88
6776.68 3802.12 7372.22 13845.98 9004.26 9643.9 16000.39
11637.35 7242.2 15798.94 10761.32 12000.29 8829.59 10485.23
8000.12 4550.01 19211.18 10961.73 2808.96 18535.72 9759.7
9451.1 7141.88 5092.76 7660.95 11876.54 7142.23 13317.86
13072.64 3099.21 13300.51 4055.99 5834.05 19734.71 15752.01
4106.04 21519.16 5704.61 11696.23 12118.89 13888.4 19414.71
6343.83 3825.63 9487.97 15673.65 9567.18 14549.77 14811.54
12199.98 4669.27 11751.54 15288.15 8510.27 42 6063.25
15585.47 9715.55 20067.68 8066.26 18462.96 3965.85 18237.8
10973.56 11754.69 20913.66 14738.82 7350.05 6489.14 16462.84
16138.99 11275.41 6693.93 22409.33 15411.0 1776.93 10920.18
9444.67 24810.94 14095.09 23785.7 12157.12 8157.14 16530.45
14275.14 13619.77 15911.88 8094.38 6731.94 16641.21 25596.37
17305.32 20660.75 1062.22 20156.76 17731.24 7636.18 23060.6
6279.09 10800.57 25319.38 19252.53 16321.38 14180.74 11165.39
15642.85 13061.47 16896.86 14776.72 11243.89 9665.84 23120.38
13873.04 11436.81 29509.58 10119.36 13754.15 26499.68 15366.39
10474.53 4958.55 21310.15 12119.55 4497.34 12589.68 14319.52
16517.07 18313.95 5556.68 20943.63 22001.19 9489.24 2965.3
22107.15 9879.09 369 20662.22 7485.89 18533.03 22597.97
14427.52 4695.87 22565.56 6009.53 18215.22 12385.69 12439.16
16032.66 20444.05 17315.27 5806.41 11259.54 11221.83 15668.8
6849.78 23032.04 23303.01 11830.9 24900.78 9473.04 10734.21
2349.53 13796.43 15077.72 7210.77 21129.41 14867.77 12738.26
27768.47 22873.02 6848.38 3687.17 12446.19 8170.52 21268.66
3599.44 4797.15 15760.4 20730.32 22429.7 12196.96 15340.49
4639.94 11725.95 11900.29 13446.57 9839.5 19673.09 5509.72
19888.16 22327.24 13499.87 1001.38 8395.98 13617.59 7610.15
26545.72 8743.92 20643.32 7257.16 21046.76 24009.3 11532.4
30663.03 18548.93 10388.03 15053.74 21912.1 7513.24 26760.94
14539.82 1341.35 14661.46 24038.6 13442.26 17707.12 376
16302.22 10077.87 13156.59 15092.15 11906.13 4225.62 21430.99
2830.83 19859.74 8108.69 4908.4 9253.76 15674.02 16865.82
7108.05 15179.96 9056.14 14236.98 2720.38 16200.42 20310.04
12048.83 19608.64 5101.56 5773.24 9955.0 8458.12 14857.44
3906.73 14439.03 8576.96 5891.48 23344.99 18231.85 10334.52
10881.9 5160.01 14302.65 18746.16 9569.55 5408.57 12243.27
13118.59 22102.6 12622.81 8646.61 3460.48 4889.01 14808.27
14797.22 4245.58 21973.13 5916.82 13056.61 16399.68 13685.77
8518.72 8197.12 8786.18 14282.29 21256.05 9650.25 13397.77
9212.38 15303.71 19985.27 4144.09 25543.03 17305.78 7462.47
18135.74 14824.49 1586.36 23102.34 6946.88 8678.67 15262.13
20718.51 6081.16 12384.75 299 21132.47 6279.73 20707.04
28115.71 14299.18 10868.44 18720.12 12386.71 11873.6 15010.58
19865.06 20591.0 21483.74 13728.6 8502.41 4154.08 12231.11
13794.86 15473.39 26846.15 21610.24 9693.25 26047.41 18426.05
14759.24 8504.28 17047.45 11927.41 12295.94 24870.07 18968.03
18019.29 27397.82 23368.63 5379.17 9879.68 18407.66 1251.06
19324.82 5860.26 9774.06 16330.74 27544.62 17654.57 9575.43
23660.12 11658.37 17236.47 6001.28 8950.48 14842.37 12365.43
9536.53 24013.66 24706.33 10501.37 9220.48 9479.9 16367.64
12500.15 27518.28 8208.13 28428.9 7167.37 23320.29 23533.32
19213.94 31032.27 15612.91 12684.69 7693.52 26338.69 14115.4
25476.02 21692.43 7980.16 10631.01 22652.85 21133.69 19970.68
457 10825.4 20198.01 7595.82 3253.32 14006.45 17365.93
20566.03 15916.79 24403.2 11548.73 11445.83 5994.9 9538.27
19204.97 18318.47 24407.72 14562.0 16415.24 16990.76 2325.69
15999.18 18230.9 9677.47 17271.93 11836.51 24247.39 9471.71
18644.86 15006.78 2613.27 7516.64 9177.07 14508.66 10818.44
21114.32 25455.84 9611.07 26211.69 16185.47 22525.06 17827.28
12137.92 7429.02 22537.56 18705.24 13491.57 17274.35 10188.96
22953.32 20924.63 12226.99 26937.88 17603.43 2581.08 6067.31
18774.26 22892.88 16999.95 10261.23 29023.49 10745.92 18386.48
11521.32 19307.09 6455.89 13352.37 12481.13 14465.44 18014.14
13809.35 25351.05 396.97 14438.56 16210.87 9743.81 22648.4
20085.33 15484.7 11616.7 7870.89 262 18695.89 4800.32
16940.2 22190.24 12195.06 3936.44 19974.21 5523.82 15534.93
10727.02 12823.84 15146.14 18601.92 14700.38 3529.31 8759.56
9083.03 13199.23 8062.17 22007.99 20975.51 9235.14 23148.72
11025.29 9457.66 3954.7 12389.16 12467.29 6126.0 20054.38
13783.17 12049.06 25716.98 20946.0 4172.21 5742.65 12054.06
6481.84 18880.68 1645.47 3307.9 13707.81 20881.43 19773.88
9571.86 16338.57 4475.18 11102.94 9260.65 10758.22 8907.98
17038.4 3685.85 18922.88 20858.55 10874.45 3340.7 6066.22
12048.13 9687.96 24771.03 6175.86 21317.74 4630.43 19528.71
21898.72 12062.38 28789.26 16005.79 8523.37 12470.49 21082.56
7264.9 24533.09 14798.18 2143.94 11993.65 21767.59 14003.13
16120.35 372 14220.68 5493.81 12009.4 17228.71 8427.6
2016.07 17503.81 2065.52 15186.73 5859.83 8959.85 10022.34
13940.75 12605.42 2664.89 10607.44 5215.48 10279.66 6580.55
16862.38 17303.45 7468.32 18373.04 9553.19 4323.18 8666.35
7319.75 10476.25 1149.62 14910.33 8637.43 7040.23 21361.83
16399.87 5957.93 10211.32 7277.51 10598.06 15441.68 6511.97
1850.9 9441.98 16398.06 17891.59 8019.21 13213.5 2774.58
6166.15 10100.26 10104.49 3839.35 17253.84 1643.06 13779.66
15843.31 9164.31 7520.74 3514.96 7091.02 14136.02 20019.77
4915.17 17474.73 4576.33 14543.76 17672.86 8497.24 24155.6
13349.61 4015.14 13412.22 15955.86 3312.87 20554.67 10627.73
6896.6 10690.2 17922.74 10314.73 11183.58 212 21557.92
6149.65 20668.91 27265.35 14687.52 9369.55 20226.96 10949.56
13887.57 14678.71 18363.46 19906.81 21764.59 15054.33 7568.01
6059.29 12191.21 14647.86 13542.99 26461.43 22612.29 10389.84
26371.72 16393.42 14043.48 6044.29 16624.37 13062.45 11171.47
24480.4 18371.71 17081.11 28135.37 23826.68 5056.59 7386.89
17294.45 1245.38 20351.54 3931.32 8437.66 16605.81 26304.9
19377.92 10412.75 21902.37 10024.98 16215.85 7626.7 10329.48
13874.0 14618.01 8407.8 23506.34 24683.38 11517.37 6858.26
9170.38 16055.61 10115.37 27906.44 8229.58 26882.54 6844.88
23304.27 24248.95 17627.0 31613.7 16816.96 12318.66 9874.37
25778.61 12705.63 26426.7 20295.32 5703.57 11961.4 23591.67
19566.04 19892.28 255 23101.88 7854.28 21716.8 27201.16
16333.73 8911.31 22796.7 10471.95 16851.78 15536.25 17492.74
20178.13 23150.83 17535.29 8162.29 9066.36 13483.84 16737.08
12055.4 27009.66 24718.9 12479.48 27748.59 14627.29 14447.42
3442.86 17308.42 15428.58 11162.11 25047.89 18791.76 17080.83
29934.27 25375.62 6769.32 4413.95 17040.73 4327.33 22505.11
3735.39 8339.4 18084.22 25704.87 22120.47 12619.07 20545.89
9278.39 16126.35 10468.21 12945.13 13944.3 17694.98 8628.47
23940.58 25688.01 13829.04 4650.09 10356.25 16891.06 7021.55
29338.35 9842.33 25811.89 8261.52 24335.51 26059.71 16634.85
33225.07 19172.39 13236.29 12937.83 26114.16 12171.77 28451.35
19548.56 3965.36 14502.92 25628.78 18563.72 20908.28 348
7941.43 14167.65 11143.15 21700.79 7740.92 17772.34 2030.29
17765.87 8452.44 11855.26 21332.04 15744.55 9173.65 4405.16
15449.45 14088.14 10712.09 5616.15 22123.57 17326.57 4326.17
9496.63 11845.79 24722.93 14118.98 22544.53 12674.45 6411.95
16093.33 16013.96 14424.6 16411.38 10630.13 9023.36 15165.39
24373.61 17776.44 18811.96 2625.9 18799.8 16904.77 7994.45
24330.86 3991.63 9259.78 25868.6 18642.03 16670.49 12153.55
9184.96 15636.04 10506.55 16041.33 16334.56 13263.45 8015.16
22009.8 12908.74 11833.96 28216.8 12617.37 12512.76 27552.67
14086.92 12339.81 7473.46 21607.41 14663.36 2690.8 12208.61
11963.56 18252.49 18086.1 7976.86 21614.15 20812.04 7509.74
5512.8 22602.86 11135.54 235 7667.84 16552.05 11384.54
21681.57 9476.97 19794.57 2985.11 19650.31 10766.01 13313.13
22552.29 16422.04 8957.38 6938.81 17648.55 16628.92 12629.56
7780.33 23889.8 16943.32 2714.76 11866.45 10650.84 26349.97
15643.44 24867.76 13797.07 8880.29 17950.77 15872.4 15293.8
17556.48 8590.16 8102.38 17574.63 26690.46 18947.8 21332.79
2669.14 21168.26 19004.97 9226.48 24731.28 5342.69 11674.81
26978.11 20616.9 17943.18 14692.73 11717.15 17187.86 12632.69
18155.89 16415.49 12747.3 10462.89 24270.72 15073.4 13055.25
30567.92 11135.59 14815.56 28182.13 16412.15 12046.88 6030.39
22929.43 12622.84 5122.88 14014.96 14446.73 18109.72 19804.89
5725.38 22612.34 23109.12 10038.72 3734.5 23757.51 11560.02
426 20355.37 17635.78 16506.87 12928.4 17975.62 11713.68
27495.03 10389.89 27077.29 13736.36 4232.05 11206.34 19365.4
23505.38 14667.17 22738.85 15725.19 20625.31 7130.77 16411.54
25212.15 19215.52 22192.37 4883.99 11616.62 16001.6 12987.72
21706.87 11265.41 15283.56 11746.94 9234.06 26679.94 21763.71
17878.8 16271.19 7839.25 21557.44 24116.63 16703.01 12940.17
17605.0 8945.53 28545.09 19807.25 1476.71 10823.0 8879.84
22332.02 22095.82 10247.49 29301.48 13475.88 13826.29 18415.62
20740.75 14606.26 15568.21 13748.97 18623.02 23688.95 17096.81
7122.07 16762.62 17772.75 24000.6 4020.07 27885.23 23550.73
14081.36 25638.5 14525.25 8924.03 27234.71 4759.83 15247.45
22354.59 25321.33 3114.88 15952.66 472 8492.28 15540.41
4542.54 6833.25 9756.15 12982.21 17496.01 11620.57 20299.69
6911.96 8784.26 1670.55 7302.77 15292.36 13711.65 19793.61
9955.95 12356.88 13418.44 5408.68 13756.79 13715.32 9659.78
14354.39 7239.33 19924.46 4830.77 14444.2 10543.68 3535.58
2885.36 5043.95 14194.23 9448.76 16460.95 21242.08 5906.82
21565.87 13340.1 17979.53 13332.84 8114.42 8868.27 19216.05
14215.07 12205.44 13008.37 6068.34 18388.6 16500.09 7800.71
22829.97 13048.78 2283.56 5929.82 14396.22 18617.28 12342.16
5662.75 24944.73 11177.46 13735.08 12327.53 14651.25 5245.74
11862.01 9653.38 15419.46 14385.04 9152.93 20908.56 4529.21
10304.64 15051.19 7793.53 18260.28 15795.14 13564.35 9473.42
4354.36 124 20712.35 5541.13 19348.25 25134.82 13955.91
6934.68 20690.03 8524.55 15180.31 13183.23 15809.34 17976.44
20760.05 15399.55 5812.72 7622.41 11092.6 14442.46 10794.16
24741.22 22408.5 10211.17 25358.73 13615.62 12186.52 3656.93
14990.93 13246.93 9013.05 22771.97 16542.1 14964.1 27560.69
22985.74 4489.92 5312.31 15029.07 3902.37 20212.32 1448.65
6189.55 15694.19 23886.46 20146.59 10391.86 19200.93 7467.5
14040.73 8724.19 10939.43 11786.27 16282.73 6372.27 21698.18
23328.45 11634.93 4186.39 7965.05 14544.74 8738.32 26947.42
7483.81 24273.6 5889.51 21971.36 23689.91 15025.19 30836.09
16965.09 10868.82 11535.76 23904.26 10268.97 26116.2 17797.84
2945.78 12427.2 23299.65 16966.57 18542.68 445 6858.72
19002.08 10833.03 20363.72 11089.55 21482.41 6377.65 21104.72
14168.46 14304.6 22917.57 16183.43 8031.43 9985.05 19695.3
19656.74 14329.48 10103.72 25079.89 15279.9 2181.44 14366.98
8226.55 27281.17 16637.0 27094.34 14291.27 11674.94 19395.32
14557.49 15365.57 17933.86 5276.06 6294.0 20072.97 28889.86
19322.73 24173.55 4337.03 23530.96 20845.24 10195.08 23907.54
8695.02 14277.5 27110.02 22208.61 18493.34 17699.55 14685.45
18173.75 16062.46 20036.64 15372.62 11087.07 13168.61 26363.79
17106.59 13725.81 32828.14 8331.78 17116.04 27618.59 18731.96
10726.25 3777.75 23439.02 9266.02 8011.72 15491.08 17730.62
16718.99 20986.45 2309.44 22654.05 25290.69 13007.92 1786.67
24004.68 11241.71 18 7199.0 16209.41 3439.71 7189.72
9619.43 14193.11 16585.17 12910.94 20027.07 7471.77 10488.16
3278.51 5948.41 14862.67 14626.22 20186.01 10368.72 12037.79
14988.74 4372.86 12501.9 13915.75 7964.18 16026.31 8259.79
21142.71 5468.09 14255.97 11704.66 2391.69 4011.15 6547.98
12546.2 7914.15 17185.29 22528.0 7525.41 22318.64 12305.89
18981.01 14430.61 7755.86 9993.87 18433.9 14372.72 13868.13
14306.2 7548.77 18667.45 16559.64 9041.66 22562.54 14067.19
1839.52 4224.24 14399.51 19874.37 13018.06 6117.78 26292.68
9472.4 14304.1 13670.17 15359.85 3583.35 10384.41 11347.79
13713.09 13759.93 9813.31 20987.35 4130.54 11705.3 13532.06
9480.04 19433.95 15697.31 12211.01 11176.15 3546.73 486
16322.29 8854.14 13407.79 16153.71 11444.13 2909.41 20852.36
1642.38 18868.49 7935.73 6220.07 9936.25 15789.65 16129.05
5877.69 13934.18 8429.56 13620.52 3010.81 16946.29 20065.69
11127.91 19892.64 5880.76 5687.31 8803.61 8609.7 14056.16
3069.44 15124.36 9057.86 6557.25 23433.78 18338.98 9059.11
9849.19 6054.09 12971.27 18393.49 8245.23 4120.37 12003.13
14370.2 21399.48 11687.14 9947.38 2132.21 5527.38 13636.73
13785.18 4282.52 20921.37 4687.39 13788.55 16843.32 12804.78
7385.18 7195.44 8793.84 13397.36 21548.69 8571.79 14727.4
8014.98 15683.88 19960.12 5475.1 25811.17 16703.46 6917.1
16979.16 15669.01 1341.26 23017.79 8225.13 7441.77 14351.35
20545.18 7411.01 12610.09 144 9878.69 5656.22 8966.33
17302.51 3227.22 7363.09 12083.3 7364.37 10929.76 3728.88
12322.01 9696.6 9980.93 7372.78 5458.26 9242.52 660.4
4847.1 11808.99 15253.84 12095.7 3297.01 14591.51 14583.37
4876.58 12922.62 5778.63 5432.31 5733.78 13302.62 7964.02
8245.88 16781.45 12152.92 6748.19 14683.08 9285.56 11773.28
10110.83 9613.3 6595.4 4863.02 17959.66 12614.57 3868.23
16946.09 8212.79 7960.27 7815.58 6274.58 6054.85 13301.53
5767.99 12617.94 12970.36 4529.76 12108.17 2919.15 4917.46
18647.56 16152.71 3585.92 20095.47 5011.89 11584.5 12940.57
12271.85 20001.79 7927.23 2213.14 10522.89 14980.92 7908.25
15573.14 13319.5 11095.82 6144.96 12830.41 13715.44 8231.85
380 14768.56 6708.28 15665.66 25125.4 8802.13 12551.39
10494.85 13437.36 4174.64 11686.91 19908.32 17609.15 15477.63
5803.16 9424.76 4112.01 8672.43 6993.6 17807.2 22426.04
13960.76 4715.31 19699.52 20875.41 12771.99 14558.26 13655.42
4637.71 12309.39 20580.96 15879.26 16223.78 20099.52 16805.38
7196.35 16327.54 17177.58 9139.31 11698.93 10740.67 11310.44
10842.02 25971.83 9406.34 4154.37 24421.96 13576.94 15845.6
2385.09 1809.55 13699.13 5864.79 10533.4 20152.67 19341.14
3981.37 14535.67 7995.25 12722.84 19764.6 20965.9 6511.57
28003.7 7286.96 18018.29 16379.68 19664.99 23971.25 7811.81
10063.24 2622.26 22494.54 14672.9 17832.37 21147.99 13163.21
3032.28 15088.74 21310.85 15118.33 78 5124.93 20549.19
7662.4 14766.33 11973.77 21152.56 12202.68 20316.42 18978.39
13348.75 19900.38 12622.8 5250.79 13894.78 20271.14 22689.69
14762.13 12535.79 23510.02 9444.7 6661.48 16465.1 1913.51
25100.93 15352.57 27663.85 12378.32 14774.62 18724.12 9298.29
12483.93 15321.5 2969.44 2850.63 21660.92 29326.08 16576.63
26447.25 8302.28 24589.09 20885.49 10142.23 18876.71 14559.57
16615.45 23484.31 21627.54 16151.47 20778.47 17875.82 16702.92
21227.9 20224.73 10484.7 5670.42 15872.08 26652.81 17883.43
12251.33 33285.44 1811.58 18476.81 22858.53 19996.58 6039.18
3358.13 20655.92 5006.71 11950.1 15309.5 21756.16 11184.6
19655.61 4947.14 19075.6 25833.25 16359.77 5593.52 20716.14
8416.65 299 21644.77 13661.35 18360.5 18326.04 17179.97
7736.91 26604.21 7205.57 24234.17 13487.21 7387.11 13939.59
20967.67 21830.36 10840.4 18417.4 14181.71 19370.1 2749.53
20537.04 25686.47 16680.63 24737.07 1884.13 11154.98 9683.11
13773.33 19717.23 8807.03 18961.79 13605.41 10781.27 28636.35
23522.66 13523.68 9670.0 9689.77 16104.17 24089.0 11302.06
8957.07 17616.25 15133.44 27111.85 17213.4 8234.75 6715.6
9886.71 18527.99 19153.37 9626.06 26125.89 9760.74 17505.07
21343.0 18392.76 8402.19 12697.83 14153.02 11865.53 26366.41
13890.06 13870.2 12985.23 20347.16 25340.1 6322.73 30665.26
22453.58 12664.73 21871.67 18915.07 6837.12 28472.69 9377.03
9337.76 19889.5 26100.53 7654.36 17617.1 359 22338.46
10464.46 19764.26 22308.23 16565.02 6179.4 25202.69 6895.15
21273.99 13880.21 11546.92 16478.22 21958.98 20029.19 8342.61
14431.87 13325.25 18129.95 5471.78 23475.64 25469.06 14551.29
26238.97 7321.84 11882.99 4209.81 14939.6 17796.46 8491.08
21669.45 15589.69 13096.53 29491.1 24468.29 9930.01 4131.64
12475.27 11177.88 23545.78 6769.59 6851.5 17633.69 19822.16
25229.25 14970.8 13591.05 5581.79 12068.63 15023.85 16409.9
10672.69 22801.58 7703.33 20320.94 23333.86 16262.85 3133.4
10831.87 14958.52 7000.18 27896.9 11468.73 19136.27 10105.22
22136.51 25847.26 10521.73 32115.07 21110.71 12210.06 18210.58
22139.41 7859.91 28749.67 13692.21 4381.98 17526.32 26112.13
12284.75 18948.94 109 8451.86 23770.18 11071.9 17079.84
15194.21 24579.14 13761.89 23755.26 21198.13 16778.58 23169.42
15875.92 8683.66 16404.78 23625.55 25597.6 18091.33 15450.22
26930.18 11772.36 8455.4 19536.67 4792.7 28464.71 18792.79
31045.0 15814.32 17563.95 22158.6 12057.75 15849.64 18689.88
2188.93 6214.55 24882.79 32722.08 19917.31 29565.41 10528.59
27906.41 24290.19 13457.14 21475.79 16113.19 19635.25 26584.62
25063.52 19541.86 23657.16 20689.9 20140.24 23280.21 23615.75
13379.99 8597.87 18790.41 30054.75 21198.76 15690.9 36686.15
3350.42 21711.91 25542.06 23259.29 9241.32 5720.84 23959.55
1894.8 14394.35 18704.7 24334.52 13674.03 23092.09 5198.07
22230.87 29212.17 19102.99 7267.29 23923.54 11839.59 445
9090.42 6921.15 7663.28 15694.89 3189.48 7350.54 12685.32
7004.13 12336.96 2119.94 11073.49 8087.43 9009.56 8364.71
6101.83 10812.6 969.66 5543.04 11245.75 13751.63 11977.45
4878.71 13590.73 13843.91 3547.71 13506.28 4173.93 6641.57
5296.11 11787.75 6354.8 6757.27 16163.64 11334.93 7968.53
15201.87 7873.77 13076.74 10178.82 10469.67 6832.6 4153.32
16395.26 13473.03 5435.1 15712.26 8063.24 6568.74 9420.44
7829.44 4913.63 14756.42 6102.14 11053.82 11677.88 5966.15
12555.19 3854.1 3334.43 19172.79 15194.14 4924.92 18631.61
6160.95 10298.72 12405.43 11121.76 19178.27 8578.82 1355.7
12118.79 13414.12 7194.44 15229.69 11925.36 11672.66 7554.91
12585.51 12448.7 6890.0 252 12912.25 14635.7 15827.99
26407.27 10967.04 19528.12 3592.0 19912.82 5247.52 15203.16
24722.24 19961.3 14109.55 5357.86 16712.84 12746.4 13206.93
8233.3 24426.89 22243.53 9092.47 10517.6 16850.41 27284.89
17224.08 22968.54 16477.2 7395.84 18382.85 20835.94 18471.33
20042.16 15164.85 14051.21 15412.21 24780.26 21328.58 17822.98
7656.02 19111.44 18449.25 11959.91 28688.28 1256.06 10044.09
29351.52 20504.21 20101.19 11084.0 8726.99 18619.89 6408.73
17580.1 21028.01 18243.38 8784.34 22742.64 14471.16 15544.67
28363.14 17543.49 13540.92 31645.28 14883.5 17261.18 12381.16
24823.88 19192.4 5568.87 14848.38 9526.79 23056.06 20624.76
12254.5 25326.73 21418.0 7456.58 10227.83 26070.2 15697.58
29 14112.38 13051.01 16578.85 27052.31 10905.41 18361.89
5727.35 18923.41 2846.32 14990.94 24327.71 20212.39 15220.67
5122.95 15396.1 10582.62 12615.61 8139.16 23437.55 23224.72
10955.2 9390.59 18417.74 26391.65 16805.92 21200.07 16506.88
6633.62 17499.07 21678.79 18621.36 19874.88 17193.81 15528.94
13716.6 22986.01 21086.98 15669.49 9198.72 17357.65 17211.48
12272.03 28957.9 3629.86 8847.85 28964.81 19367.28 19806.47
9060.06 7095.44 18096.4 4015.45 16361.51 21707.5 19393.08
7710.37 21091.41 13365.69 15542.97 26451.12 19262.23 12234.9
31670.52 13425.09 18299.38 14130.81 24322.87 21235.63 6186.36
14257.19 7157.3 23852.42 19817.42 14377.47 25132.78 19736.82
6171.84 12130.81 25707.26 16329.64 180 19870.84 7347.34
17631.57 21539.41 13775.19 3754.45 22164.52 4990.36 18167.12
11525.37 11399.9 15011.01 19609.86 16958.15 5303.38 11494.06
10544.93 15163.64 5914.45 22018.34 22677.18 11471.46 24031.11
8657.94 9792.46 3407.8 12866.13 14721.59 6267.45 20124.27
13874.61 11702.93 26998.6 22062.92 6851.87 4643.75 11391.63
8814.45 20685.94 4032.96 4036.94 15017.95 19681.78 22134.84
11876.06 14395.06 3607.81 10687.18 11965.39 13289.01 8843.5
19738.85 4822.37 18870.37 21389.6 13172.64 2016.81 7854.55
12726.56 8494.07 25680.61 8381.0 19648.68 6988.62 20122.18
23269.96 10505.21 29824.68 18101.26 9608.58 15199.14 20878.15
6461.6 26073.58 13493.78 2206.99 14413.7 23378.58 12422.66
16806.18 367 8978.07 24022.06 11976.11 18525.54 15495.58
25191.89 13070.36 24446.24 20738.82 17427.38 24248.12 16966.87
9406.05 16152.14 24063.31 25550.82 18510.07 15477.59 27782.44
13200.31 8028.42 19658.09 5987.27 29433.01 19526.47 31518.46
16615.4 17478.88 22816.08 13382.44 16821.11 19655.43 1891.52
6857.58 25131.75 33227.18 20920.11 29689.44 10229.82 28272.47
24832.52 13889.28 22867.03 15385.02 19710.7 27786.5 25725.55
20470.25 23596.4 20598.03 20922.0 22721.34 24126.2 14662.44
9845.22 18789.64 30578.8 21582.37 16413.09 37198.49 4714.67
21988.6 26914.25 23563.48 10360.31 5777.39 25004.21 2737.0
14130.03 19240.83 24063.4 15076.22 23875.76 4384.71 23396.77
29683.99 18972.9 6857.63 25053.54 12707.63 256 22857.57
12471.76 19932.95 21190.85 17603.03 7294.67 26643.81 7467.47
23294.24 14426.32 10228.08 16064.58 22339.05 21598.61 10008.14
16763.8 14414.65 19452.49 4347.74 22924.41 26414.1 16197.31
26410.06 5184.49 12226.61 6812.68 15152.98 19394.85 9176.47
21223.71 15430.48 12730.51 29979.41 24887.74 12080.15 6501.37
11867.59 13749.14 24619.08 9203.54 8273.79 18408.75 18272.65
26862.64 16667.79 11541.54 6428.23 11739.6 17198.27 18317.53
10828.68 24956.0 9147.95 19810.28 23253.23 17929.6 5728.71
12299.98 15338.18 8567.36 28063.11 13183.88 17170.59 11979.48
22143.99 26474.51 9158.64 32337.36 22502.13 13097.38 20458.01
21432.14 7875.37 29494.98 12323.54 6912.08 19297.45 26960.98
10720.21 19142.61 191 10721.75 9201.63 7768.27 12738.97
6908.78 6341.53 16471.67 5158.16 16458.55 2713.54 6939.08
5311.14 10138.07 12475.5 7035.55 13940.25 4906.49 9558.4
8301.25 12116.32 14813.93 8779.39 14254.07 10407.63 689.68
13284.57 2951.98 10803.9 3842.42 10170.56 3890.53 2808.97
17796.4 12691.85 10001.08 14705.86 3745.57 15006.23 13384.21
11235.38 6590.87 6806.3 12640.68 17472.19 9367.71 11574.68
6542.81 2421.12 12880.54 11772.01 1378.78 18841.66 6306.55
9031.38 11357.83 10061.97 12035.79 6124.82 3200.05 18530.48
15911.84 7696.12 14565.27 8261.96 10131.8 14399.27 7075.97
20161.62 12482.7 3394.34 15872.86 11226.87 4333.04 17518.95
7783.47 11571.44 11670.45 15169.53 8300.69 6961.97 214
20575.54 6612.53 20508.18 28490.19 13861.83 11924.2 17369.01
13365.64 10201.94 15113.52 20802.2 20888.64 21033.89 12565.54
9246.04 2878.28 12174.74 13003.44 16783.84 26866.56 20613.69
9144.36 25531.64 19799.83 15157.64 10311.56 17186.71 10950.3
13048.58 24906.68 19215.14 18538.84 26564.89 22769.1 5952.73
11746.49 19056.91 3149.02 18327.51 7359.28 10745.72 15945.45
28228.8 16152.91 8915.87 24780.42 12793.73 17828.36 4839.56
7857.47 15429.34 10530.81 10371.69 24146.8 24463.08 9660.33
10930.73 9727.23 16432.31 14408.06 26946.16 8273.26 29356.36
7561.83 23081.82 22738.37 20223.19 30299.69 14518.79 12864.44
5939.24 26497.33 15044.39 24494.68 22534.16 9637.17 9526.16
21696.52 22114.13 19810.14 54 8732.83 22368.05 7815.75
8864.35 14529.26 21058.57 18140.39 19829.19 23760.07 13819.8
16935.43 10128.4 7754.77 18417.34 21184.2 25703.62 16310.56
16198.54 21877.21 3838.72 12803.42 19238.05 4993.69 22677.34
15043.89 27988.78 12050.32 18587.01 18549.37 5041.25 10942.28
13477.69 9342.7 7449.9 23417.25 29423.42 14356.44 28522.09
13813.91 25602.01 21198.65 12425.32 13472.26 20398.5 19573.87
19513.71 21224.34 14489.44 23969.43 21411.17 15953.69 26203.85
20756.8 6515.02 3841.34 19228.13 26754.41 19271.64 12452.87
33220.86 5351.04 20340.95 17587.84 21603.74 5219.29 9578.87
17895.97 8467.18 16753.67 16161.39 25711.94 5812.92 18657.6
11709.94 15505.66 26245.49 20180.62 11936.53 17348.29 8562.65
414 17877.41 4511.0 17847.92 26083.58 11166.73 10395.79
15101.37 11689.32 8555.11 12595.29 18960.65 18456.19 18334.89
10105.5 7422.48 819.53 9596.9 10338.49 15534.14 24270.68
18044.86 6445.67 22832.32 18617.82 12838.99 10451.5 14676.09
8357.44 11103.38 22320.77 16758.17 16288.13 23925.58 20075.04
4212.51 12117.85 16919.35 4443.66 15757.22 6875.6 9144.28
13254.25 26072.48 14101.24 6218.45 23146.65 11354.24 15648.03
2377.05 5332.25 13271.29 9476.68 8607.68 21607.75 21788.36
7003.01 10720.52 7384.01 13885.67 15306.14 24250.41 5835.53
27450.58 5449.46 20409.22 20084.42 18477.62 27631.65 12006.44
10413.65 4724.7 23966.17 13267.29 21919.96 20568.04 9342.47
7014.33 19107.1 20314.79 17161.7 116 7792.7 21904.36
7347.63 9829.43 13871.28 20915.82 17043.06 19747.65 22839.35
13491.98 17305.36 10293.71 6905.76 17510.47 20865.47 25062.55
15837.3 15396.65 22023.85 4610.86 11664.75 18597.52 3807.45
22980.14 14875.95 27811.22 11829.9 17783.43 18399.5 5436.68
10929.38 13578.4 8167.78 6358.65 22970.43 29291.96 14546.2
28046.31 12749.29 25293.35 20984.57 11771.82 14345.9 19319.54
18906.97 20108.5 21138.58 14569.91 23292.38 20667.21 15879.79
25261.13 20500.89 6908.57 3341.58 18497.48 26610.81 18856.4
12145.28 33131.2 4180.06 19855.43 18450.7 21170.23 4711.94
8415.49 18232.72 7534.39 15797.73 15803.52 24922.54 6580.01
18659.86 10511.41 15988.04 26044.58 19386.25 10775.07 17804.3
8136.4 378 14963.24 17839.0 10991.08 6142.5 14775.45
13195.02 23534.17 11604.15 25090.34 10814.28 4925.98 5782.37
13794.17 20570.88 15235.84 22768.24 13683.09 17547.96 11000.56
9461.96 20184.29 17629.06 15812.44 10501.55 9606.07 19428.03
9174.41 19258.56 11435.6 8540.06 7133.48 6117.89 20518.87
15920.66 18478.95 20276.77 5366.46 23153.99 19580.18 18718.64
14077.88 13659.8 3814.25 25037.18 18206.66 6233.83 12720.92
6638.82 21788.33 20613.99 9012.08 27546.09 14203.79 7159.22
11954.6 18769.05 17989.03 14941.8 10137.19 23423.89 17191.76
16545.24 6054.25 16884.65 11577.99 18355.53 5988.43 21257.74
20043.97 12287.71 24782.37 7538.34 9859.37 21533.89 2829.16
18122.58 20337.09 20042.66 4605.11 10672.41 304 14679.07
3134.88 14642.1 23163.43 7940.56 9041.98 12807.34 10030.04
7702.83 9592.7 16846.21 15532.97 15113.83 7563.46 5900.05
3335.4 6531.72 7270.06 14312.02 21127.41 15149.96 3225.67
19625.59 17396.0 10142.9 11243.49 11667.96 5540.87 9059.1
19191.02 13811.65 13638.71 20870.28 16892.19 3716.14 13052.02
14423.19 6994.41 12874.28 7387.37 7786.13 10027.7 23470.49
12211.51 3049.97 21251.69 10064.83 13109.86 2072.12 3007.8
10814.62 9410.06 7041.94 18535.05 18569.41 4018.92 11090.75
4864.52 10831.23 16669.31 21059.92 3259.38 25162.79 3739.0
17192.05 17004.55 16503.02 24511.39 9294.82 7552.95 5328.92
20898.3 11385.92 18996.66 18261.66 9738.21 4513.29 16165.77
18237.19 13968.14 397 3601.51 14556.34 376.84 10918.71
6736.62 14025.06 12793.52 13054.86 16674.4 6308.52 12774.37
5743.8 2513.54 11390.24 13623.05 17856.16 8489.4 8756.75
16108.91 7043.87 8837.95 11400.06 6291.85 17752.04 8065.13
20773.9 5020.06 11096.21 11535.68 5394.84 5192.08 7993.43
10045.42 4969.49 15624.47 22346.71 9304.93 20698.56 8514.09
18047.47 13923.43 4655.01 13719.03 14675.32 11762.92 16740.26
14403.57 8776.8 16158.1 13721.62 9343.34 19196.39 13361.13
5542.79 4041.18 11526.62 19656.08 11525.96 5047.55 26262.93
7949.86 12507.9 17246.77 13828.77 2655.38 7152.74 13440.0
12190.62 10115.96 8539.89 18103.49 7574.79 12286.68 10385.6
12271.22 18970.39 12635.3 8681.11 13737.83 1016.13 148
24279.57 11954.73 21713.31 24006.12 18439.04 8095.27 26929.52
8845.73 22668.76 15825.44 13131.62 18361.67 23907.57 21713.28
10069.38 15536.62 15198.43 19919.97 7061.33 25341.56 27347.75
16224.42 28189.01 8373.5 13833.33 4513.95 16888.39 19475.52
10436.7 23554.42 17510.6 14980.64 31431.71 26414.63 11305.94
3601.05 14306.09 11791.5 25397.18 7858.71 8691.69 19552.34
21316.28 26866.54 16615.13 14730.38 7528.35 13956.04 16313.24
17916.23 12614.6 24066.17 9524.03 22191.64 25269.9 17915.38
4001.18 12609.67 16908.76 5422.43 29846.99 13131.74 20350.6
11693.4 24078.76 27776.53 12080.32 34065.62 22867.0 14124.6
19395.37 23967.28 9778.9 30661.69 15263.65 5385.34 19114.38
28009.02 13751.73 20898.46 373 16631.11 15099.8 12811.55
10766.84 14392.0 9629.28 23846.74 8100.11 23865.16 10139.32
655.24 7581.07 15660.81 20023.44 12224.61 20206.3 12361.51
17090.53 6471.62 13371.87 21473.4 16043.73 18650.62 5903.61
8146.1 15212.79 9270.31 18324.13 8515.93 12024.9 8017.29
5509.55 23049.31 18086.22 15524.79 15894.79 4120.4 19749.17
20397.36 15050.47 10720.17 13913.29 7882.0 24974.44 16639.64
4028.29 8937.14 5238.65 19564.23 18994.5 6920.55 26174.06
11071.62 10546.04 14939.33 17475.2 13766.98 12651.36 10057.38
18877.37 20187.02 14243.12 7943.83 14173.6 14204.06 20289.59
1432.48 24429.96 19956.98 10745.52 22788.08 11608.28 6393.57
23523.26 1820.21 14083.82 19093.85 21584.64 757.76 12236.51
255 19217.71 9977.1 20364.76 29847.31 13524.73 16053.69
13232.53 17193.0 5206.08 16353.75 24121.76 22302.9 20017.56
9694.89 12945.91 5142.77 13299.57 11537.67 21289.32 27144.35
17673.05 9368.93 24075.08 24385.6 17266.14 16241.52 18352.95
9149.34 16320.72 25310.65 20570.03 20753.81 23968.33 21143.88
9992.74 17813.12 21622.28 9377.09 15522.73 12800.66 14783.47
15541.05 30558.8 11454.62 8838.08 28513.72 17051.85 20297.32
5219.59 6548.0 18050.56 4525.6 14131.2 24891.46 23969.95
8710.25 16622.32 12132.8 17431.43 20656.95 25244.59 10534.07
32407.04 10801.21 22667.66 20425.98 23771.01 27945.23 11673.69
14588.42 2128.76 27232.94 18625.87 21439.62 25512.36 15253.83
7563.21 18849.65 25512.77 19836.25 357 8373.99 15931.09
11929.49 22357.75 9311.37 19472.75 1830.83 19419.92 9654.22
13316.81 22697.74 16808.1 9656.5 6107.35 17194.65 15732.97
12367.51 7338.18 23736.7 17737.66 3750.67 11260.65 11665.91
26281.05 15618.06 24307.87 13971.19 8164.82 17735.64 16580.31
15591.43 17730.58 9748.64 9027.16 16926.47 26136.7 19111.89
20515.06 3051.37 20563.63 18627.15 9322.06 25249.66 4196.33
11021.67 27183.21 20328.03 18054.75 13814.57 10875.72 17150.72
11482.25 17766.97 17043.21 13572.41 9772.17 23767.3 14644.66
13178.47 29980.81 12218.65 14273.28 28608.42 15849.71 12793.68
7080.33 23023.52 13782.84 4454.83 13824.71 13414.39 18823.78
19676.39 6883.79 22865.86 22573.43 9210.96 4836.7 23937.07
12032.51 451 8605.61 23706.58 9477.74 12836.62 15317.87
23337.27 16655.16 22270.41 23262.49 15680.65 20324.49 13190.53
8130.03 18067.1 22978.89 26394.32 17692.9 16377.08 24829.03
7722.46 11114.47 20001.55 3648.76 25935.27 17312.69 30139.01
14232.48 18710.51 20828.44 8532.02 13633.17 16379.51 6151.32
6567.01 24801.12 31691.04 17429.93 29775.9 12680.47 27394.81
23287.54 13290.63 17429.09 19010.24 20233.91 23230.96 23646.37
17340.55 24538.73 21743.24 18444.23 25567.74 22734.05 9989.18
5810.42 19644.91 29000.48 20795.34 14396.81 35585.62 2641.77
21628.85 21541.63 23046.07 6984.14 7801.35 21225.82 4504.18
16186.53 17897.8 25806.64 9699.57 21306.15 8976.83 19073.9
28340.1 20318.24 10040.2 20874.29 10303.03 128 9448.62
10535.21 11549.72 21972.92 5941.02 14766.73 4784.67 15011.27
5598.97 10148.13 19649.7 15150.03 10440.19 542.58 12153.87
10234.76 8166.06 3175.17 19500.08 18271.21 7679.91 5974.18
14119.6 22299.14 12148.36 18968.4 11516.53 2732.12 13429.13
16663.65 13586.2 15008.72 13908.47 11176.23 11480.02 20800.91
16277.13 14953.25 5455.23 15165.31 13770.68 7185.38 23899.5
4901.17 5633.91 24281.36 15707.35 15037.86 8293.45 5320.44
13549.01 8040.77 12895.69 16640.25 14585.45 4338.17 18539.34
9736.98 10565.45 24580.39 15199.19 9064.88 26704.67 10568.65
13415.5 10322.51 19748.58 17856.27 1570.56 9798.34 8383.24
18813.61 15622.51 11535.82 20292.07 17287.49 3648.16 8829.96
21001.41 11264.22 163 16984.05 9763.86 18400.09 28198.09
11676.89 15756.0 10740.08 16716.03 2743.28 14903.18 23257.62
20765.39 17846.69 7337.26 12613.29 5771.39 11942.19 9449.09
21026.31 25210.62 15211.36 7999.31 21781.21 24109.73 16091.5
17001.25 16817.92 7094.52 15636.55 23428.6 19045.68 19523.63
21517.64 18840.79 10056.05 18685.89 20504.0 10669.42 13087.12
13321.92 14498.2 13606.15 29227.8 9011.96 7418.21 27767.78
16778.31 19171.86 4938.3 5010.5 17044.2 2907.28 13755.01
23110.05 21874.79 6980.74 17178.04 11329.78 15866.91 21831.09
22903.24 9816.73 31332.04 10447.97 20604.53 18021.07 23010.29
25508.82 9275.63 13379.5 1874.88 25423.58 17995.16 18958.76
24486.79 15793.2 5598.53 16391.85 24660.15 17925.69 369
15090.08 3180.51 13426.71 19518.66 8644.51 2969.02 16916.4
4069.2 13563.83 7232.38 11362.74 12148.52 15006.97 11755.55
220.89 8283.27 5488.46 9892.43 8238.31 18804.67 17495.74
6303.28 19567.12 11323.94 6294.26 7529.48 9025.82 9530.13
3591.37 16830.05 10642.84 9352.15 22119.11 17340.89 3523.79
9270.35 9688.67 8221.68 15457.15 4570.05 1726.44 10104.85
18831.45 16987.47 6762.47 15511.34 3993.31 8531.82 7984.46
8501.5 6151.39 15450.77 988.21 15794.81 17385.74 8031.75
6691.83 2589.1 8585.69 13239.33 21183.15 3283.17 19899.88
2354.16 16037.71 18311.24 10845.4 25185.97 12834.91 4958.7
11337.15 18040.83 5634.94 20990.4 13067.27 5696.2 9394.88
18247.87 12699.41 12613.79 253 12081.7 5629.5 12662.06
22045.57 5778.58 10645.31 9760.76 11260.36 6047.6 8652.49
17220.12 14545.63 12676.98 4474.87 7698.19 5785.82 5699.18
4378.74 15757.06 19388.1 12084.4 1823.79 17047.31 18749.36
9896.23 14053.92 10592.28 2422.99 9922.76 17526.57 12818.91
13291.96 17934.96 14218.32 6510.22 15882.89 14313.71 10084.97
9800.31 10218.36 9496.43 7854.42 22974.15 9377.3 1228.71
21801.85 11653.02 12983.96 3868.06 1274.97 10950.35 8308.23
8644.32 17075.85 16417.61 1043.01 13727.25 5683.18 9652.69
19610.79 18401.43 4525.65 25134.58 5823.0 15073.98 14103.06
17067.51 21668.28 6172.82 7189.14 5694.29 19420.96 12279.99
15949.37 18330.04 12429.36 1604.33 13127.96 18622.41 12087.26
427 19892.96 8257.28 20486.33 29355.15 13614.68 14186.95
15166.15 15473.66 7428.33 15775.69 22696.45 21728.47 20542.0
10917.32 11200.72 3140.99 12700.26 12113.75 19308.35 27131.93
19080.23 9020.46 24842.79 22385.43 16310.84 13584.98 17843.08
9799.35 14831.65 25226.84 20003.76 19798.35 25265.62 21965.26
8002.57 15090.94 20517.41 6552.01 16838.49 10335.43 12935.6
15709.88 29623.6 13643.98 8602.4 26924.2 15142.48 19221.83
4262.02 6753.1 16877.46 7304.04 12389.22 24647.53 24289.64
8902.11 14078.81 10918.3 16983.35 17819.17 26134.45 9313.91
31148.37 9174.16 22939.2 21563.13 22239.72 29152.87 12938.92
13751.79 3183.97 27010.43 17032.95 22933.7 24251.76 12736.41
8207.38 20224.19 24060.65 19872.68 497 5853.96 14189.47
9167.43 19683.42 6757.41 17121.16 4002.34 16936.19 10063.89
10583.85 19882.34 13959.63 7094.77 5277.56 15078.87 14842.84
9939.41 5296.42 21156.2 15246.24 2899.54 9527.54 9844.54
23613.88 12910.27 22390.75 11139.88 6815.97 15233.1 13963.53
12736.23 14901.61 9111.36 6979.36 15247.04 24202.5 16287.37
19305.74 661.16 18759.24 16368.66 6521.08 22443.62 6082.63
9416.96 24346.76 17925.45 15253.75 12881.94 9863.68 14453.6
12280.62 15529.66 14332.4 11172.86 8299.07 21732.44 12490.65
10368.12 28113.57 10710.55 12357.05 25764.93 13969.05 10261.52
5643.36 20233.98 13083.7 3256.4 11293.87 13185.73 16205.46
17069.31 6779.86 20016.85 20608.14 8197.66 4029.31 21108.37
9222.22 16 2841.41 12925.47 5101.95 15684.5 4374.74
14442.01 8081.87 13951.31 12343.7 7086.09 15955.26 9796.58
3677.96 6994.92 13001.02 15010.93 7460.67 4941.45 17862.3
11581.63 5137.22 8741.08 7791.38 20084.63 9418.68 20470.72
7211.36 7295.13 12249.7 10098.22 8628.01 10947.45 9232.13
4964.21 14037.59 22212.35 12343.24 18737.97 4012.78 17156.25
13923.97 3005.75 18286.13 9909.68 8898.84 20330.66 15107.54
11406.73 13126.3 10305.92 10957.32 14813.58 13164.77 10306.49
7809.63 8220.0 19599.9 10482.19 6558.32 26183.08 9145.58
10877.29 21596.76 12444.45 6659.69 5377.45 16390.7 12630.31
5463.28 8411.06 14427.4 12312.61 13771.34 8128.79 15949.66
18639.31 8905.7 5552.19 17128.91 5074.32 367 7664.33
18982.29 11631.4 21328.32 11330.19 21747.6 5619.45 21443.55
13556.46 14753.71 23560.25 16944.78 8878.29 9657.47 19832.56
19359.66 14565.4 10092.39 25506.8 16281.3 2569.63 14312.64
9281.07 27785.24 17096.95 27177.23 14872.73 11480.76 19732.55
15510.36 16054.64 18560.32 6235.49 7275.09 20035.19 28985.29
19954.19 23982.81 4367.64 23555.15 21057.84 10616.93 24799.53
7876.04 14179.82 27814.8 22506.68 19078.54 17412.41 14414.61
18641.71 15352.88 20233.35 16284.79 12077.28 13021.45 26496.39
17241.13 14258.47 32903.46 9388.08 17151.19 28468.41 18764.0
11665.46 4788.53 24047.18 10173.19 7748.42 15803.88 17254.24
17687.82 21407.05 3207.31 23371.73 25388.54 12732.48 2616.92
24677.72 11993.85 296 9467.64 24334.8 12602.26 19322.69
15850.6 25672.02 12910.85 24961.99 20688.09 17934.8 24925.1
17654.13 9972.62 16226.63 24464.5 25712.16 18911.77 15699.43
28365.26 13994.7 8064.59 19914.76 6734.08 30063.34 20066.89
31929.02 17189.19 17636.92 23318.84 14150.73 17463.17 20291.66
2315.64 7415.12 25441.53 33651.32 21569.85 29932.45 10312.28
28635.05 25281.1 14310.43 23650.85 15194.02 19944.38 28508.1
26227.21 21090.73 23753.51 20744.7 21481.06 22610.9 24560.99
15417.27 10594.91 18987.17 31013.63 21961.81 16954.2 37623.7
5504.51 22316.48 27692.25 23902.11 11068.35 6105.26 25667.52
3288.37 14206.4 19694.72 24109.28 15864.34 24432.39 4272.89
24106.94 30095.24 19103.53 6922.51 25749.64 13317.59 314
21520.38 7067.55 19753.83 24577.53 14968.5 6339.34 22386.69
7838.77 17293.53 13541.5 14669.04 17748.5 21433.76 17086.17
6346.58 9879.99 11893.85 15817.21 9191.33 24679.18 23680.27
11713.25 25979.67 11807.53 12177.75 1419.04 15158.36 14880.23
8742.93 22740.85 16458.21 14549.32 28523.89 23773.34 6166.64
3222.12 14400.2 6116.26 21548.52 2452.86 6006.45 16524.85
22917.42 22005.54 11980.38 17681.21 6565.85 13565.02 10848.24
12833.12 11495.64 18505.32 6488.17 21566.7 23654.7 13266.31
1950.66 8837.38 14851.1 7012.6 27602.73 8752.35 22952.03
7145.44 22332.79 24694.15 13793.58 31618.75 18519.13 11353.9
13779.4 23674.88 9481.42 27284.88 16743.32 1120.95 14223.86
24502.61 15717.14 18932.29 494 22237.37 6906.85 20963.94
26765.48 15436.81 8523.6 21765.75 10107.72 15817.5 14814.69
17302.13 19629.34 22320.83 16510.5 7452.91 8045.41 12651.57
15762.34 12074.81 26395.15 23749.07 11496.53 26925.87 14773.45
13841.41 3933.3 16637.59 14414.44 10655.23 24425.31 18197.06
16603.18 29023.45 24512.6 5808.66 5188.81 16641.55 3443.07
21526.26 3099.03 7828.26 17225.56 25439.25 21078.54 11620.4
20542.47 8994.26 15672.38 9426.65 11906.92 13431.9 16690.58
8026.94 23353.16 24951.84 12819.32 4925.67 9529.76 16179.72
8033.12 28504.59 8926.43 25710.8 7368.9 23590.9 25143.88
16484.88 32354.68 18162.73 12489.86 11929.69 25558.18 11839.91
27497.61 19320.53 3976.92 13470.75 24671.2 18423.41 20161.74
32 18508.62 23187.76 14718.95 5354.78 19624.25 18426.77
27789.61 16839.14 30105.15 15899.83 9655.46 10269.01 17240.44
25359.45 20572.22 28104.45 18868.58 22356.04 15600.98 10612.55
23808.98 22825.7 18029.81 14341.61 14895.04 24372.65 14081.32
24231.09 16765.64 10694.72 11893.02 11398.16 22864.36 18927.61
23824.17 25054.2 10715.1 28457.32 23592.64 23946.31 19363.13
18249.81 1569.83 29496.99 23392.86 8397.52 17879.35 11978.28
27087.12 25792.06 14359.14 32595.87 19524.69 9785.22 14327.0
23872.0 22926.56 20274.26 15053.07 27913.81 19097.15 21872.71
3765.54 22233.39 14444.76 21465.37 10600.28 22678.12 24612.29
17542.99 30026.91 8751.22 15083.62 24452.49 7565.33 23187.08
25405.2 23452.66 8774.6 14636.21 368 19246.54 18086.57
15325.01 11014.65 17486.79 12386.73 26872.28 10936.94 27023.58
13237.92 3800.8 9953.11 18192.21 23155.28 15162.84 23204.65
15519.56 20205.92 8333.43 14685.34 24248.53 19196.99 20750.7
6546.09 11296.61 17290.64 12222.84 21477.7 11546.46 13668.52
10726.56 8481.23 25334.63 20515.35 18441.58 17709.19 7134.31
22429.57 23299.52 17630.53 13552.03 16898.89 7002.24 28062.92
19792.81 1065.03 11585.98 8337.51 22638.12 22141.16 10078.56
29326.68 13987.07 12236.73 16929.27 20634.56 15866.14 15752.27
13060.73 20265.17 22203.36 17331.2 5534.58 17176.62 16381.09
22829.79 4104.14 26348.43 23035.8 13904.99 25888.15 12766.36
9313.3 26057.09 3413.54 16382.71 22253.25 24277.67 2401.77
14835.13 44 18444.68 10882.63 15310.37 16660.8 13836.46
4805.31 23274.33 3965.85 21177.52 10185.57 5893.42 11281.18
17827.68 18550.68 7943.51 15855.12 10852.18 16044.71 595.29
18150.5 22372.9 13498.78 21756.82 3566.42 7870.63 8948.22
10611.22 16466.82 5494.98 16439.68 10696.62 7958.93 25497.9
20385.42 10926.16 9568.26 7086.88 14271.3 20752.27 9406.87
6075.0 14301.02 14203.64 23823.68 14048.68 8619.32 3800.4
6981.67 15736.39 16087.67 6366.18 23169.97 6789.5 15029.49
18514.13 15190.6 7509.82 9536.3 10919.07 12662.68 23402.48
10836.52 13877.77 10112.75 17436.85 22120.65 4894.68 27691.82
19127.14 9323.53 19091.67 16690.44 3505.89 25224.42 8039.22
7996.55 16720.63 22810.92 6740.79 14540.06 122 20838.87
11443.73 17845.99 19206.21 15797.1 5755.86 25012.96 5618.83
22151.11 12447.98 8293.77 13943.81 20287.68 20076.92 8734.57
16080.1 12662.9 17785.07 2267.66 20817.3 24529.89 14778.49
24316.34 3971.93 10204.87 7356.58 13085.18 17909.24 7322.36
19106.82 13313.49 10608.15 27941.98 22840.91 11224.56 7555.75
9754.76 13663.3 22796.06 8868.6 6888.14 16486.41 16483.15
25361.38 15283.59 10162.94 4785.55 9618.12 16285.1 17099.81
8771.83 23956.6 7736.94 17697.43 21136.26 16508.3 6024.26
10811.94 13307.06 10248.28 25967.55 11866.57 15700.51 10830.16
20034.46 24478.9 7239.03 30247.07 20858.22 11263.24 19610.6
19344.92 5819.77 27530.93 10422.15 6906.53 17948.33 25037.94
8921.8 17061.04 37 24410.79 11346.78 22036.57 24905.56
18337.01 8210.39 26524.7 9182.7 21902.68 16014.98 14137.83
18976.12 24112.54 21262.65 9769.11 14581.07 15111.12 19637.93
8055.23 25988.9 27232.35 15785.46 28480.75 9654.42 14149.5
3351.89 17227.74 19026.99 10665.92 24159.31 18017.22 15599.34
31548.41 26586.85 10599.63 2181.1 15031.26 10594.16 25219.47
6998.4 8606.15 19582.65 22396.09 26340.7 16136.82 15995.91
7806.5 14569.2 15487.38 17275.48 13036.61 23189.07 9385.19
22831.01 25696.82 17439.91 3237.86 12353.95 17167.68 4403.66
30135.51 12704.66 21590.01 11192.83 24468.13 27833.29 13106.52
34313.41 22518.23 14165.41 18475.1 24688.73 10320.25 30642.79
16281.86 4577.73 18555.49 27944.12 14845.38 21214.64 62
16491.8 19282.14 12530.74 6264.34 16435.65 14404.7 25173.94
12818.51 26732.34 12456.29 5676.4 7405.64 15299.5 22231.61
16608.43 24259.39 15295.78 19208.68 11708.38 10354.61 21741.38
19232.87 17072.54 10774.55 11175.24 20387.03 10835.03 20908.43
12797.05 9683.03 8791.29 7708.68 21834.01 17352.58 19879.98
21122.22 6848.07 24454.22 21190.37 19922.1 15355.53 15316.2
2647.84 26692.09 19813.68 5623.72 13853.27 8155.35 23329.86
22221.75 10489.23 29181.58 15541.12 8388.85 13214.21 20398.72
18941.51 16448.61 11796.93 24101.08 18388.74 18058.33 4407.24
18329.06 12947.74 19818.24 6664.27 22362.29 21702.39 13872.46
26359.17 8380.88 11062.44 22970.58 3554.64 19173.13 21972.67
21564.55 4950.25 12250.15 453 18638.07 3216.9 17751.52
24651.91 11772.88 7332.59 17807.54 8828.72 12165.62 11811.76
16304.5 17191.66 18833.03 12545.72 4958.48 4746.92 9263.9
11866.78 12128.97 23630.12 19853.91 7592.92 23440.94 15152.89
11330.32 6578.86 13791.15 10451.58 8732.33 21648.71 15611.45
14511.18 25269.04 20909.0 2126.2 8305.64 14855.65 3085.51
17614.04 2954.7 6209.79 13676.38 23979.42 17176.25 7680.79
20169.81 8165.01 13703.24 5708.75 7977.35 11318.07 13334.74
5966.35 20716.57 21766.77 8861.19 6792.94 6274.21 13186.65
11739.05 24979.31 5297.47 24869.65 3933.03 20385.93 21382.42
15672.1 28709.33 14203.04 9453.61 8619.59 23013.41 10549.35
23635.39 18120.4 5415.69 9515.68 20802.75 17584.32 16979.86
226 23104.73 7740.29 21854.99 27618.94 16292.27 9354.98
22458.64 10933.08 16325.69 15707.74 18063.58 20507.82 23198.88
17225.43 8345.99 8508.02 13531.1 16560.91 12725.66 27283.75
24549.68 12289.24 27805.28 15349.19 14727.76 4237.45 17530.05
15156.18 11522.29 25314.65 19082.62 17465.73 29868.45 25380.15
6634.64 5217.33 17482.21 3627.53 22317.68 3979.9 8693.93
18096.01 26234.81 21709.28 12392.01 21210.8 9788.63 16528.53
9997.65 12574.86 14301.56 17086.63 8910.51 24238.24 25843.96
13571.18 5398.1 10412.02 17072.93 7655.93 29381.01 9776.66
26432.26 8232.49 24482.5 25986.56 17227.25 33218.61 18910.74
13382.02 12341.7 26438.57 12655.42 28312.61 20099.08 4609.48
14164.69 25483.39 19162.03 21053.34 141 20535.59 14749.92
22552.73 32715.76 16147.38 20786.71 12351.03 21776.29 5633.85
19707.54 28292.79 25446.32 21559.68 10932.58 17643.47 10272.35
16839.15 13621.25 26057.7 29336.73 17657.47 12949.02 25024.51
29146.93 21045.09 21466.03 21535.38 11459.55 20702.83 27659.5
23752.01 24432.58 23885.59 22106.84 14941.31 23047.56 25462.8
14586.48 15855.79 17965.91 19523.26 17902.67 34036.52 10076.24
12356.77 32820.79 21805.7 24132.47 9880.41 9964.81 22055.44
3103.57 18796.81 27494.55 25708.31 11734.18 21807.77 16393.4
20568.76 25858.31 25927.85 14883.85 36284.12 15474.32 24528.82
20815.81 28064.55 27926.38 12515.55 18335.68 6544.04 29749.28
23062.21 21035.49 29471.93 20431.79 10193.2 18833.02 29696.12
22177.73 37 21582.53 9267.19 19162.48 22290.47 15637.12
5368.35 24120.79 6307.64 20061.71 13162.28 11725.45 16156.61
21259.9 18918.95 7254.89 13197.3 12398.02 17098.44 5771.92
23176.4 24545.94 13432.62 25611.19 8019.48 11274.31 3310.11
14352.07 16682.59 7798.29 21329.37 15160.01 12789.16 28728.22
23744.82 8708.16 3725.8 12290.14 10021.7 22582.59 5542.05
5882.19 16798.4 20045.69 24095.15 13836.75 14146.54 4930.61
11759.28 13794.93 15222.16 10166.91 21572.32 6706.67 20017.93
22822.88 15133.7 2039.44 9788.3 14300.14 7152.65 27266.66
10342.27 19605.74 8940.95 21592.31 25039.25 10741.12 31452.65
20050.19 11370.5 16976.11 21919.87 7494.14 27891.53 13866.74
3187.81 16367.8 25221.73 12579.72 18341.01 54 11980.47
3926.4 10720.26 18143.35 5402.07 5442.95 13911.75 5752.78
11648.24 4812.91 11769.29 10526.33 12002.07 8920.59 3283.67
8343.19 2337.11 6755.67 10273.09 16651.5 14248.16 3818.39
16602.79 13202.92 4926.04 10747.85 6855.34 6775.71 4324.56
14673.87 8848.28 8414.36 18937.27 14248.55 4935.15 12508.47
9192.87 10065.04 12225.73 7491.1 4535.46 6963.95 18243.88
14206.66 4392.65 16288.45 6374.01 7876.31 7298.63 6630.35
5608.86 13835.93 3678.16 13826.2 14733.14 5480.51 9941.27
796.36 6174.93 16472.45 18189.36 2113.03 19964.66 3113.89
13356.0 15106.16 11534.58 22103.03 9776.63 2501.56 10402.99
16162.72 6675.99 17747.35 13073.55 8920.69 7036.59 14999.3
13171.31 9940.27 78 4063.43 13503.55 7124.6 17672.23
5382.53 15784.36 6021.09 15454.49 11128.23 8830.01 17957.86
11907.1 5224.53 5905.06 14012.49 14869.13 8622.72 4769.63
19541.09 13356.23 3526.66 8994.19 8564.27 21889.0 11174.85
21441.08 9201.31 6830.58 13743.46 11995.0 10715.3 12958.74
8841.71 5621.48 14598.23 23225.02 14351.08 19001.22 1930.63
17946.05 15138.27 4695.28 20381.47 7965.86 9012.86 22379.02
16526.9 13362.55 12924.28 9955.67 12723.24 13501.58 14331.24
12308.06 9378.83 8081.97 20677.45 11429.95 8478.49 27175.73
9664.89 11544.51 23707.95 13155.35 8372.52 5014.92 18351.35
12602.65 4044.24 9817.43 13740.4 14230.47 15441.07 7096.14
18020.7 19627.61 8385.01 4288.26 19158.25 7160.7 86
11301.43 10368.18 8006.88 11714.16 8124.57 6836.52 17627.35
5448.7 17816.12 3873.73 5680.73 4587.14 10586.25 13768.97
8014.51 15199.97 6266.14 10822.12 7852.43 11579.6 15677.15
10139.85 14452.98 9633.65 2040.34 13761.6 3432.45 12140.15
4477.54 9690.65 3513.11 1560.19 18253.63 13140.23 11108.36
15071.47 2383.82 16026.13 14373.23 12034.29 7305.62 7800.98
11349.08 18706.64 10728.77 10297.54 6837.36 1066.16 14192.85
13132.25 1696.84 20203.02 7159.52 8435.14 11301.25 11421.27
12446.17 7369.1 3994.23 18798.77 16100.92 8962.48 13204.07
9418.48 10167.08 15011.75 5921.05 20387.31 13694.93 4752.5
17215.0 10507.11 4219.15 18186.09 6427.11 12122.32 13028.1
15952.0 7015.09 7245.28 412 12010.94 4312.19 12055.67
20966.13 5283.06 8976.57 11029.86 9575.86 7707.65 7421.43
15638.47 13382.9 12445.02 5743.51 6078.6 5915.28 4361.1
4753.81 14073.16 18638.18 12731.41 555.66 16954.86 17065.17
8426.19 12727.51 9444.24 3516.01 8250.29 16726.8 11649.17
11878.54 18292.79 14230.37 5314.54 14559.96 12835.22 9513.26
10486.81 8947.76 7844.82 7379.44 21643.84 10865.81 614.07
20196.87 9980.08 11503.07 4248.14 2706.61 9391.1 9904.94
6985.73 16156.81 15947.43 1916.9 12298.48 3998.62 8545.59
18368.24 18393.86 2906.16 23662.93 4330.33 14575.68 14414.3
15451.58 21883.73 7169.52 5716.59 6821.81 18518.06 10611.87
16533.03 16819.32 11040.33 3227.27 13698.12 17041.93 11409.16
394 19762.08 12682.17 16447.52 16680.42 15481.44 6614.12
24978.46 5781.03 23004.37 11680.44 5705.85 12036.68 19067.85
20318.97 9756.8 17617.78 12570.27 17763.47 1352.35 18690.04
23880.07 15312.47 22818.72 1747.38 9337.89 9986.67 11885.64
18254.43 7258.56 17085.75 11686.78 8863.1 26733.61 21621.15
12687.45 10315.91 7784.43 15808.53 22331.73 10938.87 7880.63
15819.44 13756.42 25582.39 15865.64 7430.38 5599.08 7969.06
17543.59 17914.65 7796.51 24996.44 8610.21 15635.73 19428.54
16997.88 8594.57 11356.97 12293.24 12989.25 24447.78 12664.24
12928.41 11926.13 18428.8 23463.21 4633.18 28746.65 20841.15
11006.71 20899.23 17103.69 5119.27 26608.61 7785.45 9289.64
18535.44 24266.97 6193.35 15707.72 485 19203.94 15348.48
15496.48 13546.58 16205.56 9393.83 25784.77 8099.68 24969.92
12024.71 3130.58 10416.75 18307.28 21594.1 12374.88 20441.51
13759.89 18780.24 4871.69 16352.88 23851.97 17113.0 21505.38
3174.47 9792.96 13809.23 11547.32 19720.08 9064.75 14997.49
10630.22 7901.97 25809.05 20785.42 15567.36 14189.02 6534.39
19233.28 22605.84 14383.49 10627.43 16034.67 10132.89 26714.8
17700.03 3621.97 8495.31 7344.02 20078.81 19950.05 8336.16
27150.31 11182.93 13517.99 17842.8 18681.49 12395.46 13381.8
12214.95 16775.83 23065.19 14882.39 9055.1 14487.03 17050.64
22900.06 2387.95 27327.78 21766.07 12112.33 23399.62 14578.58
6701.95 26124.0 4665.27 12979.37 20286.4 24053.27 2809.2
14866.14 380 7335.55 9532.21 5176.0 13250.0 3775.16
8936.96 13057.78 8161.98 14172.34 1136.5 10233.11 5764.25
6965.33 9572.52 8383.95 13414.37 3587.7 6551.82 11839.11
11107.81 11186.84 7259.96 11405.42 14036.51 3380.75 15562.8
1853.0 8298.19 6525.58 9145.89 4059.56 5358.96 14484.9
9453.49 10557.14 17169.98 6695.61 15683.35 9776.32 12811.36
8724.5 3194.54 14383.37 14260.13 7764.96 14788.08 9434.93
5572.56 11947.86 10078.59 4908.63 16669.59 8130.17 8448.69
9160.09 8025.66 14483.99 6394.99 880.61 21110.76 13046.63
7562.91 17003.31 8735.5 7798.05 10931.31 10532.45 17174.98
9226.29 3305.07 14468.66 10812.27 7770.33 13985.87 10631.92
13749.63 9504.81 11567.99 11513.35 4369.02 92 20599.49
6701.44 20556.0 28569.92 13896.89 12038.46 17329.94 13476.58
10131.22 15181.53 20909.86 20965.53 21065.11 12545.68 9349.77
2872.16 12235.25 13013.65 16905.37 26926.48 20604.56 9176.18
25557.31 19922.9 15241.67 10439.01 17255.91 10947.47 13150.38
24967.9 19289.7 18627.87 26567.34 22789.47 6053.96 11871.43
19152.11 3269.42 18319.0 7486.6 10857.42 15982.86 28324.26
16099.29 8940.07 24894.86 12910.47 17921.12 4832.33 7848.61
15522.62 10436.19 10478.34 24213.79 24507.13 9669.78 11059.4
9807.06 16497.52 14522.9 26967.64 8345.11 29462.74 7651.94
23126.47 22744.45 20333.86 30309.11 14503.78 12938.01 5860.22
26565.39 15152.87 24485.93 22637.52 9765.78 9513.97 21690.35
22223.4 19860.58 16 7071.76 22451.19 8763.51 14005.45
13930.2 22589.15 14543.42 21634.81 21330.17 14813.92 20433.39
13161.47 6865.77 16211.39 21959.9 24837.46 16535.17 14721.39
24521.68 8698.18 9002.96 18528.71 2298.83 25871.06 16645.17
29260.32 13588.28 17004.78 20110.16 9053.88 13326.99 16149.36
4098.46 4862.99 23557.67 30872.85 17309.2 28437.87 10667.97
26336.35 22427.99 11989.44 18410.83 16905.09 18715.74 23681.27
22983.72 17054.66 22946.8 20083.7 17893.91 23590.98 21817.2
10417.5 5731.03 18037.2 28185.58 19661.59 13610.45 34807.81
686.22 20370.53 22485.38 21846.88 6584.52 5720.71 21269.2
3764.72 14285.05 16917.54 24037.75 10607.28 20818.09 6825.54
19380.33 27440.94 18601.52 7905.77 21115.06 9576.59 392
18761.85 6490.38 19105.39 27743.38 12280.16 12428.35 14866.64
13706.91 7599.76 14180.68 20933.49 20110.6 19334.19 10230.25
9433.24 1380.23 11121.73 11032.78 17568.89 25674.64 18365.28
7593.09 23727.67 20651.31 14619.25 12166.59 16257.26 8822.32
13069.1 23749.84 18393.37 18097.74 24438.73 20893.2 6247.25
13752.33 18789.96 5468.17 16091.16 8754.5 11174.23 14384.14
27913.87 13578.71 7235.54 25156.43 13389.29 17501.04 2843.33
5698.12 15145.77 8044.34 10622.07 23118.6 22971.35 7723.0
12557.33 9199.33 15420.53 16703.79 25075.42 7604.93 29394.81
7410.14 21606.74 20665.0 20472.67 28255.53 12224.96 12098.59
3359.82 25482.23 15265.44 22243.62 22501.09 11194.41 7297.93
19478.39 22295.95 18461.91 18 18790.27 9693.36 15904.94
18095.86 13666.51 3760.34 22901.37 3488.27 20252.46 10364.93
7501.56 12293.68 18278.01 18000.75 6853.45 14533.11 10535.8
15669.05 1860.05 19265.55 22409.85 12756.82 22389.33 4850.81
8160.04 7259.1 11106.33 15849.92 5192.23 17485.52 11508.9
8915.76 25913.38 20824.53 9611.79 7959.36 8236.86 12668.51
20666.65 7797.09 4970.28 14376.1 15824.95 23287.26 13277.01
10306.75 2748.29 7895.84 14564.15 15175.82 6778.92 22139.82
5780.52 16116.64 19314.31 14479.88 5817.04 8775.82 11272.42
11227.1 24045.11 9915.99 15580.47 9001.11 18168.46 22410.36
6538.53 28308.6 18745.55 9133.15 17913.91 17901.47 3836.03
25441.88 9638.23 6297.79 15950.4 22929.67 8416.36 15107.57
230 26395.92 12010.94 24403.51 28125.1 19935.43 10582.59
27302.61 11839.5 21774.38 18230.05 17511.67 21843.34 26242.51
22002.21 11266.03 14047.26 16816.93 20813.37 11465.76 28859.53
28677.41 16683.73 30738.21 13195.82 16621.94 3800.98 19682.27
19816.32 13098.29 26975.04 20731.78 18507.53 33447.62 28631.91
11046.47 2214.53 18088.23 9326.52 26547.77 7377.15 10609.13
21430.16 25812.66 26812.99 16926.8 19532.58 10448.05 17483.01
15338.01 17606.51 15700.68 22701.37 11234.88 25706.75 28213.72
18200.14 4887.02 13803.81 19484.73 2068.31 32376.69 13749.11
25116.0 12139.16 26929.25 29637.84 16503.09 36455.17 23486.48
16150.56 17939.77 27674.06 13219.14 32267.42 19657.46 5635.47
19073.29 29492.3 18289.75 23577.71 257 17694.62 16458.01
13813.32 10633.46 15733.76 10888.19 25145.41 9389.54 25267.91
11482.83 2056.76 8483.22 16677.7 21392.75 13562.52 21570.37
13756.89 18447.24 7291.61 13761.58 22627.92 17448.89 19448.1
6122.54 9531.87 16188.67 10517.39 19713.15 9886.14 12570.62
9115.16 6761.78 23947.0 19052.41 16856.75 16756.29 5397.61
20989.57 21622.53 16243.92 12013.0 15184.68 7215.24 26313.09
18044.81 2697.45 10146.23 6580.03 20953.32 20400.02 8324.28
27579.25 12399.32 11106.36 15672.22 18876.32 14748.07 14047.38
11337.22 19558.55 20944.92 15635.68 6720.88 15537.34 15030.98
21316.81 2544.41 25145.2 21288.77 12144.98 24184.96 11911.33
7714.33 24549.81 2022.71 15153.86 20494.81 22694.51 655.7
13283.61 370 15262.01 13203.49 11580.34 11284.19 12549.64
7928.77 22065.67 6357.9 21904.1 8306.56 1319.81 6653.19
14375.76 18124.71 10367.52 18296.84 10417.69 15216.76 5684.83
13099.01 19933.94 14077.26 17694.01 6113.9 6229.22 13940.68
7639.06 16390.32 6611.11 11544.0 6705.7 3959.71 21912.24
16866.61 13670.78 14797.42 2595.93 18033.8 18744.35 13426.15
8949.09 12201.08 9129.19 23125.58 14673.13 5943.52 7338.45
3465.9 17617.19 17026.22 4959.59 24207.39 9236.21 10079.15
14119.31 15517.96 12500.32 10695.55 8352.8 18031.02 19281.04
12292.2 9752.91 12269.3 13243.88 18960.23 1555.22 23566.04
18124.05 8793.6 20829.51 11499.7 4610.13 22182.68 2998.82
12668.9 17136.77 20117.31 2722.51 10934.84 279 10487.6
6558.46 11187.3 20809.58 4335.4 10862.63 8804.7 11259.43
6634.47 7659.96 16667.48 13411.65 11098.82 3551.89 8142.15
7371.33 4945.04 2795.78 15779.14 17954.84 10628.07 1939.39
15452.52 18684.52 9192.72 14967.0 9482.6 1316.91 9776.07
16122.95 11704.89 12456.12 16385.42 12622.16 7553.02 16799.09
13570.82 11518.38 8357.46 11193.9 9811.01 6363.58 21978.57
8778.99 1646.77 21292.12 11833.48 12257.2 5463.22 2715.51
10400.24 9074.95 8937.5 15742.33 14884.9 553.36 14508.79
5804.73 8519.87 20614.25 16805.3 5031.15 24331.35 6539.94
13552.49 12539.38 16610.62 20092.14 4927.47 6559.21 7094.22
18069.99 12075.56 14471.35 17619.33 13266.97 1867.71 11640.59
18059.78 10646.52 30 16027.66 7461.9 13382.28 17028.81
10701.66 1526.08 19942.36 534.68 17610.52 7560.39 7503.91
10422.0 15598.96 15090.28 4486.74 12532.67 7564.27 12706.66
4101.44 17436.96 19480.72 9948.93 19855.69 7122.06 5500.16
7972.93 8558.68 12968.17 2242.3 15557.5 9344.01 7106.28
23175.66 18122.56 7654.03 9210.21 6852.53 11639.25 17708.69
6986.12 2715.57 11479.99 15518.99 20375.19 10492.47 11345.11
996.87 6092.08 12265.48 12520.86 4337.07 19617.9 3300.74
14284.6 16996.47 11652.1 6612.96 5975.71 8586.23 12940.65
21513.63 7274.44 16050.81 6636.79 15776.18 19597.83 6819.66
25735.21 15786.16 6175.0 15613.64 16281.44 1933.2 22582.52
9439.03 6452.55 13167.1 20029.36 8743.04 12566.13 366
9447.49 9740.08 11279.82 21603.12 5348.99 13952.6 5587.77
14212.43 5677.24 9500.51 18961.87 14653.3 10367.63 453.48
11334.11 9641.55 7409.27 2576.1 18707.21 18052.09 8139.1
5159.17 14226.1 21521.24 11446.09 18168.67 10948.96 1927.36
12640.08 16393.86 13057.12 14377.08 14282.75 11287.16 10696.97
20001.21 15625.34 14274.44 5871.17 14373.48 12952.37 6759.72
23395.91 5694.72 4830.47 23597.92 14896.18 14371.14 7686.56
4680.27 12824.64 8183.41 12077.35 16302.24 14472.3 3541.2
17728.3 8919.34 9988.22 23791.67 15373.11 8248.33 26126.08
9758.26 13261.16 10611.1 19037.15 18186.02 2004.79 9048.94
8051.15 18513.6 14848.79 12016.76 19654.25 16481.02 2998.36
9260.98 20321.8 10942.37 174 19089.13 22760.51 15217.75
6505.21 19719.17 17767.89 28168.49 16191.86 30110.31 15842.75
8839.64 10463.02 17840.62 25496.52 20062.41 27746.35 18734.35
22478.13 14639.35 11625.78 24390.08 22681.44 18929.06 13199.09
14648.08 23499.37 14127.76 24260.3 16251.7 11517.04 11997.68
11167.31 23762.52 19654.07 23343.47 24104.66 10335.99 27858.58
24049.31 23263.24 18760.46 18466.04 1932.21 29795.86 23258.71
7113.6 17161.77 11641.42 26814.39 25665.82 13976.55 32577.07
18979.53 10482.55 15160.91 23809.33 22054.82 19936.54 15098.52
26856.77 20065.36 21546.13 2393.91 21808.12 15168.32 22179.32
9718.87 23751.26 24855.31 17337.02 29829.95 9706.34 14438.04
25226.35 6842.07 22383.27 25369.79 24094.52 7828.42 15061.87
41 14088.19 4226.86 12214.07 18143.2 7904.01 2706.75
16654.15 3276.59 13976.78 6001.06 10227.26 10772.17 13925.28
11635.97 1579.91 9329.38 4667.83 9485.84 7730.66 17457.41
16812.09 6355.11 18445.7 10752.73 4924.39 8528.79 7715.05
9460.64 2365.54 15486.01 9278.14 7984.58 21179.52 16315.05
4768.28 10194.82 8364.23 9589.9 14857.88 5866.32 1852.26
9168.26 17526.05 16916.94 6883.34 14507.6 3666.31 7182.03
8805.02 8887.49 4791.24 16004.95 1087.58 14433.08 16140.88
8076.12 7539.52 2372.2 7328.9 14162.8 20075.61 3654.96
18717.14 3296.36 14805.99 17417.71 9785.85 24135.19 12517.66
3830.93 12120.36 16670.46 4608.59 20195.45 11848.1 6703.12
9559.38 17500.59 11590.62 11394.61 29 12310.07 9970.37
14184.98 24433.74 7966.31 15096.83 6307.86 15631.38 2757.71
11886.45 21105.58 17337.6 13266.85 2595.52 12172.38 8335.14
9376.9 5305.51 20147.53 20967.72 10349.12 6101.12 17003.22
23096.34 13599.58 18283.79 13522.99 3428.94 14203.26 19294.86
15692.55 16756.3 16645.86 14059.87 10729.09 20095.72 17929.67
13337.98 8209.23 14426.7 13963.99 9583.39 26043.41 5229.95
5567.66 25737.46 16096.83 16632.75 6539.66 4042.34 14852.3
5266.19 13107.1 19165.14 17385.89 4414.44 18070.47 10081.65
12551.18 23693.49 18072.92 8999.19 28604.69 10263.18 16180.83
13148.83 21071.51 20631.69 4422.01 11009.19 5782.21 21398.63
16523.75 14132.69 21981.73 16739.87 2894.93 11525.37 22492.34
13824.35 338 10372.99 7140.99 11303.79 21093.83 4537.19
11505.06 8193.53 11891.27 6182.38 8095.74 17211.2 13762.32
11050.53 2920.87 8781.77 7626.53 5481.51 2596.1 16410.08
18099.75 10216.85 2569.18 15324.98 19306.44 9714.48 15564.43
9857.98 682.86 10396.53 16296.61 12069.89 12928.92 16075.83
12461.04 8114.74 17396.92 14069.8 11937.96 7934.61 11776.56
10454.32 6486.39 22378.86 8136.07 2226.02 21841.55 12474.66
12763.55 5684.7 2772.45 10955.17 8661.43 9580.85 15970.76
14919.65 957.86 15125.53 6447.35 8888.99 21196.77 16639.3
5661.73 24799.7 7154.8 13605.82 12255.5 17175.04 19832.29
4385.87 7112.05 7008.42 18282.3 12686.24 14079.33 18121.52
13875.34 1542.75 11257.1 18599.74 10799.65 242 16239.77
20297.63 12338.22 4839.83 16837.53 15657.57 25250.82 14066.7
27272.49 13032.93 7136.29 7547.32 15004.97 22603.4 17711.69
25200.67 15979.65 19588.56 13205.75 9340.88 21533.48 19936.0
16372.1 12344.26 11988.23 21797.88 11260.81 21408.59 13913.15
8927.86 9105.26 8491.25 21183.39 16904.24 20949.42 22582.79
7828.09 25631.74 21146.5 21182.15 16552.81 15552.22 1345.92
26875.8 20505.89 7090.89 15160.68 9078.81 24180.4 22907.97
11465.69 29752.63 16681.9 7767.59 12545.13 21007.92 20354.59
17369.88 12233.12 25617.5 17603.55 18967.06 4651.09 19343.3
12435.22 19412.32 8154.32 21458.65 21939.39 14640.09 27128.19
7364.25 12317.47 22504.9 4991.24 20534.92 22552.6 21272.41
6498.56 12158.47 295 19270.14 18090.22 15349.19 11042.48
17503.19 12386.37 26890.73 10938.19 27034.81 13254.05 3811.74
9977.65 18216.42 23170.24 15165.54 23208.4 15532.14 20221.62
8323.8 14713.65 24270.76 19207.36 20777.37 6528.0 11310.13
17280.86 12242.14 21491.02 11551.72 13696.28 10748.66 8499.72
25360.58 20540.35 18443.59 17696.74 7151.77 22427.05 23320.11
17626.82 13552.78 16917.9 7027.21 28079.7 19803.17 1039.27
11584.11 8353.25 22644.16 22150.84 10089.79 29336.92 13989.39
12264.3 16956.22 20646.21 15856.76 15759.54 13079.2 20248.78
22230.38 17337.9 5546.81 17180.72 16407.27 22854.1 4107.92
26375.84 23052.81 13916.99 25895.15 12794.75 9316.44 26081.52
3437.3 16375.5 22264.92 24300.74 2413.72 14858.63 29
7927.26 10401.88 9908.74 20338.24 4528.95 14037.05 5324.47
14125.49 7152.82 8780.66 18329.14 13578.19 8867.84 1803.76
11644.41 10889.71 7120.15 1926.3 18555.61 16639.22 6851.48
5717.28 12701.07 21263.71 10887.25 18746.44 10021.03 2841.24
12486.54 15023.25 12044.17 13591.87 12876.09 9763.14 11423.84
20573.73 14891.64 15338.6 4563.76 15023.27 13131.17 5585.76
22325.95 6059.03 5529.22 22944.26 14932.99 13684.21 8928.68
5913.64 12340.89 9632.54 12263.2 15001.01 12992.22 4351.19
18199.1 9117.32 9085.83 24431.82 13858.58 8705.37 25199.67
10286.7 11802.84 9150.94 18484.65 16740.08 1170.63 8701.06
9537.88 17171.94 14586.72 10729.59 18874.86 17006.15 4271.07
7929.68 19660.76 9624.19 266 16577.91 7817.26 17581.14
27039.78 10725.41 13848.67 11498.09 14862.06 4048.64 13568.52
21569.12 19507.14 17327.11 7297.84 10705.8 3864.64 10529.56
8832.83 19119.4 24348.83 15437.91 6582.31 21481.92 22209.48
14562.49 15033.48 15554.89 6450.33 13854.73 22507.11 17775.34
18035.98 21663.76 18568.77 8072.48 16732.82 18947.8 8882.33
13216.0 11335.57 12584.71 12756.54 27816.42 10073.16 6040.03
26030.48 14867.2 17618.03 2961.33 3735.82 15418.28 4880.85
11862.97 22079.41 21229.58 5906.03 15190.41 9582.94 14628.57
19941.68 22708.06 8023.47 29760.61 8536.43 19914.68 18013.87
21274.33 25586.63 9317.82 11866.13 699.28 24421.88 16197.96
19276.92 22882.35 13805.59 4843.04 16592.23 22967.8 17040.61
26 16723.02 13345.64 18966.85 29315.78 12882.74 19086.21
8445.59 19847.79 2610.31 16748.9 25799.6 22254.0 17789.69
7318.85 15994.2 9891.51 14101.01 10205.01 24299.8 25694.18
13716.0 10464.07 21126.85 27333.83 18351.42 21022.58 18429.37
8290.75 18567.27 24082.55 20606.02 21594.8 19951.34 18221.74
13816.1 22743.13 22729.33 14841.27 11931.36 17268.52 17868.98
14464.56 30955.12 6228.31 9875.72 30408.65 20109.98 21417.35
8778.76 7693.9 19521.92 1579.81 17061.82 24018.26 21956.44
8963.99 21103.03 14285.88 17457.04 25969.72 22002.15 12948.59
33463.28 13889.9 20818.58 16880.77 25693.39 23992.89 8716.36
15696.23 6043.23 26220.05 20929.2 17119.59 26779.05 19721.97
7345.41 14891.95 27196.84 18654.13 85 3486.43 12021.79
3737.19 14182.1 3581.85 12817.88 9903.17 12199.59 13189.32
5214.5 13916.37 7873.91 3618.09 7922.11 11688.04 14754.09
6163.22 5281.84 15966.09 10530.22 7139.18 8302.38 8210.33
18111.07 7507.7 19117.02 5176.62 7641.62 10520.09 8851.29
6624.49 8908.46 10564.79 5749.93 13127.95 20812.47 10304.29
18040.18 6020.06 15989.87 12415.22 1559.72 16485.19 11556.86
8588.45 18297.95 13414.6 9377.28 12968.25 10379.23 9028.96
15713.3 11708.16 8824.48 7222.47 8194.08 18160.09 9284.5
4556.81 24782.55 9745.59 9940.94 19684.76 11424.78 5902.86
6873.15 14357.63 13604.46 6770.45 6826.34 14711.12 10985.69
11895.33 9868.79 13928.49 17283.0 9204.35 7451.41 15091.35
3448.2 242 4648.72 14126.27 7978.04 18475.4 6224.79
16642.15 5215.36 16354.63 10944.15 9790.24 18939.77 12853.11
5882.48 5898.85 14778.23 15196.77 9461.28 5267.12 20477.75
14034.95 2753.88 9539.09 8799.65 22849.35 12133.38 22174.0
10183.21 7121.39 14644.31 12749.64 11684.15 13940.43 8530.75
5891.92 15208.79 23969.17 15332.9 19479.29 952.98 18625.3
15961.45 5663.05 21281.05 7282.33 9504.09 23358.44 17404.02
14343.35 13239.43 10236.3 13681.72 13239.91 15142.79 13129.69
9974.64 8486.96 21446.92 12188.34 9458.38 27908.07 9763.68
12211.12 24644.42 13826.63 9049.21 4843.23 19331.99 12410.79
3916.85 10709.07 13820.51 14991.87 16378.98 6514.31 18995.69
20369.99 8612.3 3679.48 20139.35 8061.86 422 2097.57
16070.44 6064.91 16000.93 7550.08 17527.86 8149.38 16949.58
14195.98 9962.84 18183.06 11400.83 3339.96 9025.72 16175.47
17863.41 10628.44 7700.61 20683.11 11209.38 3235.52 11767.09
5512.04 22725.88 12232.71 23644.27 9665.62 9893.38 15265.07
10174.78 10603.59 13225.37 6062.59 2610.97 17180.86 25379.83
14605.2 21799.53 3799.58 20334.11 17058.51 6077.41 19276.93
10383.6 11864.24 22333.03 18151.98 13837.31 15936.12 13005.46
13735.07 16519.79 16313.83 10816.33 7021.65 11044.82 22758.33
13661.8 9199.41 29351.57 6541.48 14034.95 22906.7 15611.51
6329.19 2197.78 18739.96 9601.11 7120.41 11504.45 16862.95
12402.31 16629.66 5126.21 17873.91 21811.91 11471.27 2998.19
19245.09 6458.11 84 17704.19 5643.68 15581.3 20177.61
11569.36 1899.8 20053.97 3436.56 16436.16 9420.3 10654.49
13313.01 17476.42 14890.01 3202.17 10297.51 8338.94 12999.33
6070.49 20262.99 20472.49 9423.75 21935.3 9116.28 7832.93
5113.68 10872.83 12661.1 4338.02 18335.0 12053.62 10111.22
24820.5 19909.49 5406.35 6641.12 10008.25 8599.72 18488.94
3812.94 1841.21 12825.95 18739.03 20109.6 9862.5 14211.44
2307.19 9132.44 10463.44 11448.59 7063.7 18163.03 2617.29
17140.5 19403.25 11145.09 3951.8 5691.28 10662.91 10577.95
23579.28 6359.76 19149.87 5110.77 18110.7 21078.35 9894.1
27695.34 15965.18 7431.57 13786.17 19236.0 5144.94 23869.78
12637.24 3398.65 12459.96 21172.58 11834.43 14755.47 126
4153.88 11364.16 5222.91 15668.95 2788.19 12872.25 8604.43
12431.38 11720.45 5695.11 14881.4 9203.18 4668.86 6433.97
11392.63 13679.0 5854.08 3886.38 16434.7 11995.06 6537.42
7306.62 9100.03 18751.97 8040.69 18862.35 6143.03 6271.49
10723.73 10338.9 7840.67 9903.42 10829.5 6393.35 12476.85
20604.86 11287.35 17240.42 5034.12 15556.67 12329.83 1556.26
17881.56 10149.26 7518.83 19354.95 13559.5 10257.86 11836.76
9129.41 9588.68 14239.29 11564.32 10316.49 8554.96 6975.18
17995.0 8876.11 5370.13 24575.33 10539.48 9304.96 20991.92
10860.25 7277.74 6983.9 15242.62 14161.56 5295.66 6847.12
13392.38 12479.49 12335.13 9709.92 15051.93 17031.02 7860.78
7071.99 16110.35 4938.8 183 12471.25 9926.19 9252.4
12531.43 8819.79 5805.77 18397.53 4335.17 18073.84 4652.3
5160.95 5710.38 11795.19 14301.76 7358.36 14899.57 6569.42
11427.5 6611.32 12730.11 16713.65 10273.83 15708.0 8519.16
2416.24 12667.13 4595.53 12542.95 3623.26 10868.81 4757.33
2408.48 19466.73 14352.14 10569.92 13922.71 2554.31 15345.0
15316.96 11159.15 6417.27 8735.85 11724.87 19356.58 10869.42
9791.73 5702.12 1437.82 14039.19 13243.96 1159.06 20400.12
6392.72 9574.62 12559.18 11680.49 11324.38 7114.6 5039.24
17608.77 17357.23 8728.42 13199.54 8972.07 11428.05 16173.52
5188.89 21641.43 14386.44 4949.48 17169.08 11573.32 2983.6
19327.86 6306.54 11074.42 13298.92 17036.46 6553.81 8482.5
74 10448.25 19630.07 7123.71 3568.85 13469.24 16827.19
20150.22 15385.84 23886.34 10981.32 11059.83 5440.72 9158.93
18703.31 17756.86 23842.5 13996.82 15897.22 16533.48 2436.36
15658.54 17673.49 9542.19 16883.4 11274.84 23717.7 8903.96
18115.69 14459.01 2269.01 6950.82 8648.98 14377.87 10540.09
20547.19 24938.46 9118.75 25645.69 15783.24 21970.68 17277.45
11616.53 7477.58 22098.42 18150.11 13265.49 16747.4 9665.04
22392.28 20375.88 11680.78 26421.58 17047.3 2035.89 5843.75
18229.05 22367.85 16431.91 9695.81 28522.26 10678.86 17818.43
11534.8 18739.55 6123.6 13079.96 12084.6 14492.79 17538.37
13241.15 24801.52 554.85 13921.73 15989.76 9414.88 22111.19
19548.65 15176.36 11284.54 7368.3 301 18705.7 5594.15
16728.49 21482.32 12387.52 3202.24 20525.72 4738.92 16411.47
10534.33 11866.66 14599.72 18534.33 15290.19 3744.15 9819.69
9197.75 13606.5 6952.97 21533.79 21250.45 9801.56 23033.11
9902.71 9057.21 3934.46 12068.64 13051.99 5597.66 19598.88
13315.9 11412.46 25787.53 20932.93 5106.64 5577.39 11311.62
7576.3 19208.35 2708.52 2919.26 13769.03 20002.63 20436.26
10185.15 15274.96 3555.73 10436.24 10224.29 11542.73 8346.7
17993.25 3530.84 18418.57 20588.48 11486.04 2944.75 6334.82
11811.07 9547.46 24669.7 6709.53 20317.45 5266.61 19281.95
22007.79 11070.54 28748.69 16495.43 8445.12 13477.51 20527.17
6434.39 24729.01 13878.03 2147.73 12692.78 21996.33 13011.75
15903.77 419 3381.48 18693.48 6588.37 15031.86 10112.97
19585.47 10509.73 18836.38 17051.19 11816.09 19022.37 11850.23
3848.3 11931.61 18540.68 20727.81 13000.68 10568.64 22236.9
9853.8 5026.48 14537.29 2910.81 24001.45 13928.4 25972.95
11058.87 12798.39 17204.8 9302.53 11461.89 14261.23 3829.71
1302.17 19806.14 27663.23 15575.69 24541.59 6434.58 22812.76
19247.69 8365.95 18830.8 12840.37 14672.6 22846.09 20114.27
15020.21 18811.88 15901.97 15342.52 19330.58 18556.37 10288.2
5716.43 13908.28 25004.33 16105.37 10815.3 31631.5 3656.86
16629.72 22695.05 18170.26 5613.73 1747.29 19707.55 6831.71
10000.8 13655.67 19781.61 11387.06 18293.23 4464.86 18389.56
24139.05 14382.56 4105.66 19937.81 7251.4 74 6228.81
17170.63 3131.38 7785.97 9941.1 15614.11 15938.45 14397.75
20052.69 8490.19 12225.98 5004.7 4939.31 14774.09 15809.27
20867.2 11183.45 12112.69 16662.66 3691.2 11471.96 14474.82
6276.18 17757.23 9601.09 22544.38 6634.03 14428.17 13104.51
2040.04 5543.6 8209.4 10942.75 6538.44 18187.74 23981.17
9237.65 23318.78 11561.7 20211.06 15762.7 7922.41 11189.32
17919.75 14884.94 15536.6 15791.92 9190.78 19251.93 16951.29
10523.14 22576.91 15338.78 2634.4 2488.91 14761.64 21310.4
14016.75 7113.32 27789.85 7752.96 15195.22 15025.95 16362.71
2056.69 9065.71 13086.41 11979.54 13473.61 10849.37 21361.68
4271.95 13275.37 12126.74 11180.59 20804.34 15942.27 11051.32
12897.8 3625.34 89 2760.86 18195.2 5585.74 14035.66
9629.58 18815.8 11010.93 18014.72 17185.33 11019.32 18000.82
10807.04 2945.52 11965.01 17897.45 20465.71 12388.28 10352.93
21323.0 8909.22 5661.04 14175.53 2504.45 23032.08 13073.7
25295.39 10152.14 12651.17 16404.49 8277.52 10461.52 13274.27
4764.78 493.2 19306.09 26963.24 14575.96 24124.26 6765.58
22215.39 18526.99 7771.6 17784.78 13300.52 14350.94 21795.17
19311.95 14053.49 18574.5 15718.47 14459.32 19524.87 17859.19
9236.91 4728.01 13665.03 24292.92 15510.39 9962.31 30925.09
3693.91 16119.97 21638.36 17631.93 4557.07 2593.05 18699.71
7381.01 10101.34 12945.26 19718.58 10388.3 17413.37 5513.86
17341.59 23464.06 14253.16 4874.4 18901.38 6277.47 478
21758.87 11906.67 18793.09 20082.94 16623.17 6436.33 25765.1
6451.2 22683.0 13348.95 9138.69 14898.13 21221.01 20778.0
9302.68 16396.06 13462.2 18550.21 3190.73 21761.86 25393.18
15428.15 25266.13 4401.34 11123.91 7076.65 14024.38 18592.5
8161.69 20057.95 14270.44 11564.99 28870.17 23772.59 11606.99
7055.66 10702.84 13701.67 23632.34 8999.03 7500.78 17364.32
17258.65 26055.98 15918.08 10723.58 5511.11 10575.56 16706.02
17660.66 9705.51 24424.98 8366.04 18645.7 22093.25 17161.1
5837.36 11486.89 14231.08 9493.11 26918.02 12464.6 16316.18
11347.52 20989.46 25389.66 8074.51 31195.74 21614.5 12098.73
20006.21 20277.49 6751.38 28428.75 11251.44 6868.24 18569.8
25918.03 9694.74 18006.05 476 13973.82 13868.25 10164.42
9579.82 12015.41 9091.53 21353.7 7501.1 21849.05 7787.72
2291.08 5009.36 13008.38 17740.0 11183.6 18877.01 10297.1
14759.87 7468.32 11283.89 18835.04 14141.41 16097.89 7878.38
6052.75 15449.68 6705.36 16163.78 7372.79 9757.81 5360.18
2963.72 20432.28 15445.57 14454.32 16405.54 1664.02 19061.27
17806.03 14613.9 9975.68 11379.36 7899.61 22572.91 14733.53
6508.55 8645.13 2969.71 18023.36 17129.79 5137.41 24229.02
10125.44 8286.54 12449.79 15452.57 14022.47 11101.68 7542.44
19737.09 17659.74 12715.49 9229.34 12916.6 11643.21 17634.42
3123.12 21927.51 17540.89 8755.7 21132.35 9677.28 5762.01
20867.78 2393.31 14078.94 17060.95 18932.24 3296.77 9580.8
487 2353.47 16525.32 6324.82 16097.93 8008.52 17975.78
8260.82 17387.48 14501.37 10392.48 18527.4 11685.61 3532.98
9371.67 16633.65 18283.93 11086.06 8124.17 21098.5 11229.15
3137.05 12210.16 5260.81 23118.13 12653.01 24102.29 10053.31
10295.28 15705.48 10267.32 10935.54 13583.94 5606.22 2431.9
17635.47 25837.09 14959.1 22244.02 3983.27 20792.68 17512.11
6529.14 19458.58 10529.85 12300.96 22644.14 18594.97 14212.4
16352.75 13412.38 14149.8 16801.45 16769.14 10964.25 7020.37
11467.77 23214.51 14120.57 9607.42 29808.92 6210.11 14491.36
23125.63 16068.89 6411.53 1739.05 19098.73 9172.44 7441.71
11954.5 17234.43 12482.18 17051.44 4712.26 18180.62 22269.83
11866.06 2740.08 19574.14 6758.58 284 16298.31 10152.27
13139.12 15023.91 11933.32 4306.68 21463.49 2906.45 19918.38
8120.37 4826.3 9210.59 15664.32 16908.77 7183.29 15255.49
9094.66 14272.98 2729.09 16151.41 20321.85 12104.07 19587.75
5066.33 5782.47 10030.7 8449.3 14904.73 3963.29 14394.07
8547.12 5852.0 23335.74 18222.15 10412.31 10951.71 5105.86
14385.08 18764.93 9652.22 5487.68 12256.68 13039.36 22142.84
12678.83 8567.81 3543.15 4852.9 14878.88 14857.65 4250.82
22035.54 5992.29 13009.04 16369.39 13738.21 8593.81 8258.4
8786.11 14343.86 21234.4 9715.68 13315.1 9285.22 15277.61
19983.5 4061.5 25522.47 17340.3 7497.28 18205.17 14769.57
1631.44 23103.87 6866.47 8758.3 15316.16 20725.85 5998.49
12369.16 372 8039.94 20200.35 12003.91 21306.1 12367.28
22767.65 6939.32 22397.9 14906.71 15598.08 24165.36 17372.03
9171.16 10991.77 20951.87 20691.19 15607.97 11299.31 26373.81
16145.13 3460.35 15546.74 8882.52 28566.66 17929.35 28335.39
15563.69 12775.21 20688.26 15533.08 16597.2 19190.11 5272.93
7258.76 21263.39 30135.41 20576.42 25281.69 5532.51 24749.37
22120.9 11489.96 24963.34 9153.81 15435.3 28326.58 23498.26
19762.63 18740.72 15737.04 19465.15 16675.24 21308.66 16411.99
11995.67 14298.32 27620.47 18361.5 15009.41 34067.39 8759.78
18336.68 28721.54 19952.05 11737.83 4718.05 24699.44 9074.62
9062.01 16781.37 18612.65 17658.7 22280.81 2267.31 23865.23
26536.42 14055.28 3028.36 25238.72 12444.13 352 17516.94
7084.17 18220.31 27336.05 11336.71 13162.78 12981.56 14296.12
5608.11 13769.89 21259.98 19737.69 18186.87 8553.9 10050.17
2490.8 10690.56 9735.6 18406.44 24917.63 16720.03 6860.92
22461.23 21503.14 14522.55 13757.01 15810.78 7409.38 13439.96
23034.2 18005.03 18018.97 22884.65 19578.05 7145.18 15414.07
18837.99 7374.86 14468.79 10155.81 11892.31 13418.71 27845.61
11618.98 6392.13 25629.64 14164.13 17519.94 2355.24 4392.57
15238.87 6201.48 11234.7 22513.83 21979.02 6568.11 14009.62
9291.01 14919.13 18519.92 23744.8 7682.59 29589.54 7904.22
20638.06 19172.56 20891.87 26763.54 10572.59 11880.28 1439.06
24871.74 15736.11 20582.66 22688.67 12628.06 5814.54 17857.17
22647.25 17630.59 284 9207.07 20606.49 6724.78 5638.81
13562.68 18503.08 19027.42 17156.59 23602.29 11871.42 13557.51
7167.35 7969.82 18292.13 19045.87 24446.26 14696.1 15698.61
18768.96 304.74 14128.58 18078.97 7242.71 19351.75 12648.66
25451.08 9888.77 18030.4 16042.79 2047.46 8325.63 10543.59
12035.94 8770.42 21593.93 26779.1 11248.82 26728.99 14609.59
23388.94 18803.49 11538.07 10045.46 21125.31 18497.14 15972.9
18545.21 11573.48 22854.88 20572.87 13323.75 26117.44 18467.34
3316.44 3985.67 18383.15 24151.42 17422.57 10505.18 30475.11
8191.53 18674.25 14145.42 19767.41 4810.38 11248.16 14550.37
11839.16 16893.48 14222.48 24982.77 2278.13 15829.78 13929.9
12029.52 23771.64 19554.55 13488.8 13887.15 7246.76 422
12383.91 5602.05 12982.83 22355.33 6099.43 10754.58 9864.43
11408.55 5858.38 8945.26 17450.27 14847.98 12987.76 4602.16
7772.18 5510.84 5974.36 4663.03 15894.3 19708.73 12312.4
2059.55 17348.57 18899.44 10154.55 14004.11 10894.22 2629.05
10099.13 17846.5 13120.07 13562.92 18195.68 14513.55 6445.75
15830.23 14572.22 9884.94 10026.14 10159.12 9589.88 8174.58
23260.13 9404.73 1465.6 22023.19 11767.06 13241.49 3580.37
969.5 11186.49 8077.82 8744.93 17392.74 16735.98 1345.57
13709.93 5832.58 9957.25 19533.07 18696.3 4611.63 25396.44
5847.61 15393.14 14371.41 17283.48 21942.66 6355.53 7444.35
5378.24 19738.61 12461.15 16182.63 18581.83 12400.58 1613.53
13365.68 18853.17 12408.09 214 14430.87 3752.5 14561.91
23295.44 7779.77 9592.03 12230.91 10533.76 7079.09 9714.21
17241.48 15675.94 14914.34 7014.09 6457.07 3411.53 6634.83
6902.4 14856.76 21118.7 14710.19 3057.17 19390.06 17934.16
10402.69 11877.51 11776.52 5051.95 9502.22 19196.6 13947.41
13898.94 20503.65 16622.69 4354.28 13684.09 14729.39 7454.61
12427.95 8022.12 8344.05 9880.42 23725.75 11594.13 2772.85
21682.47 10616.81 13408.11 1819.41 2386.96 11147.62 8832.49
7581.0 18585.8 18454.26 3591.09 11728.84 5245.5 10913.41
17287.93 20799.57 3671.79 25504.11 4311.23 17083.22 16650.87
16927.89 24185.61 8789.86 7764.69 4892.56 20949.34 11846.0
18569.95 18609.13 10376.26 3936.69 15744.34 18637.18 13909.83
251 21070.76 8430.28 18768.14 22309.06 15005.17 4897.13
23365.25 6004.18 19210.27 12697.32 11916.42 15974.39 20790.47
18144.48 6517.1 12330.92 11773.74 16385.25 6115.68 22993.97
23907.81 12655.55 25188.56 8574.74 10901.34 2842.5 13981.04
15906.65 7387.92 21120.91 14902.67 12631.46 28204.63 23254.37
7851.07 3679.41 12223.42 9226.16 21916.16 4684.03 5261.2
16234.75 20236.73 23300.91 13047.2 14578.17 4608.79 11606.14
12931.7 14390.04 9879.42 20708.63 6052.75 19838.73 22488.56
14347.0 1425.65 9078.41 13876.22 7391.64 26840.61 9562.83
19965.65 8132.18 21235.76 24485.52 10966.54 31000.02 19312.64
10818.6 16109.06 21796.49 7341.58 27298.97 14043.48 2378.53
15557.73 24607.27 12844.67 17943.82 39 6876.63 10172.92
8576.6 18965.14 3290.93 13258.14 6320.06 13218.48 8385.11
7527.61 17080.72 12196.88 7717.07 3080.11 11074.76 11314.51
6164.15 1273.53 17581.1 15340.83 6716.24 5545.62 11764.9
20212.59 9702.92 18355.46 8676.47 3322.17 11545.26 13692.41
10673.99 12288.61 12399.18 8858.4 11242.41 20169.02 13606.13
15483.8 4498.38 14725.84 12434.94 4200.22 20943.29 7328.43
5502.57 21680.02 14111.07 12422.25 9374.24 6428.47 11189.42
10895.04 11581.9 13637.23 11785.37 4525.07 17713.16 8495.69
7752.87 24076.9 13016.85 8320.41 23841.01 9933.13 10558.62
8567.26 17274.31 16142.94 2297.31 7670.48 10398.55 15825.39
13557.54 10516.32 17565.01 16576.55 4917.2 7681.36 18397.47
8264.3 496 6814.17 21313.83 6855.24 10690.87 13124.7
20632.22 15914.06 19526.79 21840.48 13063.86 17535.0 10376.5
6027.85 16529.04 20413.97 24303.68 15256.72 14511.7 22017.43
5375.32 10512.87 17851.14 2641.01 23124.64 14593.8 27478.76
11519.59 16891.39 18117.72 5847.14 10831.13 13566.12 7104.91
5248.13 22393.32 29001.1 14613.95 27433.92 11646.3 24841.17
20632.4 11040.91 15092.96 18201.86 18135.66 20552.41 20909.14
14530.99 22503.69 19822.86 15683.04 24242.78 20110.19 7270.49
3018.05 17669.22 26312.87 18319.53 11747.08 32875.06 3154.22
19249.55 19174.61 20609.66 4269.85 7252.88 18425.8 6879.37
14777.57 15333.24 24032.71 7289.47 18524.14 9367.08 16334.76
25693.04 18499.4 9612.67 18117.03 7670.76 379 9246.51
24355.76 12154.03 18468.82 15816.9 25454.08 13491.64 24689.48
21152.62 17677.9 24375.84 17087.64 9629.49 16549.36 24362.83
25928.33 18811.17 15842.12 27983.61 13156.46 8435.21 20011.12
6054.01 29599.37 19757.1 31812.47 16826.64 17858.77 23066.97
13401.1 16982.39 19819.97 2239.1 7092.93 25466.24 33514.89
21073.06 30044.63 10627.98 28586.9 25110.44 14184.54 22849.42
15806.75 20070.46 27866.65 25976.23 20646.72 23975.21 20979.78
21140.64 23139.94 24410.77 14702.79 9898.25 19159.5 30862.02
21891.61 16644.91 37485.24 4701.41 22317.43 26908.86 23888.0
10465.47 6121.69 25144.16 2349.49 14527.5 19518.0 24464.16
15050.42 24094.92 4806.04 23491.04 29977.99 19358.51 7261.43
25162.32 12896.92 122 5667.59 13879.45 1775.1 9716.18
6985.66 12558.29 14368.62 11450.98 17416.79 5208.4 10666.43
3672.15 4626.5 12296.0 12557.67 17659.47 7911.03 9430.26
14209.51 6803.4 10804.91 11330.25 8086.27 15724.45 6516.55
19436.47 3454.52 11627.5 10042.17 4877.25 3114.43 5945.82
12102.89 7062.97 14895.69 20932.3 7226.05 20026.77 10246.16
16973.66 12609.01 5146.67 11990.59 16092.02 11773.09 14637.86
12830.51 6782.64 16096.73 13935.98 7627.01 19952.46 12138.53
4455.92 5080.93 11770.64 18246.95 10725.09 3833.84 24796.22
9730.86 11911.11 15350.22 13070.8 3837.97 9264.19 11348.05
14021.54 11294.38 7564.36 18363.39 6763.48 10517.45 12497.75
10169.98 17668.52 13063.67 10727.56 11624.18 1284.45 170
10160.23 15997.62 13586.11 24088.26 10236.52 20034.91 687.66
20124.58 8482.96 14399.39 23898.37 18298.51 11432.11 5978.29
17554.99 15194.9 13094.81 7914.58 24533.68 19549.96 5622.1
11425.29 13545.3 27188.88 16640.87 24432.63 15252.9 8195.68
18475.0 18341.49 16997.4 18987.07 11472.52 10899.55 16929.72
26265.07 20349.6 20130.11 4764.04 20623.97 19104.36 10572.83
26844.83 2493.49 11098.54 28442.9 20936.89 19234.61 13342.35
10542.04 18146.05 10053.34 18232.54 18746.07 15405.21 9802.82
23997.66 15074.49 14408.54 30033.54 14078.1 14507.75 30109.45
16028.44 14586.79 8952.09 24159.3 15483.31 4835.66 14638.05
12507.73 20585.55 20529.08 8525.4 24193.25 22751.31 8952.0
6680.81 25174.88 13628.44 102 18815.28 8216.57 19597.5
28729.09 12713.5 14268.04 13811.02 15462.93 6061.11 15159.47
22524.74 21127.29 19513.29 9664.02 11192.96 3242.24 12079.08
11038.11 19474.62 26305.49 17811.75 8257.2 23745.67 22567.85
15875.93 14310.05 17203.44 8683.99 14680.06 24425.48 19395.1
19373.02 24028.65 20848.0 8146.72 15892.31 20169.31 7521.86
15585.28 10869.08 13000.92 14789.28 29203.23 12273.6 7786.37
26851.67 15254.05 18855.83 3683.98 5736.92 16556.37 6071.09
12383.94 23909.66 23336.9 7925.78 14687.31 10593.97 16313.82
18793.85 25003.37 8980.68 30894.65 9080.33 22001.09 20360.02
22127.94 27940.53 11685.57 13248.18 1823.47 26267.29 16948.44
21652.43 23991.77 13319.72 7076.17 18964.24 23905.87 19014.3
32 11894.33 20700.6 8570.22 2150.0 14821.21 17575.71
21606.18 16086.93 25278.9 12144.17 11139.77 6375.25 10605.57
20119.82 18703.68 25029.6 15194.79 17290.48 16863.99 3315.83
17087.29 18936.87 10760.49 16948.75 12239.22 24395.64 10063.41
19485.15 15279.78 3691.23 8002.19 9364.81 15587.0 11921.45
21585.93 25542.17 9641.73 26652.29 17237.25 22833.88 18108.14
13006.68 6441.75 23553.38 19426.88 12840.26 17420.37 10348.74
23625.31 21682.46 12499.19 27814.59 17934.91 3418.83 7171.52
19551.08 23019.1 17513.15 10900.89 29036.05 11795.23 18942.13
10553.32 19793.87 7544.81 14456.17 12196.28 15440.62 18979.16
14348.96 26102.55 1500.53 14544.33 17313.51 9315.22 22840.1
20897.91 16582.99 11182.29 8790.8 71 13223.34 4419.81
11396.98 17635.33 7062.28 3430.26 15931.6 3701.87 13584.01
5190.03 10194.5 10176.39 13069.26 10983.37 2218.68 9421.86
3822.05 8731.06 8219.99 16763.1 15971.26 5832.23 17598.67
11179.6 4310.39 9386.76 6970.33 8842.17 2415.54 14786.31
8630.49 7543.88 20313.07 15452.29 5124.72 11059.59 8052.87
10107.7 14036.0 6622.84 2701.39 8302.18 17223.33 16269.93
6387.64 14591.02 4325.11 6812.73 8719.44 8513.48 4414.69
15690.7 1953.23 13772.24 15341.96 7524.6 8405.89 1912.4
6535.19 15028.26 19225.66 3421.45 18596.93 3465.43 13999.3
16552.2 9839.31 23275.97 11783.92 2975.32 11979.87 16036.92
4778.16 19337.13 11699.86 7558.42 9055.29 16649.02 11580.05
10580.44 368 14454.42 11069.93 16442.84 26697.22 10201.67
16610.33 7304.03 17292.07 738.95 14032.4 23104.76 19568.71
15451.81 4807.9 13567.4 8351.97 11393.6 7568.29 21775.84
23216.68 12041.07 7823.78 19050.99 24782.85 15642.32 19082.54
15726.21 5579.2 15959.35 21555.0 17910.76 18877.36 18357.85
16114.33 11664.08 20853.94 20014.77 13437.38 10036.87 15257.07
15420.14 11848.51 28255.42 5552.2 7244.26 27720.75 17628.43
18704.4 6874.07 5201.15 16829.5 3030.42 14590.94 21431.24
19591.35 6272.77 19030.78 11715.3 14753.77 24270.14 20047.73
10454.46 30745.86 11521.68 18405.04 15023.73 23016.51 22382.9
6459.16 12996.92 4964.77 23663.23 18312.27 15690.32 24065.26
17664.82 4655.3 13229.31 24500.07 16088.98 184 19094.84
9729.77 16233.09 18435.73 13910.46 3880.47 23105.03 3734.42
20344.98 10659.14 7811.23 12643.52 18593.03 18175.63 6930.12
14518.2 10762.48 15877.74 2037.14 19616.37 22676.32 12899.5
22718.42 4926.12 8469.9 6983.38 11429.82 16013.95 5444.44
17835.52 11852.34 9265.15 26222.73 21137.55 9607.99 7641.57
8587.43 12534.3 20916.99 7665.4 5057.19 14652.8 16133.45
23461.09 13412.37 10521.96 2889.89 8244.63 14596.5 15276.34
7102.88 22204.8 5886.46 16467.31 19654.94 14626.48 5545.91
8924.64 11583.26 10882.62 24374.64 10024.44 15835.59 9062.37
18505.33 22707.55 6836.92 28635.47 18950.38 9382.74 17941.18
18251.95 4167.03 25729.9 9951.31 6081.19 16082.4 23206.52
8701.43 15434.01 337 5362.53 10881.26 7013.46 17470.96
2844.19 13251.0 7085.26 13019.73 9980.61 6753.16 16212.46
10894.8 6142.47 4658.91 11380.39 12567.96 6063.72 2431.79
17235.54 13755.38 6137.12 6451.34 10300.45 19723.14 9048.0
18798.34 7591.24 4773.48 11314.34 12128.08 9453.5 11305.91
11322.41 7435.04 11981.36 20585.45 12663.79 16486.17 4174.17
15301.82 12553.95 2932.07 19611.93 8454.54 6534.5 20757.83
14031.61 11550.36 10660.69 7800.14 10581.63 12486.7 11733.98
12120.32 10190.64 5751.68 18048.32 8793.68 6726.44 24533.22
11615.81 8905.44 22637.25 10513.99 8961.27 7440.31 16491.44
14928.89 3516.75 7373.77 11907.64 14278.44 13152.56 9734.74
16536.06 16987.16 6384.05 6934.18 17488.03 6742.57 154
16812.81 22044.94 13039.69 3853.24 18098.16 17550.99 26132.55
15960.37 28614.89 14481.45 9089.92 8726.93 15542.84 23801.69
19521.06 26885.73 17493.43 20810.08 15156.33 8991.75 22111.89
21446.28 16361.67 14224.93 13629.3 23744.82 12603.0 22734.12
15739.62 9002.53 10391.47 10151.09 21197.33 17226.98 22731.4
24536.47 9615.98 27475.15 21916.86 23073.41 18417.56 16664.36
1028.56 27865.52 22004.8 8697.07 17077.88 10820.24 25797.81
24393.51 13219.98 31117.63 18515.49 8083.48 12639.39 22433.42
22302.22 19059.34 13570.7 27563.38 17457.17 20642.22 4993.85
21091.87 12743.43 19764.29 10105.26 21102.24 23006.22 16228.45
28673.17 7097.52 14217.32 22757.2 6945.06 22468.56 23946.14
21751.25 8422.42 12976.42 434 22352.84 12352.61 19380.78
20542.19 17203.04 6979.79 26321.28 7035.83 23150.98 13942.55
9579.19 15453.25 21813.55 21316.76 9798.42 16765.25 14035.53
19111.92 3718.49 22297.44 25981.02 15949.39 25852.01 4596.94
11717.85 7136.91 14615.39 19125.22 8746.75 20605.31 14845.28
12128.97 29463.55 24365.45 12016.22 6961.95 11246.42 13926.17
24214.13 9289.38 8017.88 17955.11 17632.79 26591.17 16433.05
10952.27 6070.77 11144.21 17126.36 18143.95 10297.78 24862.97
8887.21 19187.82 22667.68 17682.65 5970.07 12020.59 14824.77
9178.04 27503.34 12967.68 16571.89 11818.38 21569.31 25983.66
8509.83 31782.46 22172.69 12681.72 20411.64 20796.35 7343.85
29021.89 11675.46 7078.77 19078.13 26508.9 10077.43 18594.86
339 9033.07 22144.32 7677.65 7905.94 14500.93 20589.93
18612.17 19320.34 23981.69 13512.39 16160.31 9494.65 7968.26
18632.5 20845.87 25631.05 16110.95 16305.24 21218.29 2939.18
13360.24 19177.41 5700.85 21929.47 14609.99 27534.74 11670.32
18688.46 18091.36 4328.56 10420.4 12867.08 10197.16 7954.35
23177.52 28935.34 13687.68 28299.28 14244.59 25248.33 20781.21
12403.93 12519.58 20837.22 19537.13 18634.46 20715.64 13887.9
23933.51 21445.27 15449.82 26448.87 20371.38 5776.9 3864.04
19253.87 26277.71 19014.69 12137.2 32700.82 6213.44 20139.95
16635.76 21356.42 5178.53 10198.15 17136.44 9424.71 17031.28
15867.73 25785.35 4897.29 18094.98 12472.2 14678.21 25810.37
20268.7 12543.8 16530.33 8378.42 97 3611.84 12967.9
1885.97 12258.19 5023.03 12875.2 11693.24 12038.79 15065.93
5070.35 12715.42 6196.1 3037.29 9830.2 12208.13 16155.85
6916.19 7106.78 15427.45 8696.2 8350.78 9695.02 7482.02
17318.2 7100.98 19484.42 4267.11 9421.58 10439.27 6961.63
5173.74 7750.54 10659.62 5567.98 14049.28 21106.82 9131.01
19090.67 7608.88 16611.07 12658.91 2945.02 14665.22 13429.78
10051.97 16935.01 13343.28 8381.06 14448.04 12011.43 8513.67
17595.63 12040.67 6898.83 5712.85 9816.5 18422.91 10003.34
3987.65 25051.76 9114.17 10903.85 17976.92 12272.67 4334.81
7322.71 13265.26 13232.5 8691.7 7145.46 16399.21 9071.95
11462.68 10510.9 12500.49 17664.41 10945.92 8425.69 13802.55
1523.42 90 13850.94 13441.0 16427.01 26937.56 10926.24
18661.59 5227.96 19182.61 3412.16 15060.91 24454.06 20183.28
14982.27 5128.33 15726.93 11104.03 12768.52 8150.45 23701.21
23027.63 10534.19 9659.99 18077.4 26635.27 16928.13 21640.27
16523.46 6793.25 17731.65 21512.74 18613.57 19943.22 16741.95
15205.82 14133.63 23432.84 21174.27 16191.98 8843.46 17791.98
17526.41 12210.89 28932.69 3073.8 9131.64 29092.81 19661.32
19904.53 9546.92 7478.83 18245.51 4548.64 16670.8 21579.85
19152.27 7957.22 21505.11 13642.82 15564.82 26925.14 18886.71
12557.06 31704.14 13785.95 18083.27 13742.01 24474.0 20782.56
6009.84 14414.67 7721.19 23699.45 20035.26 13900.54 25213.07
20156.42 6459.66 11703.0 25827.42 16205.02 361 12395.08
8077.39 13748.96 23689.32 7113.54 13291.7 7862.24 13894.48
3597.54 10691.91 19651.76 16382.16 13213.72 3069.93 10324.43
6756.13 7959.4 4787.03 18397.7 20562.14 11235.99 4380.59
17259.12 21379.3 12210.48 16398.31 12477.24 2450.34 12523.49
18798.33 14690.16 15494.22 17417.23 14333.68 8839.6 18212.96
16600.97 11644.27 8987.1 12541.42 12137.09 8975.06 24994.19
7052.66 3812.7 24263.57 14299.98 15283.73 4863.73 2160.37
13374.54 6046.26 11288.11 18528.8 17217.7 2815.91 16177.09
8320.86 11508.76 21832.67 18456.36 7160.54 27369.49 8383.7
15943.12 13746.41 19555.82 21324.12 5088.94 9548.26 4927.18
20822.78 14868.86 15100.67 20646.52 14847.39 1197.19 12374.25
21048.71 13292.88 287 9002.71 11582.06 11436.17 21960.54
6381.26 15654.09 3761.16 15829.44 6191.81 10632.79 20180.03
15351.87 10074.26 1628.9 13115.04 11298.96 8885.5 3727.48
20292.14 18056.08 6746.09 6980.39 13515.15 23041.41 12728.05
20007.8 11852.51 3768.48 14216.62 16523.07 13847.16 15441.06
13027.57 10581.75 12540.12 21840.27 16743.38 16037.91 4586.4
16216.15 14691.16 7346.7 24090.32 4212.44 6669.42 24796.28
16577.25 15536.37 9363.87 6401.96 14170.87 8518.95 13817.33
16596.11 14244.85 5383.77 19553.49 10656.13 10924.04 25634.75
14515.92 10060.54 27018.44 11586.56 13134.1 9538.31 20328.74
17008.97 1019.48 10491.26 9306.85 18708.35 16360.59 10568.96
20722.98 18313.89 4732.92 7915.04 21512.8 11225.77 185
9041.63 24444.94 11356.53 16672.66 15864.32 25030.9 14797.56
24153.07 22172.07 17226.29 23239.02 15955.37 9138.79 17319.1
24193.17 26416.31 18683.86 16255.28 27197.47 11421.08 9447.45
20286.89 4910.17 28629.87 19171.73 31579.6 16152.92 18411.72
22584.0 11877.1 16044.16 18878.78 3239.69 6770.82 25557.37
33234.62 20068.27 30299.44 11475.47 28510.46 24790.03 14060.77
21159.35 17153.08 20407.4 26516.21 25479.74 19761.06 24484.31
21534.57 20478.39 24279.56 24137.65 13250.18 8555.78 19599.35
30557.92 21803.98 16090.28 37190.34 3303.46 22376.93 25249.93
23906.08 9340.99 6588.68 24061.04 1084.2 15317.31 19221.93
25244.38 13361.1 23421.44 6261.87 22210.9 29749.97 19966.0
8261.8 23938.86 12148.11 106 4896.81 11824.33 2749.61
12327.21 4366.05 11522.92 12168.01 10685.12 14784.82 3719.93
11671.91 5617.0 4392.19 9702.81 10924.62 15258.6 5757.54
6802.98 14124.26 9288.91 9332.12 8845.93 8807.16 16087.83
5758.46 18157.87 3025.51 8991.2 9084.05 7427.02 4316.65
6667.99 11995.11 6915.58 12889.56 19769.34 8062.72 17970.93
8325.24 15341.08 11323.26 2527.31 14307.56 13731.48 9254.84
16008.75 11988.04 7213.36 13622.95 11353.42 7192.09 17320.29
10719.28 7092.56 6759.52 9174.5 17083.44 8790.84 2646.38
23709.85 10447.27 9782.29 17414.28 11092.38 5375.24 8583.77
12159.48 14583.68 8820.81 5845.94 15776.2 9389.38 10134.22
11735.53 11625.55 16341.77 10436.52 9522.24 12818.99 2035.27
54 8188.88 7616.87 8595.21 18289.09 1741.15 10474.11
8948.48 10499.99 8900.53 5521.21 14937.37 10998.76 8669.26
4476.69 8290.71 9647.73 3489.08 1710.71 14922.08 15356.63
9313.33 3278.11 13140.91 17642.11 7421.31 15627.51 7137.02
3018.96 8854.06 13527.17 9325.92 10404.95 14559.65 10404.86
8716.47 17431.03 11625.28 13283.81 7191.44 12068.2 9635.68
3776.55 19666.36 9587.09 3480.2 19574.11 11343.53 10358.28
7833.42 5291.01 8813.46 11411.89 8781.98 13170.21 12338.38
3096.35 14944.58 5704.83 6164.58 21358.84 14569.47 5657.44
22222.83 7271.32 10992.64 10672.94 15016.19 18082.89 4794.21
5089.93 9691.28 15488.57 10962.12 12987.43 15666.15 13833.17
4345.66 10172.91 16299.47 8048.29 292 4920.71 19927.28
5899.83 12011.32 11537.71 19765.46 13827.17 18777.14 19856.36
12026.33 17605.33 10316.99 4348.12 14573.07 19262.41 22643.01
13927.24 12696.08 21625.67 6696.63 8436.1 16231.86 861.1
22994.83 13790.18 26493.85 10722.32 15055.94 17274.22 6583.98
10433.45 13259.34 5694.73 3174.37 21023.79 28081.0 14432.25
25991.14 9569.92 23666.41 19647.93 9505.62 16142.88 16117.11
16476.19 20986.53 20134.14 14160.08 20802.99 18047.46 15015.22
22235.27 19063.52 7831.61 3012.93 15924.77 25390.94 17038.47
10787.15 32001.95 2338.51 17848.49 20146.5 19275.52 3702.26
5206.26 18420.86 6633.08 12777.58 14191.59 22184.32 8429.76
17932.4 7559.25 16630.99 24683.01 16666.51 7562.14 18331.77
6720.13 206 26481.48 12043.07 24510.06 28278.89 20004.27
10701.01 27324.82 11969.4 21753.03 18331.79 17676.61 21977.81
26335.79 22025.4 11341.31 14013.24 16893.94 20859.84 11634.38
28992.59 28733.73 16719.9 30837.0 13375.16 16738.04 3885.2
19795.53 19843.74 13215.71 27105.36 20858.33 18645.41 33526.51
28719.89 11070.04 2345.95 18234.41 9263.84 26598.87 7412.87
10710.18 21510.85 25979.72 26819.64 16957.15 19710.75 10579.26
17621.63 15322.08 17612.55 15827.25 22660.9 11327.25 25840.71
28327.23 18227.58 5003.84 13871.81 19590.93 2074.59 32474.22
13796.9 25292.55 12185.21 27040.06 29712.75 16669.67 36546.49
23520.5 16242.34 17900.64 27813.91 13359.55 32332.04 19822.21
5718.51 19087.44 29553.75 18459.4 23684.37 408 4815.57
19866.46 5893.29 12139.55 11461.32 19749.04 13682.86 18770.43
19732.58 12000.5 17658.79 10367.99 4273.32 14453.71 19222.56
22555.49 13874.13 12594.44 21644.99 6829.36 8287.94 16149.96
758.68 23032.45 13782.13 26465.96 10717.94 14951.3 17260.76
6690.5 10460.32 13289.56 5579.78 3037.49 20964.21 28058.06
14470.4 25923.88 9430.66 23623.28 19621.97 9436.24 16256.03
15974.59 16390.15 21062.23 20124.88 14184.87 20711.72 17948.84
15016.98 22108.03 19032.62 7925.72 3102.32 15829.99 25368.4
16988.16 10769.25 31982.11 2301.55 17786.99 20254.21 19219.64
3743.11 5056.31 18468.84 6600.46 12652.3 14155.05 22077.02
8552.51 17938.31 7417.04 16699.77 24653.46 16561.79 7412.35
18394.44 6711.07 375 7083.98 15239.64 10593.52 21041.87
8191.06 18477.84 2811.66 18353.23 9942.05 12100.57 21424.33
15473.5 8359.69 5748.73 16319.42 15450.66 11321.48 6451.42
22617.39 16470.63 2881.28 10553.97 10612.64 25110.43 14418.88
23543.29 12683.41 7609.57 16657.18 15277.05 14270.79 16445.07
9155.34 7879.58 16268.22 25365.17 17830.46 20093.93 1716.16
19850.98 17680.47 8058.03 23910.04 5109.57 10374.75 25890.4
19306.47 16792.67 13503.46 10507.84 15958.88 11966.97 16830.17
15717.72 12328.62 9177.56 22942.09 13744.74 11908.48 29246.38
11286.34 13490.96 27271.19 15089.52 11509.93 6124.31 21770.6
13193.16 3857.01 12726.39 13432.55 17521.18 18539.84 6485.14
21558.08 21782.49 8825.85 4057.96 22651.89 10692.46 148
23384.02 9035.84 21485.64 25767.65 16894.78 7792.02 24352.71
9170.86 19116.87 15288.21 15485.91 19186.95 23256.85 19051.43
8232.77 11555.4 13786.16 17788.3 9661.44 26173.36 25637.91
13687.45 27775.58 11928.5 13783.47 841.08 16815.26 16849.41
10283.0 24259.18 17984.76 15907.71 30419.69 25627.03 8114.36
1371.29 15622.22 7298.72 23514.14 4406.15 7676.44 18406.41
23802.86 23942.94 13951.05 18075.35 7812.12 14898.29 12660.15
14754.22 12968.4 20224.5 8253.89 23036.11 25340.84 15234.7
2235.22 10762.57 16568.37 5038.74 29407.88 10723.68 23513.08
9118.69 24037.83 26603.42 14540.32 33460.77 20493.34 13162.43
15471.57 25078.63 10690.29 29225.16 17608.48 2630.22 16170.32
26450.16 16417.65 20661.0 31 13513.82 6126.69 11177.59
16340.48 7976.3 2720.24 17248.77 2210.87 15367.47 5085.92
8367.01 9108.07 13183.74 12482.33 3449.66 11202.32 4844.88
10010.97 6646.2 15949.91 16782.67 7550.21 17574.74 9499.16
3423.82 9534.49 6448.9 10414.76 592.9 13999.71 7724.4
6153.92 20664.76 15666.63 6689.85 11045.05 6456.01 11442.97
14986.96 7424.0 2758.05 8828.9 15609.05 17754.7 8123.87
12739.82 3278.21 5304.61 10563.38 10318.3 2947.17 17511.56
2526.63 12864.83 14979.62 9196.66 8355.09 3740.5 6268.24
14947.93 19225.68 5273.35 16818.23 5183.35 13690.75 17017.23
7989.82 23386.36 13094.07 3459.83 13831.29 15041.01 2953.69
19949.17 9937.72 7781.21 10765.8 17358.3 9745.76 10351.81
346 7158.07 22295.36 8181.79 12629.58 13882.34 22060.85
15386.33 21032.73 21861.85 14356.64 19421.67 12200.12 6698.98
16646.42 21620.3 24948.18 16296.98 14930.73 23727.4 7346.72
9859.75 18559.72 2205.82 24949.26 16056.88 28824.72 12978.57
17266.62 19559.73 7836.01 12512.83 15300.68 5459.82 5137.78
23392.58 30396.63 16405.01 28352.62 11330.45 26028.56 21974.9
11864.39 17080.18 17729.53 18789.01 22527.36 22400.18 16238.4
23091.41 20296.4 17233.75 24184.44 21403.69 9242.29 4736.79
18197.33 27705.81 19407.22 13095.09 34306.17 1524.93 20216.1
21168.13 21645.38 5782.98 6530.17 20289.59 4882.35 14780.29
16544.79 24367.54 9279.69 20124.18 8052.55 18279.48 27018.67
18874.86 8827.28 20044.8 9007.31 461 20943.75 16279.36
23215.62 33531.36 17032.79 22275.02 12217.26 23209.86 6498.84
20765.39 29562.63 26391.04 22026.78 11561.68 19133.04 11936.75
17985.39 14403.79 27544.29 29946.83 17675.2 14169.19 25260.67
30624.9 22223.28 23163.03 22522.6 12376.62 22074.75 28331.61
24720.97 25556.5 23790.45 22379.11 16525.48 24759.03 26633.82
16321.15 16029.25 19627.02 21018.52 18679.3 35051.37 9867.43
13573.34 34125.48 23297.94 25308.75 11428.12 11223.71 23298.45
4047.05 20270.43 28250.61 26196.45 12836.08 23476.41 17757.05
21551.05 27595.96 26067.73 16287.79 37429.49 16968.67 25067.3
20916.28 29377.18 27815.69 12955.35 19527.26 8134.98 30463.28
24441.21 20866.43 30665.77 22097.16 11246.94 18828.77 30965.7
22893.42 212 18274.46 17458.64 14353.76 10362.8 16581.17
11880.47 25936.86 10387.42 26210.49 12337.98 3037.62 8983.22
17221.03 22272.14 14563.93 22570.38 14682.99 19311.0 8149.1
13838.31 23279.6 18404.54 19807.79 6709.12 10444.65 17082.44
11278.68 20624.46 10884.53 12769.42 9758.45 7548.51 24377.57
19548.11 17857.96 17598.54 6217.76 21974.9 22341.48 17217.54
13010.71 15957.35 6614.4 27150.15 19000.43 2030.37 11127.85
7447.74 21945.12 21362.73 9275.53 28534.09 13400.44 11327.54
15994.29 19814.6 15645.97 15033.79 12126.54 20307.2 21270.03
16625.05 5763.47 16537.25 15428.13 21858.91 3535.01 25428.89
22120.0 13081.12 25170.47 11938.78 8715.44 25086.67 2441.52
16086.39 21432.29 23306.04 1650.98 13863.05
