100 150
1.0 67302.7
1.0 91427.68
1.0 21602.91
1.0 12834.19
1.0 87932.92
1.0 25826.52
1.0 69396.94
1.0 63301.79
1.0 34957.47
1.0 16362.97
1.0 18583.95
1.0 58698.33
1.0 24095.15
1.0 14371.98
1.0 64908.85
1.0 49831.33
1.0 88086.3
1.0 23388.55
1.0 15172.71
1.0 23301.07
1.0 33139.95
1.0 23621.81
1.0 14248.87
1.0 13446.27
1.0 73318.72
1.0 11974.1
1.0 95214.98
1.0 13113.98
1.0 13095.41
1.0 21312.46
1.0 42316.19
1.0 14138.09
1.0 12335.47
1.0 11648.41
1.0 12308.92
1.0 65908.26
1.0 38856.39
1.0 15013.84
1.0 91865.5
1.0 53071.24
1.0 45486.81
1.0 14545.13
1.0 72981.92
1.0 99282.07
1.0 89424.73
1.0 66459.64
1.0 27695.12
1.0 10531.47
1.0 54436.63
1.0 10736.58
1.0 17970.16
1.0 11465.14
1.0 19230.82
1.0 14830.82
1.0 11182.78
1.0 17205.0
1.0 19678.37
1.0 74438.26
1.0 11765.85
1.0 37314.29
1.0 72845.53
1.0 19962.73
1.0 73922.34
1.0 34767.0
1.0 11475.21
1.0 21635.05
1.0 10548.32
1.0 10097.6
1.0 17054.47
1.0 16798.9
1.0 46891.93
1.0 19028.8
1.0 66074.43
1.0 13577.08
1.0 78030.88
1.0 15201.52
1.0 72044.77
1.0 64207.67
1.0 10771.43
1.0 14846.83
1.0 23052.27
1.0 96335.88
1.0 35267.99
1.0 22424.68
1.0 21724.73
1.0 11519.55
1.0 11736.9
1.0 82460.07
1.0 13609.3
1.0 24481.44
1.0 13696.21
1.0 10130.38
1.0 46781.45
1.0 17985.85
1.0 19532.83
1.0 13168.12
1.0 81979.94
1.0 68550.78
1.0 20900.83
1.0 16615.24
37 2957.65 6384.48 4391.26 8363.04 3655.47 7635.19
1151.42 7579.54 4152.68 5135.16 8698.9 6334.33 3455.05
2676.45 6807.42 6414.13 4871.49 3001.04 9214.81 6535.4
1047.14 4577.14 4108.26 10163.74 6034.01 9592.02 5321.83
3425.32 6924.0 6122.32 5899.14 6771.91 3313.41 3125.26
6778.91 10295.08 7308.57 8228.51 1029.54 8165.05 7330.62
3558.85 9539.38 2060.79 4503.22 10406.03 7952.38 6921.07
5667.3 4519.56 6629.72 4872.7 7003.11 6331.81 4916.91
4035.76 9361.73 5814.13 5035.69 11790.7 4295.23 5714.68
10870.45 6330.52 4646.74 2326.05 8844.37 4868.9 1976.0
5405.87 5572.41 6985.3 7639.17 2208.4 8722.06 8913.68
3872.15 1440.48 9163.78 4458.95 7794.44 323.34 8269.72
9769.56 6052.73 2311.27 9035.43 4111.0 5148.47 4251.82
649.36 9044.35 8223.06 7971.76 7130.08 8089.66 6882.46
8460.46 9368.42 980.17 54 7851.5 6802.5 6367.05
4986.76 6933.58 4518.21 10605.42 4007.6 10444.29 5298.41
1632.39 4322.52 7469.65 9066.53 5657.44 8770.86 6065.54
7955.62 2750.49 6330.28 9724.86 7411.84 8560.07 1883.86
4480.78 6172.16 5009.64 8372.8 4345.31 5895.2 4531.04
3561.77 10291.02 8394.73 6896.24 6276.14 3023.76 8315.16
9302.3 6442.71 4991.3 6790.63 3450.48 11010.45 7640.08
569.6 4174.66 3425.15 8613.93 8522.83 3952.67 11302.21
5197.93 5333.09 7103.3 8000.15 5633.94 6004.99 5303.27
7183.3 9137.33 6594.6 2747.14 6465.7 6855.33 9257.54
1550.63 10755.93 9084.02 5431.48 9889.32 5602.7 3442.19
10505.01 1835.97 5881.27 8622.64 9766.98 1201.47 6153.28
3484.64 10105.0 2147.54 3572.57 4781.03 10180.0 2981.03
9985.67 11377.66 6906.54 9698.64 5388.68 2915.71 8655.63
5507.56 5815.3 4718.07 7953.92 7396.94 9855.13 78
3275.65 5994.27 1752.16 2635.73 3763.16 5007.52 6748.58
4482.3 7830.02 2666.09 3388.28 644.37 2816.84 5898.59
5288.87 7634.82 3840.22 4766.31 5175.78 2086.24 5306.29
5290.29 3725.98 5536.79 2792.36 7685.29 1863.33 5571.43
4066.92 1363.75 1112.95 1945.56 5475.02 3644.59 6349.34
8193.52 2278.39 8318.42 5145.56 6935.09 5142.76 3129.9
3420.68 7412.04 5483.06 4707.9 5017.6 2340.69 7092.87
6364.44 3008.9 8806.01 5033.19 880.82 2287.26 5552.93
7181.08 4760.64 2184.24 9621.71 4311.39 5297.91 4754.99
5651.3 2023.4 4575.43 3723.52 5947.62 5548.62 3530.48
8064.88 1747.01 3974.72 5805.57 3006.13 7043.38 6092.52
5232.06 3654.1 1679.57 4222.11 5846.58 3366.09 6166.87
206.24 5463.66 2909.53 5152.78 8984.07 4405.28 5484.07
6797.73 4213.36 8414.92 1796.61 6418.18 4434.47 8198.41
8353.99 5967.42 86 7989.2 2137.33 7463.03 9695.04
5383.09 2674.85 7980.59 3288.1 5855.37 5085.05 6098.0
6933.9 8007.59 5939.94 2242.09 2940.13 4278.65 5570.76
4163.54 9543.21 8643.44 3938.67 9781.4 5251.83 4700.6
1410.56 5782.32 5109.62 3476.53 8783.63 6380.64 5771.97
10630.75 8866.09 1731.86 2049.07 5797.03 1505.23 7796.32
558.78 2387.44 6053.58 9213.52 7770.97 4008.36 7406.21
2880.37 5415.81 3365.11 4219.57 4546.22 6280.59 2457.92
8369.45 8998.28 4487.84 1614.78 3072.29 5610.21 3370.56
10394.19 2886.66 9362.85 2271.71 8474.82 9137.7 5795.53
11894.14 6543.8 4192.34 4449.59 9220.38 3960.96 10073.57
6865.0 1136.25 4793.44 8987.17 6544.37 7152.31 3773.84
8497.22 5449.06 3607.97 7287.61 9913.34 8461.05 10916.31
6201.75 4470.05 8148.12 1646.84 4205.95 1944.87 9246.25
1159.11 3070.31 1073.83 922.37 7578.24 412 2645.56
7329.51 4178.53 7854.72 4277.48 8286.22 2460.0 8140.54
5465.08 5517.59 8839.79 6242.3 3097.9 3851.45 7596.9
7582.02 5527.18 3897.22 9673.85 5893.78 841.43 5541.65
3173.16 10522.93 6417.24 10450.86 5512.45 4503.27 7481.19
5615.13 5926.83 6917.47 2035.09 2427.73 7742.57 11143.44
7453.19 9324.25 1672.88 9076.39 8040.45 3932.46 9221.65
3353.86 5507.14 10456.91 8566.33 7133.28 6827.09 5664.49
7010.0 6195.63 7728.56 5929.55 4276.52 5079.41 10169.08
6598.37 5294.34 12662.51 3213.74 6602.02 10653.08 7225.32
4137.34 1457.16 9040.93 3574.1 3090.29 5975.24 6839.08
6448.87 8094.92 890.8 8738.15 9755.16 5017.43 689.16
9259.12 4336.17 8278.2 1126.15 8497.34 10336.42 5878.79
1052.41 8802.86 2882.4 6471.39 5050.44 1358.35 9829.41
8643.99 9102.15 6600.2 8928.58 7512.51 9518.94 10352.97
2227.54 394 2776.81 6252.31 1326.77 2773.23 3710.42
5474.58 6397.25 4980.03 7724.87 2882.02 4045.51 1264.59
2294.43 5732.85 5641.64 7786.18 3999.44 4643.23 5781.48
1686.71 4822.25 5367.6 3071.95 6181.69 3185.98 8155.19
2109.16 5498.83 4514.74 922.53 1547.19 2525.7 4839.34
3052.65 6628.73 8689.53 2902.71 8608.77 4746.65 7321.38
5566.2 2991.6 3854.85 7110.35 5543.87 5349.23 5518.21
2911.72 7200.43 6387.41 3487.56 8702.85 5426.01 709.54
1629.38 5554.2 7665.97 5021.34 2359.76 10141.65 3653.71
5517.4 5272.88 5924.62 1382.17 4005.49 4377.09 5289.43
5307.5 3785.2 8095.27 1593.24 4514.98 5219.61 3656.65
7496.09 6054.79 4710.05 4310.88 1368.05 4761.86 5403.08
4005.1 6754.57 764.2 4873.08 3423.52 4497.47 8896.23
4460.88 5060.23 7280.43 4796.89 8671.77 1693.12 6833.92
4852.47 8521.25 8753.96 5624.31 485 6295.85 3415.23
5171.67 6230.83 4414.24 1122.22 8043.2 633.5 7277.98
3060.98 2399.21 3832.62 6090.4 6221.32 2267.15 5374.71
3251.46 5253.72 1161.33 6536.55 7739.76 4292.27 7673.02
2268.34 2193.72 3395.74 3320.95 5421.76 1183.95 5833.79
3493.81 2529.27 9038.91 7073.74 3494.29 3799.04 2335.19
5003.3 7094.76 3180.36 1589.32 4629.86 5542.89 8254.23
4507.98 3836.92 822.44 2132.03 5259.98 5317.24 1651.86
8069.82 1808.03 5318.54 6496.83 4939.08 2848.62 2775.43
3391.97 5167.65 8311.79 3306.32 5680.67 3091.55 6049.61
7699.04 2111.86 9955.92 6442.88 2668.07 6549.23 6043.87
517.35 8878.45 3172.61 2870.45 5535.62 7924.71 2858.58
4863.98 289.05 7915.35 1755.78 1824.44 4294.93 8613.67
4799.73 9030.87 8116.44 4027.49 7503.83 2491.39 513.54
5306.4 6031.57 2547.58 1420.16 4689.17 4372.04 7375.03
380 3810.42 2181.73 3458.5 6673.94 1244.81 2840.1
4660.79 2840.6 4215.84 1438.31 4752.86 3740.18 3849.86
2843.84 2105.37 3565.04 254.73 1869.63 4554.98 5883.73
4665.57 1271.73 5628.26 5625.11 1881.0 4984.53 2228.94
2095.36 2211.64 5131.1 3071.89 3180.61 6472.96 4687.64
2602.92 5663.58 3581.64 4541.21 3899.96 3708.06 2543.99
1875.77 6927.42 4865.71 1492.06 6536.47 3167.85 3070.45
3014.63 2420.24 2335.49 5130.68 2224.84 4867.01 5002.94
1747.23 4670.38 1125.98 1896.77 7192.76 6230.44 1383.17
7751.25 1933.19 4468.39 4991.45 4733.51 7715.12 3057.7
853.66 4058.9 5778.46 3050.38 6006.89 5137.62 4279.89
2370.24 4948.96 5290.34 3175.2 3149.6 4691.89 4140.86
4997.58 3882.15 5811.52 6210.01 6737.27 5249.52 640.42
4295.56 4324.67 3662.11 4528.81 5851.78 3460.34 2099.28
4552.82 5100.53 4023.38 92 5696.55 2587.53 6042.58
9691.4 3395.17 4841.34 4048.09 5183.08 1610.25 4507.89
7679.06 6792.22 5970.05 2238.4 3635.33 1586.09 3345.14
2697.58 6868.62 8650.2 5384.96 1818.79 7598.53 8052.09
4926.43 5615.43 5267.19 1788.86 4747.99 7938.51 6124.97
6257.86 7752.81 6482.19 2775.78 6297.88 6625.76 3525.23
4512.53 4142.9 4362.68 4182.0 10017.89 3628.23 1602.43
9420.07 5236.92 6111.98 919.98 697.98 5284.05 2262.17
4062.96 7773.31 7460.29 1535.7 5606.72 3083.94 4907.47
7623.63 8086.99 2511.65 10801.62 2810.74 6950.04 6317.99
7585.21 9246.22 3013.18 3881.6 1011.46 8676.62 5659.65
6878.32 8157.23 5077.33 1169.62 5820.05 8220.05 5831.46
5658.73 4978.04 7019.95 6908.91 6873.83 6836.7 9298.6
8315.68 2300.33 2659.02 4741.35 5417.08 6232.85 3187.42
8768.85 4384.59 4407.35 3858.26 4957.08 3897.74 16
1976.8 7926.26 2955.55 5695.69 4618.54 8158.99 4706.83
7836.47 7320.37 5148.9 7676.0 4868.88 2025.34 5359.51
7819.01 8751.9 5694.07 4835.32 9068.31 3643.02 2569.48
6350.94 738.08 9681.96 5921.81 10670.54 4774.58 5698.89
7222.29 3586.55 4815.32 5909.83 1145.38 1099.55 8355.08
11311.7 6393.96 10201.27 3202.36 9484.54 8055.98 3912.08
7281.15 5615.94 6408.93 9058.4 8342.2 6229.97 8014.7
6895.09 6442.67 8188.05 7801.11 4044.17 2187.2 6122.2
10280.56 6898.02 4725.6 12838.9 698.77 7126.9 8817.02
7713.11 2329.44 1295.3 7967.43 1931.19 4609.41 5905.2
8391.82 4314.14 7581.59 1908.22 7357.86 9964.43 6310.31
2157.54 7990.66 3246.48 7807.39 3288.48 7514.64 9917.47
4400.14 1577.69 7006.99 958.24 8448.0 5578.92 3207.91
9905.63 8023.0 10089.75 4466.41 9174.2 7400.95 10283.43
10887.45 4175.73 392 8348.85 5269.48 7082.04 7068.74
6626.68 2984.29 10261.81 2779.34 9347.64 5202.3 2849.37
5376.8 8087.68 8420.44 4181.37 7103.98 5470.19 7471.46
1060.55 7921.57 9907.82 6434.07 9541.62 726.75 4302.71
3734.98 5312.67 7605.36 3397.06 7313.96 5247.9 4158.56
11045.65 9073.19 5216.37 3729.92 3737.55 6211.72 9291.64
4359.44 3454.93 6794.96 5837.29 10457.62 6639.58 3176.32
2590.35 3813.52 7146.64 7387.86 3712.98 10077.31 3764.93
6752.08 8232.45 7094.48 3240.9 4897.82 5459.12 4576.79
10170.09 5357.69 5350.03 5008.68 7848.33 9774.22 2438.81
11828.25 8660.82 4885.06 8436.37 7295.94 2637.22 10982.52
3616.92 3601.77 7671.8 10067.53 2952.45 6795.29 2482.81
10114.11 2651.49 1115.59 5876.35 10700.86 5218.95 10944.32
10093.97 6237.14 9701.29 3084.52 2075.97 6617.34 7242.0
3795.13 3564.81 5791.25 5034.01 9593.53 18 8616.42
4036.36 7623.5 8604.76 6389.48 2383.52 9721.21 2659.61
8205.83 5353.89 4453.89 6356.0 8470.05 7725.69 3217.92
5566.68 5139.83 6993.11 2110.58 9055.05 9823.96 5612.74
10120.93 2824.19 4583.52 1623.82 5762.52 6864.47 3275.19
8358.37 6013.27 5051.61 11375.34 9437.94 3830.22 1593.66
4811.98 4311.55 9082.11 2611.17 2642.77 6801.69 7645.83
9731.46 5774.56 5242.36 2153.01 4655.13 5795.02 6329.65
4116.68 8795.06 2971.34 7838.22 9000.37 6272.93 1208.62
4178.08 5769.82 2700.12 10760.43 4423.73 7381.27 3897.8
8538.52 9969.84 4058.46 12387.47 8142.85 4709.68 7024.21
8539.64 3031.73 11089.36 5281.38 1690.22 6760.27 10072.0
4738.49 7309.01 2785.5 9875.84 3982.71 1115.37 6821.02
10855.19 6955.01 11443.06 8761.21 5726.21 9479.36 1224.46
2823.0 4759.83 8518.48 2223.23 3161.08 3853.97 2949.32
9156.29 230 3260.06 9168.66 4270.67 6588.06 5860.73
9480.7 5308.25 9162.91 8176.57 6471.85 8936.94 6123.68
3349.47 6327.67 9112.88 9873.54 6978.21 5959.48 10387.54
4540.85 3261.43 7535.71 1848.65 10979.45 7248.78 11974.72
6099.92 6774.79 8547.04 4650.93 6113.54 7209.08 844.32
2397.09 9597.82 12621.6 7682.53 11404.01 4061.1 10764.1
9369.24 5190.71 8283.67 6215.2 7573.73 10254.25 9667.53
7537.71 9125.07 7980.54 7768.52 8979.67 9109.1 5160.95
3316.38 7247.86 11592.76 8176.81 6052.31 14150.63 1292.33
8374.75 9852.12 8971.61 3564.57 2206.65 9241.71 730.87
5552.21 7214.8 9386.34 5274.36 8907.11 2005.01 8574.92
11267.76 7368.43 2803.15 9227.82 4566.78 9133.57 3894.69
8805.13 11243.0 5641.55 1845.66 8087.0 422.75 9250.01
6807.34 3946.66 11219.55 9343.7 11266.98 5420.85 10471.46
8720.04 11509.41 12154.84 4929.16 257 3506.37 2669.63
2955.89 6053.85 1230.25 2835.26 4893.0 2701.64 4758.63
817.71 4271.28 3119.49 3475.18 3226.45 2353.61 4170.65
374.02 2138.07 4337.73 5304.3 4619.96 1881.82 5242.23
5339.89 1368.43 5209.66 1609.97 2561.8 2042.82 4546.79
2451.18 2606.42 6234.66 4372.12 3073.63 5863.68 3037.08
5043.98 3926.19 4038.37 2635.48 1602.02 6324.0 5196.84
2096.43 6060.55 3110.16 2533.7 3633.66 3019.98 1895.29
5691.87 2353.73 4263.69 4504.41 2301.27 4842.8 1486.61
1286.16 7395.35 5860.7 1899.65 7186.61 2376.41 3972.44
4785.04 4289.9 7397.47 3309.03 522.92 4674.47 5174.11
2775.05 5874.42 4599.87 4502.39 2914.09 4854.5 4801.73
2657.62 2915.47 4742.27 3692.71 4899.05 3266.63 5649.58
5613.09 6424.23 5822.22 1114.94 4333.33 4477.55 3375.19
5065.67 5244.13 3707.41 2058.7 5016.55 5463.9 4201.14
370 4980.53 5645.3 6105.19 10185.85 4230.22 7532.41
1385.51 7680.8 2024.08 5864.18 9535.9 7699.5 5442.35
2066.64 6446.5 4916.56 5094.19 3175.76 9421.97 8579.8
3507.16 4056.86 6499.56 10524.36 6643.69 8859.45 6355.61
2852.73 7090.66 8036.87 7124.79 7730.69 5849.41 5419.85
5944.82 9558.28 8226.89 6874.7 2953.09 7371.69 7116.27
4613.19 11065.68 484.49 3874.22 11321.51 7908.91 7753.46
4275.34 3366.19 7182.09 2471.98 6781.02 8110.95 7036.86
3388.31 8772.32 5581.83 5995.91 10940.27 6766.9 5223.02
12206.26 5740.88 6658.0 4775.68 9575.1 7402.92 2148.03
5727.34 3674.69 8893.21 7955.41 4726.82 9769.06 8261.38
2876.16 3945.09 10055.83 6054.89 8041.68 2812.26 8977.76
9720.33 7555.43 4847.52 10455.82 6642.35 2750.17 4267.53
2865.61 8527.66 8567.28 6512.57 9024.29 7495.38 6893.49
7215.61 8302.36 1940.35 279 5443.45 5034.05 6394.82
10434.65 4206.45 7082.57 2209.16 7299.16 1097.89 5782.32
9383.72 7796.35 5870.94 1976.03 5938.61 4081.94 4866.11
3139.45 9040.36 8958.27 4225.65 3622.15 7104.12 10179.82
6482.4 8177.32 6367.06 2558.73 6749.76 8361.97 7182.66
7666.16 6632.02 5989.84 5290.78 8866.19 8133.7 6044.06
3548.14 6695.22 6638.83 4733.58 11169.68 1400.11 3412.8
11172.34 7470.37 7639.78 3494.66 2736.86 6980.17 1548.85
6310.98 8373.05 7480.32 2974.05 8135.41 5155.43 5995.25
10202.76 7429.85 4719.26 12215.99 5178.34 7058.46 5450.55
9381.85 8191.03 2386.21 5499.3 2760.72 9200.38 7644.0
5545.7 9694.25 7612.91 2380.61 4679.11 9915.84 6298.69
7703.12 3578.06 8787.47 9245.08 7712.33 5632.31 10522.36
7385.12 1827.57 4025.23 3550.61 7917.65 8251.48 5659.77
9322.94 6879.97 6502.81 6409.25 7530.89 2568.87 30
7664.61 2834.02 6800.87 8308.21 5313.38 1448.17 8549.33
1924.89 7007.45 4445.58 4397.18 5790.07 7563.94 6541.12
2045.63 4433.5 4067.4 5848.94 2281.33 8492.94 8747.07
4424.79 9269.31 3339.55 3777.16 1314.46 4962.74 5678.43
2417.49 7762.36 5351.73 4514.07 10413.93 8510.14 2642.91
1791.19 4393.99 3399.92 7979.01 1555.6 1557.13 5792.74
7591.68 8537.88 4580.85 5552.48 1391.61 4122.27 4615.31
5125.85 3411.13 7613.7 1860.09 7278.71 8250.43 5080.97
777.93 3029.67 4908.91 3276.34 9905.56 3232.73 7578.91
2695.66 7761.55 8975.72 4052.09 11504.01 6982.04 3706.23
5862.63 8053.15 2492.38 10057.13 5204.84 851.28 5559.67
9017.62 4791.68 6482.5 2257.15 8760.16 3802.85 1714.18
6217.69 9839.49 6858.4 10543.98 7588.4 4591.76 8370.2
409.01 2536.06 3806.71 8052.36 1055.36 2186.74 2986.61
2378.57 8003.91 366 3463.03 9265.82 4619.44 7145.69
5976.98 9717.05 5041.52 9429.44 7999.41 6722.11 9353.02
6544.48 3628.11 6230.22 9281.73 9855.49 7139.73 5970.04
10716.28 5091.64 3096.73 7582.55 2309.42 11352.94 7531.78
12157.34 6408.91 6741.98 8800.65 5161.89 6488.26 7581.52
729.6 2645.12 9693.85 12816.43 8069.33 11451.85 3945.86
10905.29 9578.43 5357.39 8820.3 5934.33 7602.84 10717.85
9922.89 7895.81 9101.64 7945.1 8070.06 8764.1 9305.99
5655.61 3797.51 7247.57 11794.89 8324.78 6330.88 14348.25
1818.55 8481.47 10381.4 9088.94 3996.19 2228.46 9644.66
1055.72 5450.25 7421.6 9281.76 5815.22 9209.39 1691.28
9024.63 11449.75 7318.25 2645.13 9663.69 4901.6 9429.97
3664.53 9189.12 11542.68 6072.46 1631.2 8600.39 957.05
9038.15 6901.28 3775.47 11426.9 9668.45 11291.01 5963.44
10643.04 8948.19 11581.07 12275.46 4739.12 174 8816.65
4810.63 7688.56 8173.76 6789.86 2813.71 10277.09 2880.36
8985.09 5564.54 3945.19 6196.45 8616.65 8331.04 3860.35
6466.15 5560.04 7503.24 1677.02 8842.43 10188.48 6247.65
10186.92 1999.77 4716.06 2627.8 5844.83 7481.01 3539.56
8186.44 5951.86 4910.43 11563.7 9599.73 4659.57 2507.72
4577.58 5303.34 9496.1 3550.0 3191.38 7100.65 7048.15
10361.49 6429.12 4451.82 2479.51 4528.22 6633.74 7065.46
4176.85 9626.06 3528.56 7641.25 8969.27 6915.83 2209.68
4744.36 5916.26 3304.61 10824.54 5085.3 6623.06 4620.74
8541.41 10211.78 3532.68 12473.21 8679.55 5051.94 7891.09
8266.83 3037.7 11376.84 4753.45 2666.14 7443.44 10399.42
4135.01 7383.71 2814.46 10306.94 3598.69 701.91 6684.28
11120.39 6399.24 11553.48 9609.08 6234.18 9901.18 2170.21
2644.18 5744.23 8228.35 3088.23 3549.72 4851.25 3955.07
9666.58 41 4135.61 3549.26 2996.39 4913.69 2664.86
2446.06 6353.48 1989.61 6348.41 1046.67 2676.55 2048.62
3910.47 4812.07 2713.76 5377.05 1892.54 3686.88 3201.97
4673.52 5714.05 3386.4 5498.1 4014.44 266.02 5124.14
1138.64 4167.3 1482.1 3923.0 1500.66 1083.48 6864.45
4895.52 3857.63 5672.36 1444.75 5788.22 5162.58 4333.73
2542.24 2625.33 4875.78 6739.4 3613.33 4464.6 2523.7
933.88 4968.3 4540.72 531.83 7267.63 2432.57 3483.6
4380.96 3881.12 4642.46 2362.47 1234.33 7147.6 6137.54
2968.56 5618.13 3186.81 3908.05 5554.11 2729.35 7776.77
4814.84 1309.27 6122.5 4330.44 1671.35 6757.43 3002.25
4463.35 4501.54 5851.21 3201.75 2685.38 1896.69 5983.51
2135.07 4006.75 2401.83 6478.16 4136.69 6848.2 7384.99
2713.88 5570.0 4256.29 2154.82 5931.22 4359.3 3816.42
1831.82 5632.9 5750.81 5618.06 29 7936.42 2550.6
7910.44 10989.27 5346.8 4599.42 6699.6 5155.41 3935.1
5829.61 8023.85 8057.2 8113.22 4846.8 3566.39 1110.22
4696.06 5015.7 6473.88 10363.0 7951.14 3527.17 9848.1
7637.22 5846.62 3977.39 6629.28 4223.76 5033.12 9607.04
7411.69 7150.83 10246.64 8782.53 2296.1 4530.87 7350.66
1214.64 7069.31 2838.63 4144.85 6150.5 10888.45 6230.52
3439.04 9558.34 4934.82 6876.78 1866.72 3030.79 5951.42
4061.96 4000.58 9313.93 9435.93 3726.2 4216.22 3752.0
6338.29 5557.49 10393.71 3191.17 11323.38 2916.76 8903.15
8770.67 7800.52 11687.24 5600.21 4962.09 2290.89 10220.59
5802.94 9448.12 8691.9 3717.26 3674.44 8368.81 8529.89
7641.19 5690.22 7597.75 7338.46 6105.05 8284.58 9375.34
10131.48 10729.61 3916.41 4398.68 7334.15 4205.17 6226.99
736.41 10282.55 3392.37 4593.06 1687.32 2883.75 6533.66
338 3368.44 8627.83 3014.7 3419.17 5604.24 8122.74
6997.14 7648.54 9164.77 5330.59 6532.36 3906.74 2991.18
7103.96 8171.2 9914.43 6291.33 6248.12 8438.51 1480.68
4938.55 7420.52 1926.17 8747.13 5802.75 10795.87 4648.06
7169.41 7154.89 1944.52 4220.67 5198.63 3603.68 2873.58
9032.53 11349.24 5537.58 11001.58 5328.32 9875.24 8176.77
4792.71 5196.54 7868.14 7550.06 7526.86 8186.68 5588.89
9245.52 8258.74 6153.68 10107.38 8006.34 2512.98 1481.69
7416.7 10319.75 7433.48 4803.34 12813.99 2064.01 7845.94
6784.0 8333.02 2013.19 3694.77 6902.86 3265.97 6462.25
6233.79 9917.64 2242.17 7196.63 4516.77 5980.86 10123.45
7784.09 4604.17 6691.6 3302.8 7443.36 5660.38 6603.63
9427.02 3420.5 4184.0 5128.37 2856.18 10343.03 6523.96
5470.13 9933.54 7470.93 11001.84 2368.24 9426.8 7464.68
10970.68 11315.79 6340.25 242 6895.7 1739.99 6884.32
10060.99 4307.25 4009.88 5824.92 4508.82 3299.89 4858.27
7313.53 7118.95 7072.16 3897.91 2863.01 316.11 3701.73
3987.78 5991.85 9361.72 6960.29 2486.23 8806.91 7181.29
4952.27 4031.37 5660.88 3223.64 4282.81 8609.6 6463.98
6282.68 9228.61 7743.37 1624.86 4674.11 6526.16 1714.01
6077.9 2652.07 3527.14 5112.45 10056.71 5439.15 2398.59
8928.16 4379.57 6035.78 916.88 2056.76 5119.02 3655.36
3320.16 8334.57 8404.23 2701.21 4135.13 2848.17 5356.0
5903.9 9353.9 2250.89 10588.27 2101.97 7872.27 7746.99
7127.21 10658.12 4631.14 4016.76 1822.42 9244.26 5117.48
8455.0 7933.53 3603.59 2705.58 7370.02 7835.85 6619.63
5038.45 6639.19 6627.07 5783.19 7321.37 8370.8 9304.78
9697.78 3575.0 3363.24 6358.33 4028.93 5599.91 1399.53
9311.48 3070.18 3857.74 2061.03 3203.59 5596.07 295
3005.81 8448.98 2834.14 3791.42 5350.45 8067.68 6573.87
7617.09 8809.62 5204.14 6675.04 3970.5 2663.7 6754.16
8048.26 9667.16 6108.79 5938.82 8495.07 1778.51 4499.34
7173.46 1468.61 8863.93 5737.97 10727.38 4563.05 6859.45
7097.08 2097.04 4215.69 5237.48 3150.49 2452.67 8860.18
11298.53 5610.78 10818.06 4917.67 9756.18 8094.2 4540.64
5533.52 7451.96 7292.82 7756.28 8153.6 5619.92 8984.37
7971.78 6125.17 9743.76 7907.63 2664.78 1288.92 7134.87
10264.36 7273.31 4684.69 12779.41 1612.34 7658.66 7116.83
8165.81 1817.49 3246.03 7032.75 2906.18 6093.52 6095.75
9613.16 2538.05 7197.5 4054.47 6166.93 10045.95 7477.69
4156.17 6867.5 3138.38 7442.56 5223.51 6700.15 9463.26
3473.29 3721.86 5417.22 2425.48 9983.59 6288.1 5044.79
9878.27 7505.66 10799.74 2675.24 9329.26 7386.33 10806.02
11196.62 5930.53 29 5771.64 6880.88 4239.49 2369.29
5699.2 5089.6 9077.63 4475.97 9677.88 4171.3 1900.06
2230.38 5320.7 7934.63 5876.79 8782.19 5277.86 6768.62
4243.15 3649.68 7785.51 6799.9 6099.19 4050.67 3705.27
7493.8 3538.76 7428.44 4410.95 3294.08 2751.54 2359.8
7914.57 6140.94 7127.73 7821.18 2069.96 8930.99 7552.49
7220.18 5430.14 5268.88 1471.24 9657.37 7022.7 2404.52
4906.73 2560.73 8404.22 7951.26 3476.15 10625.11 5478.7
2761.46 4611.15 7239.62 6938.75 5763.37 3910.13 9035.09
6631.23 6381.85 2335.25 6512.77 4465.88 7080.12 2309.87
8199.56 7731.39 4739.63 9559.09 2907.7 3802.97 8306.08
1091.27 6990.27 7844.45 7730.88 1776.29 4116.58 3999.23
8291.22 2393.71 5292.75 2537.78 7961.83 712.81 7499.16
10762.06 6045.43 7912.86 6597.54 3654.56 9153.69 2806.54
6605.12 4854.22 8683.94 8484.85 8295.65 266 5662.03
1209.19 5647.77 8934.63 3062.84 3487.68 4940.06 3868.8
2971.15 3700.11 6497.94 5991.4 5829.72 2917.39 2275.77
1286.53 2519.42 2804.22 5520.45 8149.29 5843.66 1244.21
7570.01 6710.01 3912.33 4336.85 4500.58 2137.23 3494.29
7402.38 5327.45 5260.74 8050.11 6515.68 1433.4 5034.44
5563.33 2697.89 4965.88 2849.46 3003.27 3867.9 9053.07
4710.24 1176.44 8197.23 3882.22 5056.75 799.26 1160.17
4171.43 3629.66 2716.23 7149.36 7162.62 1550.18 4277.94
1876.35 4177.83 6429.71 8123.26 1257.21 9705.82 1442.21
6631.34 6559.02 6365.57 9454.56 3585.21 2913.33 2055.48
8060.92 4391.79 7327.42 7043.91 3756.23 1740.87 6235.48
7034.47 5387.81 4365.53 5587.79 5822.32 5531.08 6159.63
7221.31 8312.05 8488.76 3644.36 2120.35 5275.83 4066.09
4941.41 2518.29 8134.34 3029.07 3118.06 2901.46 3853.27
4597.86 26 1389.18 5614.69 145.36 4211.58 2598.46
5409.77 4934.73 5035.54 6431.67 2433.33 4927.35 2215.51
969.53 4393.46 5254.7 6887.5 3274.54 3377.67 6213.55
2716.97 3408.99 4397.25 2426.9 6847.34 3110.89 8012.94
1936.34 4280.05 4449.56 2080.9 2002.7 3083.24 3874.73
1916.84 6026.69 8619.6 3589.11 7983.88 3284.07 6961.29
5370.56 1795.53 5291.72 5660.58 4537.21 6457.07 5555.76
3385.4 6232.52 5292.72 3603.93 7404.46 5153.67 2137.97
1558.77 4446.06 7581.77 4445.81 1946.95 10130.17 3066.43
4824.56 6652.45 5334.05 1024.23 2758.97 5184.09 4702.18
3901.94 3294.02 6982.9 2921.76 4739.23 4005.95 4733.27
7317.28 4873.7 3348.49 5298.97 391.94 4969.59 3957.33
4698.34 7073.86 1846.5 3679.56 4806.48 3779.16 7614.24
3494.08 3604.68 7199.09 5168.94 7971.11 3048.52 6567.86
4680.88 7973.9 8398.1 4163.94 85 9365.15 4611.19
8375.28 9259.67 7112.33 3122.52 10387.29 3411.99 8743.82
6104.21 5065.15 7082.49 9221.66 8375.28 3883.97 5992.81
5862.36 7683.56 2723.7 9774.78 10548.61 6258.1 10873.1
3229.84 5335.81 1741.13 6514.21 7512.12 4025.66 9085.44
6754.21 5778.35 12123.88 10188.69 4360.94 1389.0 5518.16
4548.23 9796.23 3031.27 3352.57 7541.75 8222.14 10363.0
6408.81 5681.82 2903.85 5383.14 6292.36 6910.67 4865.72
9282.83 3673.62 8559.79 9747.14 6910.34 1543.34 4863.82
6522.07 2091.55 11512.62 5065.19 7849.66 4510.39 9287.69
10714.0 4659.64 13139.84 8820.29 5448.16 7481.21 9244.69
3771.93 11826.87 5887.52 2077.24 7372.82 10803.68 5304.33
8060.98 3526.88 10584.26 4640.34 1671.47 7552.31 11596.0
7552.19 12195.21 9231.24 6422.27 10190.85 1724.24 3528.61
5018.49 9218.95 2761.86 3899.78 4072.42 3019.54 9841.07
242 6414.97 5824.31 4941.69 4153.0 5551.3 3714.22
9198.2 3124.38 9205.3 3910.95 252.74 2924.18 6040.71
7723.47 4715.29 7794.0 4768.1 6592.18 2496.24 5157.81
8282.75 6188.41 7193.94 2277.15 3142.12 5867.9 3575.76
7068.01 3284.78 4638.26 3092.44 2125.15 8890.61 6976.24
5988.24 6130.96 1589.33 7617.68 7867.7 5805.29 4135.0
5366.65 3040.25 9633.17 6418.26 1553.8 3447.24 2020.66
7546.34 7326.58 2669.4 10095.89 4270.56 4067.83 5762.42
6740.56 5310.22 4879.9 3879.34 7281.4 7786.56 5493.88
3064.1 5467.06 5478.81 7826.13 552.54 9423.16 7697.83
4144.78 8789.85 4477.56 2466.13 9073.42 702.09 5432.43
7364.9 8325.66 292.28 4719.88 2594.61 8667.58 936.48
3529.98 3400.73 8751.21 2353.71 8622.12 10191.29 5604.96
8262.33 4995.81 2115.07 7901.75 4406.09 5172.24 3705.78
7313.03 6956.91 8441.18 422 7412.68 3848.38 7855.12
11512.74 5216.78 6192.25 5104.07 6631.71 2008.09 6307.99
9304.27 8602.71 7721.2 3739.53 4993.51 1983.67 5129.93
4450.32 8211.75 10470.15 6816.87 3613.8 9286.27 9406.05
6659.92 6264.7 7079.12 3529.1 6295.25 9762.86 7934.3
8005.19 9245.09 8155.64 3854.41 6870.9 8340.17 3616.94
5987.45 4937.49 5702.3 5994.52 11787.18 4418.29 3409.04
10998.35 6577.26 7829.11 2013.31 2525.7 6962.49 1745.62
5450.7 9601.17 9245.72 3359.73 6411.58 4679.88 6723.67
7967.83 9737.38 4063.22 12500.09 4166.26 8743.4 7878.74
9168.99 10779.07 4502.79 5627.06 821.11 10504.33 7184.4
8269.72 9840.66 5883.73 2917.29 7270.71 9840.82 7651.26
7143.31 6294.68 8628.5 8064.63 8696.7 8282.24 11057.59
9883.95 1549.64 4480.69 6138.99 6319.95 7717.32 3148.79
10596.71 5362.42 5906.81 4073.56 5275.8 5195.09 84
3230.02 6144.96 4601.46 8623.86 3591.59 7511.05 706.19
7490.68 3723.84 5136.58 8755.0 6483.24 3724.72 2355.74
6632.34 6068.54 4770.41 2830.49 9155.75 6841.79 1446.71
4343.47 4499.79 10137.16 6024.22 9376.06 5388.99 3149.34
6841.01 6395.38 6013.95 6839.06 3760.26 3481.97 6528.9
10081.48 7371.86 7913.09 1176.98 7931.83 7184.89 3595.72
9739.33 1618.61 4251.29 10485.14 7840.95 6964.1 5328.58
4195.0 6615.4 4428.95 6853.1 6573.93 5235.17 3769.33
9167.55 5648.76 5083.22 11564.24 4712.99 5505.51 11034.88
6113.57 4934.8 2731.03 8880.66 5316.34 1718.32 5332.49
5174.22 7260.73 7589.6 2655.22 8819.85 8707.05 3552.87
1865.62 9233.04 4641.19 7733.49 727.73 8298.29 9668.05
6229.76 2758.05 9211.25 4552.07 4705.25 4099.21 898.18
8860.3 8182.88 7640.59 7402.88 7887.27 6771.42 8161.59
9100.0 680.42 126 3319.37 9144.13 3655.77 4951.36
5908.43 9001.68 6424.25 8590.17 8972.84 6048.36 7839.59
5087.87 3135.93 6968.87 8863.45 10180.85 6824.53 6316.99
9577.08 2978.72 4287.09 7715.02 1407.4 10003.79 6677.87
11625.26 5489.77 7217.04 8033.97 3290.98 5258.6 6317.93
2372.7 2533.04 9566.32 12223.91 6723.1 11485.2 4891.13
10566.76 8982.5 5126.48 6722.77 7332.65 7804.65 8960.68
9120.91 6688.62 9465.11 8386.83 7114.33 9862.02 8769.01
3853.04 2241.2 7577.46 11186.1 8021.21 5553.16 13726.13
1018.99 8342.71 8309.07 8889.36 2693.93 3009.15 8187.25
1737.36 6243.49 6903.56 9954.17 3741.33 8218.24 3462.56
7357.21 10931.38 7837.18 3872.72 8051.66 3974.1 8459.59
5005.81 7828.49 10518.51 4587.37 3180.6 6624.61 1503.22
10117.34 6873.56 4920.05 10801.93 8566.81 11422.66 3875.46
10182.89 8287.38 11515.98 11999.46 5879.55 183 3644.53
4063.65 4454.97 8475.42 2291.58 5695.84 1845.55 5790.17
2159.64 3914.35 7579.31 5843.69 4027.0 209.29 4688.01
3947.76 3149.82 1224.73 7521.6 7047.59 2962.3 2304.37
5446.23 8601.25 4685.88 7316.52 4442.17 1053.84 5179.9
6427.52 5240.49 5789.18 5364.79 4310.91 4428.09 8023.35
6278.44 5767.79 2104.2 5849.58 5311.64 2771.55 9218.55
1890.48 2173.12 9365.84 6058.66 5800.42 3198.96 2052.21
5226.14 3101.5 4974.14 6418.5 5625.92 1673.32 7151.02
3755.76 4075.32 9481.18 5862.65 3496.52 10300.56 4076.55
5174.64 3981.61 7617.45 6887.54 605.8 3779.43 3233.59
7256.81 6025.94 4449.61 7827.08 6668.15 1407.17 3405.9
8100.69 4344.85 6124.18 2548.15 7020.12 7887.72 5750.15
4423.61 8581.79 5986.89 3335.12 2337.89 2308.64 6867.76
6637.4 5503.46 7376.35 5862.6 5016.06 6015.93 6970.67
1490.77 74 6551.11 3766.13 7097.31 10876.6 4504.03
6077.42 4142.68 6447.73 1058.14 5748.47 8970.96 8009.65
6883.85 2830.14 4865.21 2226.15 4606.36 3644.71 8110.3
9724.27 5867.35 3085.5 8401.48 9299.64 6206.83 6557.74
6487.03 2736.51 6031.35 9036.91 7346.33 7530.68 8299.81
7267.29 3878.83 7207.55 7908.83 4115.42 5047.98 5138.55
5592.26 5248.18 11273.78 3476.1 2861.36 10710.62 6471.75
7395.0 1904.81 1932.66 6574.31 1121.4 5305.6 8914.04
8437.57 2692.62 6625.93 4370.14 6120.21 8420.72 8834.27
3786.52 12085.43 4030.0 7947.61 6951.11 8875.56 9839.3
3577.81 5160.76 723.18 9806.42 6941.12 7312.8 9445.07
6091.77 2159.47 6322.69 9511.94 6914.32 6932.73 5334.9
8311.47 8087.92 8059.6 7331.41 10561.57 8953.71 1070.73
3874.56 5187.05 6480.52 7508.02 3685.11 9906.6 5470.97
5680.89 4531.93 5712.78 4236.6 301 5820.57 1226.79
5178.97 7528.76 3334.37 1145.21 6525.02 1569.58 5231.86
2789.68 4382.85 4685.94 5788.51 4534.37 85.2 3195.04
2117.01 3815.72 3177.69 7253.36 6748.48 2431.31 7547.46
4367.88 2427.83 2904.28 3481.45 3675.97 1385.27 6491.71
4105.17 3607.32 8531.81 6688.75 1359.2 3575.77 3737.13
3171.28 5962.15 1762.76 665.93 3897.66 7263.69 6552.43
2608.43 5983.05 1540.31 3290.9 3079.78 3279.21 2372.72
5959.69 381.17 6092.4 6706.05 3098.02 2581.18 998.67
3311.68 5106.69 8170.79 1266.39 7675.81 908.05 6186.08
7063.04 4183.3 9714.77 4950.7 1912.67 4372.98 6958.73
2173.52 8096.44 5040.33 2197.14 3623.8 7038.59 4898.43
4865.41 2094.65 6734.97 3696.04 3260.82 5013.21 7897.15
6504.8 8741.32 5984.79 2563.13 6348.95 2241.84 2661.19
3363.18 6992.98 1390.84 942.83 2994.8 3203.57 5970.6
419 4660.17 2171.42 4884.03 8503.44 2228.92 4106.12
3764.93 4343.36 2332.69 3337.45 6642.17 5610.56 4889.78
1726.05 2969.36 2231.71 2198.3 1688.97 6077.83 7478.4
4661.21 703.48 6575.51 7232.03 3817.19 5420.9 4085.67
934.6 3827.42 6760.37 4944.53 5126.99 6917.89 5484.31
2511.13 6126.37 5521.1 3889.99 3780.19 3941.44 3662.98
3029.62 8861.62 3617.02 473.94 8409.44 4494.82 5008.19
1491.99 491.78 4223.78 3204.66 3334.3 6586.52 6332.62
402.31 5294.89 2192.12 3723.25 7564.3 7097.82 1745.64
9694.94 2246.06 5814.35 5439.85 6583.3 8357.92 2380.99
2773.0 2196.41 7491.08 4736.65 6152.01 7070.29 4794.27
618.82 5063.73 7183.06 4662.31 4772.43 4385.44 6002.6
6270.68 5685.51 6060.84 8150.54 7403.3 3309.77 1473.02
4079.45 5038.22 5334.12 3674.69 7582.1 4010.84 3547.21
4105.7 5038.51 3395.11 74 7673.14 3185.01 7902.01
11322.91 5251.47 5472.21 5849.91 5968.52 2865.27 6085.02
8754.5 8381.13 7923.49 4211.04 4320.36 1211.55 4898.76
4672.53 7447.64 10465.36 7359.65 3479.38 9582.39 8634.54
6291.44 5240.02 6882.46 3779.82 5720.88 9730.53 7715.88
7636.65 9745.49 8472.47 3086.76 5820.9 7914.0 2527.25
6494.96 3986.6 4989.54 6059.64 11426.45 5262.77 3318.13
10385.24 5840.78 7414.27 1643.95 2604.81 6510.0 2817.32
4778.79 9507.08 9369.03 3433.73 5430.5 4211.42 6550.84
6873.23 10080.61 3592.57 12014.59 3538.67 8848.14 8317.36
8578.34 11244.88 4990.82 5304.36 1228.13 10418.5 6569.97
8846.02 9354.42 4912.7 3165.76 7800.9 9280.7 7665.32
6496.69 6912.54 8069.23 7199.28 8537.16 8818.68 10680.49
10315.94 2645.16 4391.01 6703.13 5374.65 7060.12 2051.91
10497.51 4470.33 5302.92 2993.66 4194.47 5815.97 89
2258.0 5473.18 3536.07 7592.31 2606.48 6604.0 1543.79
6532.65 3881.86 4082.41 7669.04 5384.53 2736.6 2035.67
5816.24 5725.2 3833.84 2042.94 8160.4 5880.8 1118.41
3674.97 3797.25 9108.38 4979.77 8636.59 4296.89 2629.07
5875.73 5386.03 4912.64 5747.87 3514.45 2692.09 5881.11
9335.42 6282.39 7446.63 255.02 7235.84 6313.74 2515.32
8656.98 2346.2 3632.32 9391.06 6914.23 5883.69 4968.84
3804.63 5575.06 4736.9 5990.12 5528.31 4309.61 3201.13
8382.66 4817.91 3999.2 10844.0 4131.29 4766.38 9938.08
5388.16 3958.09 2176.76 7804.68 5046.66 1256.06 4356.29
5086.02 6250.79 6584.0 2615.14 7720.92 7949.0 3162.01
1554.19 8141.95 3557.21 6740.62 920.59 7226.63 8725.81
5139.92 2571.99 8118.52 4166.82 4997.57 3253.94 539.05
8055.9 7167.32 7229.71 6389.01 7122.44 5845.46 7641.26
8488.56 806.58 478 1095.99 4985.63 1967.93 6049.85
1687.43 5570.59 3117.35 5381.32 4761.23 2733.25 6154.28
3778.75 1418.67 2698.09 5014.77 5790.04 2877.74 1906.02
6889.87 4467.28 1981.53 3371.62 3005.3 7747.07 3632.99
7895.99 2781.58 2813.89 4724.97 3895.1 3328.01 4222.67
3561.03 1914.8 5414.6 8567.78 4761.05 7227.63 1547.82
6617.53 5370.77 1159.38 7053.35 3822.38 3432.47 7841.97
5827.3 4399.82 5063.09 3975.21 4226.47 5713.91 5077.93
3975.43 3012.34 3170.63 7560.1 4043.21 2529.68 10099.37
3527.64 4195.6 8330.33 4800.09 2568.78 2074.2 6322.24
4871.78 2107.3 3244.33 5564.96 4749.23 5311.9 3135.45
6152.12 7189.58 3435.12 2141.6 6606.99 1957.27 5498.25
2325.48 5761.23 7570.22 3532.59 2911.83 6509.95 3897.94
5943.03 2622.23 1926.29 7202.24 5859.6 7110.48 4879.96
6374.31 4792.96 7324.32 7986.73 2338.66 476 2956.3
7321.87 4486.48 8226.79 4370.29 8388.51 2167.54 8271.23
5229.02 5690.82 9087.69 6535.96 3424.54 3725.09 7649.84
7467.43 5618.19 3892.85 9838.52 6280.05 991.16 5520.69
3579.91 10717.36 6594.66 10482.84 5736.73 4428.38 7611.26
5982.68 6192.62 7159.11 2405.16 2806.16 7728.0 11180.25
7696.76 9250.68 1684.69 9085.72 8122.46 4095.18 9565.71
3037.95 5469.46 10728.76 8681.3 7359.0 6716.34 5560.02
7190.51 5921.93 7804.43 6281.39 4658.47 5022.65 10220.22
6650.27 5499.79 12691.56 3621.18 6615.58 10980.87 7237.67
4499.62 1847.04 9275.51 3924.02 2988.73 6095.89 6655.33
6822.57 8257.15 1237.13 9014.98 9792.9 4911.19 1009.4
9518.72 4626.28 8432.67 978.47 8722.88 10469.57 6188.12
1443.81 9131.0 3268.67 6199.44 5090.24 1310.87 9888.27
8817.6 9010.09 6973.28 8966.01 7619.65 9464.08 10332.99
2049.09 487 3651.87 9386.45 4860.96 7453.17 6113.91
9902.25 4979.99 9628.37 7979.84 6917.84 9614.14 6809.57
3846.65 6258.96 9436.48 9917.73 7294.67 6055.6 10941.09
5398.06 3110.68 7681.55 2597.48 11596.07 7740.23 12315.7
6630.24 6802.94 8994.57 5458.24 6735.92 7826.93 893.19
2860.17 9813.34 12980.03 8319.95 11545.58 3977.66 11045.15
9751.46 5519.84 9122.64 5860.66 7692.97 10996.18 10116.39
8135.14 9162.23 8001.67 8285.7 8721.5 9473.7 5946.77
4086.68 7323.76 11962.62 8471.14 6539.59 14512.26 2123.21
8607.94 10681.49 9219.55 4269.3 2354.93 9900.51 1268.39
5479.71 7596.67 9299.46 6119.22 9424.09 1648.14 9298.56
11608.37 7368.64 2670.16 9932.19 5136.88 9641.93 3634.22
9437.75 11754.46 6341.76 1654.19 8896.06 1266.13 8997.2
7024.9 3778.02 11597.33 9892.32 11372.94 6267.81 10797.52
9130.56 11686.51 12404.21 4723.83 284 8300.87 2726.1
7619.47 9480.08 5773.67 2445.22 8635.02 3023.58 6670.48
5223.24 5658.16 6845.98 8267.46 6590.5 2448.01 3810.92
4587.71 6101.03 3545.29 9519.28 9133.99 4518.05 10020.91
4554.42 4697.22 547.35 5846.9 5739.62 3372.34 8771.63
6348.28 5611.98 11002.27 9169.88 2378.6 1242.84 5554.46
2359.17 8311.72 946.12 2316.82 6373.99 8839.74 8488.0
4621.09 6820.02 2532.59 5232.32 4184.4 4950.01 4434.11
7137.9 2502.62 8318.73 9124.12 5117.1 752.41 3408.77
5728.39 2704.91 10646.96 3375.97 8853.09 2756.15 8614.23
9525.06 5320.48 12196.02 7143.22 4379.44 5315.01 9131.9
3657.18 10524.36 6458.26 432.37 5486.45 9451.18 6062.44
7302.59 3438.52 9046.99 5047.76 2852.45 7241.45 10340.47
8100.07 11222.58 7068.71 4920.95 8680.65 905.63 3779.91
2818.06 9143.05 1092.34 3030.2 1895.62 1105.44 8181.08
372 8577.43 2664.12 8086.24 10324.01 5954.3 3287.73
8395.51 3898.76 6101.15 5714.34 6673.8 7571.46 8609.62
6368.45 2874.75 3103.29 4879.98 6079.87 4657.51 10181.17
9160.52 4434.46 10385.88 5698.43 5338.93 1517.16 6417.47
5559.96 4109.95 9421.36 7019.0 6404.2 11194.96 9455.03
2240.52 2001.43 6419.0 1328.07 8303.14 1195.36 3019.53
6644.27 9812.46 8130.44 4482.24 7923.67 3469.28 6045.17
3636.06 4592.75 5180.97 6437.91 3096.16 9007.81 9624.46
4944.69 1899.94 3675.83 6240.86 3098.55 10994.83 3443.11
9917.2 2842.34 9099.51 9698.53 6358.57 12479.89 7005.75
4817.6 4601.53 9858.33 4566.91 10606.41 7452.34 1533.98
5195.96 9516.21 7106.3 7776.81 4371.77 8982.55 6035.31
4005.89 7925.97 10456.84 9062.59 11501.76 6333.12 5024.15
8644.44 2044.77 4780.76 1810.19 9883.76 1770.02 3706.94
848.96 402.41 8033.09 352 7139.17 8944.01 5677.41
2065.45 7569.49 7107.6 10719.05 6495.21 11612.2 6132.9
3724.32 3960.97 6650.01 9781.68 7935.14 10840.48 7278.01
8623.2 6017.63 4093.49 9183.63 8804.36 6954.48 5531.86
5745.33 9401.05 5431.47 9346.45 6466.86 4125.18 4587.39
4396.51 8819.27 7300.78 9189.49 9663.94 4133.04 10976.59
9100.18 9236.6 7468.77 7039.34 605.52 11377.62 9023.13
3239.1 6896.45 4620.28 10448.08 9948.55 5538.63 12572.92
7531.09 3774.37 5526.23 9207.94 8843.26 7820.22 5806.29
10766.95 7366.18 8436.77 1452.45 8575.89 5571.65 8279.65
4088.75 8747.43 9493.48 6766.71 11582.02 3375.53 5818.07
9431.85 2918.11 8943.75 9799.33 9046.19 3384.55 5645.5
5998.43 9770.4 4332.92 7025.62 4087.72 9077.8 1351.32
8230.26 12723.44 8013.31 9423.92 8521.9 5597.64 11208.86
3224.89 8613.51 6910.29 10716.55 10458.15 9938.3 284
7423.8 6976.38 5911.18 4248.58 6745.03 4777.82 10365.21
4218.61 10423.57 5106.15 1466.05 3839.13 7017.12 8931.48
5848.63 8950.53 5986.22 7793.85 3214.38 5664.45 9353.18
7404.69 8003.99 2524.97 4357.34 6669.37 4714.61 8284.41
4453.71 5272.24 4137.46 3271.39 9772.11 7913.21 7113.31
6830.81 2751.85 8651.56 8987.12 6800.47 5227.31 6518.26
2700.91 10824.47 7634.51 410.81 4468.96 3215.95 8732.0
8540.32 3887.52 11311.93 5395.11 4719.97 6529.98 7959.19
6119.91 6075.99 5037.8 7816.71 8564.31 6685.01 2134.8
6625.39 6318.54 8805.93 1583.05 10163.15 8885.4 5363.45
9985.61 4924.26 3592.34 10050.77 1316.68 6319.16 8583.55
9364.42 926.41 5722.23 3683.84 9774.76 2120.33 4132.71
4267.43 9718.01 2236.29 9422.52 11404.99 6822.38 9374.85
5845.52 3147.94 8964.13 4822.01 6166.46 4860.28 8316.83
7847.09 9601.01 422 7114.5 4197.66 5905.54 6426.43
5337.02 1853.51 8977.41 1529.71 8168.62 3928.79 2273.22
4351.39 6876.52 7155.39 3063.98 6115.66 4185.92 6188.79
229.61 7001.03 8629.7 5206.77 8392.07 1375.64 3035.87
3451.52 4092.97 6351.6 2119.53 6341.13 4125.92 3069.93
9835.09 7863.09 4214.45 3690.68 2733.56 5504.74 8004.59
3628.43 2343.26 5516.21 5478.65 9189.3 5418.88 3324.65
1465.89 2692.98 6069.86 6205.36 2455.57 8937.15 2618.86
5797.19 7141.29 5859.34 2896.7 3678.35 4211.72 4884.26
9026.83 4179.88 5352.95 3900.7 6725.76 8532.41 1887.98
10681.32 7377.75 3596.29 7364.07 6437.86 1352.3 9729.6
3100.9 3084.44 6449.5 8798.66 2600.07 5608.41 1193.42
8826.7 1804.91 1188.62 4840.42 9454.8 4775.86 9776.55
8971.91 4963.15 8414.15 2610.49 831.56 5858.3 6404.8
3005.19 2326.09 5137.02 4611.42 8305.27 214 8038.0
4414.09 6883.58 7408.24 6093.28 2220.16 9648.03 2167.3
8544.15 4801.45 3199.08 5378.43 7825.39 7744.1 3369.11
6202.44 4884.35 6860.08 874.68 8029.68 9461.7 5700.38
9379.33 1532.06 3936.24 2837.59 5047.23 6907.98 2824.39
7369.91 5135.3 4091.79 10777.82 8810.23 4329.55 2914.41
3762.62 5270.23 8792.93 3420.81 2656.9 6359.16 6357.9
9782.42 5895.21 3920.06 1845.89 3709.92 6281.51 6595.76
3383.48 9240.57 2984.3 6826.28 8152.71 6367.6 2323.68
4170.4 5132.82 3952.98 10016.24 4577.19 6056.02 4177.42
7727.72 9442.03 2792.25 11666.94 8045.46 4344.47 7564.23
7461.75 2244.81 10619.27 4020.05 2664.0 6923.06 9657.67
3441.33 6580.81 2031.93 9609.31 2805.84 209.93 5865.8
10356.12 5684.4 10751.7 9245.11 5600.26 9200.37 2147.36
1827.01 5677.15 7426.22 2865.99 2896.53 4850.21 4116.2
9012.53 251 9415.76 4376.69 8499.97 9606.6 7072.97
3166.92 10231.14 3541.96 8448.33 6177.32 5453.26 7319.49
9300.72 8201.46 3768.15 5624.23 5828.68 7574.77 3107.08
10024.47 10504.1 6088.79 10985.63 3723.92 5457.76 1292.9
6645.11 7339.12 4114.07 9318.76 6949.62 6017.0 12168.89
10255.12 4088.5 841.3 5797.88 4086.4 9727.69 2699.43
3319.57 7553.44 8638.65 10160.17 6224.32 6169.96 3011.13
5619.65 5973.81 6663.52 5028.5 8944.52 3620.07 8806.41
9911.81 6726.95 1248.91 4765.18 6621.94 1698.59 11623.91
4900.46 8327.73 4317.31 9437.88 10735.89 5055.46 13235.41
8685.76 5463.9 7126.24 9522.97 3980.74 11819.58 6280.26
1765.73 7157.25 10778.64 5726.18 8182.94 3733.31 10501.6
4985.1 2083.05 7776.48 11601.73 7952.77 12280.7 8879.82
6329.57 10115.6 1531.66 3813.52 4563.01 9504.98 2533.91
3930.65 3606.96 2510.31 9715.76 39 6361.24 7437.53
4833.37 2416.29 6339.58 5556.2 9710.12 4944.37 10311.23
4804.66 2189.51 2856.51 5901.34 8575.21 6406.23 9357.36
5899.91 7409.2 4516.17 3993.99 8386.11 7418.53 6585.24
4155.97 4310.53 7863.71 4179.3 8064.83 4936.09 3734.95
3390.99 2973.4 8421.84 6693.26 7668.13 8147.29 2641.45
9432.51 8173.58 7684.38 5922.95 5907.78 1021.33 10295.71
7642.56 2169.19 5343.5 3145.69 8998.82 8571.4 4045.92
11255.96 5994.54 3235.76 5097.0 7868.22 7306.14 6344.58
4550.33 9296.3 7092.93 6965.48 1699.97 7069.91 4994.22
7644.32 2570.55 8625.61 8371.08 5350.9 10167.29 3232.68
4267.02 8860.24 1371.1 7395.48 8475.33 8317.91 1909.42
4725.14 4445.64 8904.53 2781.66 5544.97 3135.97 8513.01
400.18 7965.27 11390.24 6675.17 8529.84 6979.42 4048.15
9672.86 3112.05 7060.73 5379.02 9167.05 8907.32 8927.7
496 7189.1 1240.83 6847.14 9508.77 4541.05 2828.33
6868.75 3405.42 4692.54 4556.05 6288.99 6631.19 7264.3
4839.15 1912.59 1830.99 3573.28 4577.27 4678.4 9114.64
7658.08 2928.75 9041.67 5844.79 4370.35 2537.61 5319.54
4031.4 3368.25 8350.37 6021.67 5597.27 9746.81 8065.05
820.12 3203.66 5730.14 1190.15 6794.11 1139.69 2395.25
5275.27 9249.37 6625.24 2962.64 7779.92 3149.42 5285.63
2201.99 3077.04 4365.62 5143.49 2301.35 7990.82 8395.91
3417.95 2620.18 2420.1 5086.37 4528.0 9635.05 2043.35
9592.75 1517.05 7863.29 8247.65 6045.06 11073.8 5478.41
3646.46 3324.76 8876.76 4069.11 9116.67 6989.42 2088.95
3670.4 8024.07 6782.65 6549.49 3937.18 7461.16 5608.5
4346.75 6923.57 8979.44 8490.26 10096.89 5077.98 3585.91
7128.54 2524.41 4458.04 1378.19 8920.97 1617.08 2925.35
1131.33 1924.85 6504.23 379 8911.99 2985.6 8429.94
10653.21 6284.27 3608.41 8662.77 4217.12 6297.17 6058.81
6967.51 7910.3 8948.3 6644.22 3219.23 3281.73 5219.24
6387.89 4908.56 10523.92 9469.33 4740.22 10725.09 5920.51
5680.81 1634.48 6761.71 5846.06 4444.39 9764.4 7360.57
6736.9 11520.9 9789.67 2559.12 2012.43 6743.26 1399.22
8608.41 1535.13 3353.43 6980.02 10119.32 8373.73 4779.86
8181.46 3775.68 6375.41 3856.31 4850.39 5516.42 6590.68
3436.97 9349.2 9968.57 5234.69 2082.16 4016.14 6585.39
2953.06 11332.88 3771.07 10195.48 3175.45 9443.42 10023.57
6644.92 12813.13 7294.28 5161.73 4760.46 10197.92 4881.47
10920.78 7752.64 1777.97 5463.62 9829.49 7391.2 8120.72
4681.63 9278.81 6336.05 4209.73 8267.26 10775.31 9371.46
11834.99 6473.52 5349.22 8945.34 2273.34 5076.29 1874.73
10222.43 2094.47 4044.87 952.2 313.51 8317.59 122
7921.01 5689.36 8699.07 12619.17 6228.39 8017.88 4764.06
8399.58 2173.1 7601.62 10913.13 9815.19 8316.03 4216.93
6805.46 3962.27 6495.22 5254.01 10051.01 11315.8 6810.86
4994.71 9652.48 11242.59 8117.54 8279.91 8306.66 4420.19
7985.52 10668.86 9161.65 9424.17 9213.18 8527.08 5763.18
8889.93 9821.54 5626.32 6115.91 6929.83 7530.54 6905.44
13128.61 3886.62 4766.27 12659.68 8410.92 9308.41 3811.09
3843.64 8507.25 1197.11 7250.33 10605.23 9916.24 4526.12
8411.72 6323.28 7933.81 9974.1 10000.92 5741.02 13995.56
5968.77 9461.29 8029.1 10825.09 10771.8 4827.51 7072.46
2524.18 11474.93 8895.58 8113.84 11367.95 7880.97 3931.73
7264.3 11454.42 8554.42 8886.75 6158.68 10257.79 9988.22
9820.17 8212.19 12430.52 9970.35 1009.0 5721.46 6134.81
8303.28 9462.17 5152.66 11585.62 7322.02 7635.01 6087.99
7290.25 5151.21 170 8324.84 3574.55 7391.38 8597.91
6031.57 2070.69 9303.9 2432.99 7738.23 5076.97 4522.76
6231.95 8200.4 7297.44 2798.36 5090.48 4782.18 6595.23
2226.35 8939.63 9467.89 5181.25 9878.78 3093.28 4348.74
1276.78 5535.9 6434.83 3007.97 8227.19 5847.54 4933.05
11081.09 9158.88 3358.92 1437.12 4740.57 3865.58 8710.59
2137.69 2268.88 6479.5 7732.05 9294.01 5337.13 5456.62
1901.84 4535.8 5321.0 5871.51 3921.6 8320.9 2586.9
7721.34 8803.27 5837.39 786.66 3775.55 5515.87 2758.93
10517.33 3989.23 7562.35 3448.71 8328.61 9658.17 4143.08
12131.96 7733.79 4385.85 6548.05 8454.96 2890.65 10758.36
5348.7 1229.61 6313.41 9728.56 4852.26 7074.52 2643.69
9497.0 3998.57 1360.91 6682.83 10532.84 7022.48 11179.46
8285.8 5333.89 9104.36 749.55 2777.67 4307.01 8442.22
1750.32 2842.4 3415.2 2573.63 8753.41 102 4621.12
1514.49 4135.03 6998.28 2083.69 2099.46 5366.06 2218.97
4492.97 1856.44 4539.66 4060.23 4629.45 3440.86 1266.58
3218.15 901.47 2605.81 3962.55 6422.84 5495.82 1472.83
6404.05 5092.65 1900.08 4145.67 2644.25 2613.53 1668.08
5660.02 3412.97 3245.6 7304.51 5495.97 1903.59 4824.78
3545.88 3882.3 4715.72 2889.48 1749.42 2686.14 7037.05
5479.81 1694.34 6282.8 2458.59 3038.06 2815.24 2557.47
2163.46 5336.81 1418.74 5333.06 5682.89 2113.95 3834.56
307.17 2381.8 6353.78 7016.02 815.04 7700.79 1201.1
5151.69 5826.77 4449.13 8525.61 3771.06 964.91 4012.66
6234.31 2575.07 6845.53 5042.75 3440.9 2714.16 5785.55
5080.46 3834.17 2618.28 5496.31 3880.37 4288.88 4290.18
6650.39 6294.11 7548.82 5415.24 1336.46 5105.98 3492.81
3174.81 3933.62 6291.33 2621.89 1427.84 3838.83 4300.42
4771.72 32 1567.35 5208.61 2748.11 6816.55 2076.16
6088.36 2322.46 5961.13 4292.4 3405.92 6926.73 4592.82
2015.21 2277.71 5404.92 5735.34 3325.97 1839.75 7537.42
5151.78 1360.31 3469.25 3303.42 8443.05 4310.38 8270.28
3549.14 2634.7 5301.15 4626.73 4133.12 4998.46 3410.44
2168.32 5630.85 8958.38 5535.52 7329.17 744.69 6922.17
5839.15 1811.07 7861.57 3072.6 3476.45 8632.06 6374.78
5154.22 4985.17 3840.11 4907.62 5207.85 5527.86 4747.48
3617.61 3117.39 7975.73 4408.78 3270.33 10482.26 3727.96
4452.97 9144.66 5074.3 3229.46 1934.36 7078.51 4861.11
1559.95 3786.79 5299.96 5489.0 5955.95 2737.13 6950.97
7570.79 3234.28 1654.07 7389.75 2762.03 6127.11 1551.86
6508.13 8159.43 4344.22 2591.1 7323.34 3921.27 5453.82
2878.75 1141.29 7632.7 6524.2 7160.18 5624.61 6745.54
5316.42 7476.77 8237.79 1553.97 71 4359.2 3999.23
3088.43 4518.4 3133.82 2636.99 6799.24 2101.68 6872.06
1494.18 2191.18 1769.36 4083.34 5310.98 3091.37 5862.95
2416.98 4174.32 3028.85 4466.5 6047.01 3911.16 5574.82
3715.9 787.0 5308.14 1323.97 4682.71 1727.08 3737.89
1355.08 601.8 7040.81 5068.47 4284.73 5813.39 919.49
6181.62 5544.06 4641.88 2817.93 3009.0 4377.58 7215.55
4138.32 3971.98 2637.32 411.24 5474.48 5065.39 654.51
7792.74 2761.58 3253.61 4359.13 4405.43 4800.75 2842.42
1540.66 7251.08 6210.47 3457.02 5093.09 3632.91 3921.66
5790.35 2283.87 7863.82 5282.43 1833.14 6640.19 4052.82
1627.41 7014.76 2479.07 4675.84 5025.22 6153.03 2705.87
2794.66 1872.85 6359.37 1702.77 3923.9 2192.19 6721.21
3632.56 6959.12 7910.42 3234.42 5947.78 4417.81 1988.67
6349.73 4065.74 4089.19 2133.87 5998.62 6031.87 6052.14
368 4632.88 1663.3 4650.13 8087.08 2037.79 3462.45
4254.45 3693.61 2973.01 2862.6 6032.09 5162.07 4800.31
2215.4 2344.65 2281.65 1682.17 1833.65 5428.32 7189.14
4910.78 214.33 6539.85 6582.4 3250.16 4909.27 3642.84
1356.2 3182.31 6451.88 4493.33 4581.81 7055.92 5488.96
2049.93 5616.09 4950.82 3669.47 4044.99 3451.34 3025.92
2846.41 8348.49 4191.18 236.86 7790.36 3849.53 4436.98
1638.6 1044.0 3622.35 3820.55 2694.54 6232.03 6151.26
739.39 4743.78 1542.35 3296.22 7085.02 7094.9 1120.97
9127.3 1670.3 5622.15 5559.9 5960.0 8441.02 2765.44
2205.01 2631.32 7142.81 4093.22 6377.14 6487.57 4258.49
1244.83 5283.66 6573.43 4400.75 4124.97 4720.64 5384.09
5634.59 5281.32 6252.53 7625.61 7472.19 3908.72 1118.17
4381.29 4468.28 4688.32 3529.97 7224.46 3455.22 2897.54
3816.49 4646.3 3802.31 184 7622.66 4891.78 6344.16
6433.99 5971.52 2551.21 9634.72 2229.86 8873.28 4505.39
2200.87 4642.81 7354.88 7837.46 3763.41 6795.55 4848.62
6851.75 521.63 7209.15 9211.05 5906.35 8801.67 674.0
3601.82 3852.07 4584.54 7041.12 2799.78 6590.34 4507.84
3418.69 10311.72 8339.74 4893.82 3979.07 3002.62 6097.69
8613.82 4219.35 3039.73 6101.9 5306.14 9867.67 6119.71
2866.06 2159.68 3073.84 6766.94 6910.06 3007.28 9641.66
3321.14 6031.04 7494.0 6556.44 3315.11 4380.62 4741.77
5010.23 9430.03 4884.87 4986.76 4600.16 7108.38 9050.26
1787.12 11088.2 8038.88 4245.52 8061.28 6597.26 1974.61
10263.51 3003.01 3583.21 7149.51 9360.29 2388.91 6058.8
1853.6 9437.07 1931.01 1281.85 5141.73 9978.43 4649.05
10205.0 9675.33 5639.52 9023.51 3081.38 1383.2 6470.67
6548.56 3611.88 3026.56 5709.0 5086.69 8950.81 337
7407.37 5920.24 5977.32 5225.2 6250.83 3623.4 9945.73
3124.22 9631.43 4638.19 1207.53 4017.96 7061.51 8329.3
4773.25 7884.72 5307.48 7243.94 1879.12 6307.65 9200.21
6600.85 8295.08 1224.46 3777.35 5326.51 4454.05 7606.46
3496.47 5784.85 4100.3 3047.96 9955.1 8017.38 6004.66
5473.01 2520.45 7418.69 8719.56 5548.02 4099.23 6184.91
3908.47 10304.47 6827.28 1397.07 3276.82 2832.74 7744.83
7695.16 3215.43 10472.45 4313.49 5214.18 6882.35 7205.85
4781.19 5161.65 4711.57 6470.79 8896.74 5740.46 3492.74
5587.96 6576.8 8833.04 921.08 10540.91 8395.64 4671.98
9025.73 5623.27 2585.09 10076.58 1799.49 5006.42 7824.9
9277.86 1083.57 5734.19 2608.34 9533.51 1473.65 2773.86
4506.53 9763.61 3311.54 9722.47 10539.64 6145.3 9122.54
4520.99 2034.58 7757.3 5548.65 4919.36 3852.61 7060.8
6528.44 9210.93 154 2829.48 3676.78 1996.49 5110.81
1456.16 3447.17 5036.66 3148.25 5466.57 438.37 3947.13
2223.39 2686.67 3692.32 3233.87 5174.21 1383.85 2527.18
4566.6 4284.52 4315.0 2800.32 4399.31 5414.18 1304.03
6002.9 714.74 3200.79 2517.05 3527.76 1565.86 2067.07
5587.14 3646.41 4072.11 6622.83 2582.64 6049.4 3770.93
4941.61 3365.23 1232.2 5547.97 5500.44 2995.11 5704.08
3639.25 2149.46 4608.54 3887.53 1893.36 6429.82 3135.98
3258.84 3533.24 3095.67 5586.78 2466.69 339.67 8142.87
5032.36 2917.17 6558.54 3369.47 3007.87 4216.44 4062.59
6624.76 3558.77 1274.84 5580.87 4170.52 2997.18 5394.65
4100.96 5303.53 3666.21 4462.02 4440.94 1685.22 3196.73
4589.65 3481.78 5297.42 2297.16 5128.68 4875.02 5666.89
6587.09 1923.31 4176.79 5207.52 3529.58 6082.2 4246.19
4546.54 2692.93 6003.25 6380.17 4281.12 434 7945.66
2584.89 7928.89 11020.03 5360.33 4643.49 6684.53 5198.2
3907.83 5855.84 8065.38 8086.85 8125.26 4839.13 3606.4
1107.85 4719.4 5019.64 6520.76 10386.12 7947.62 3539.45
9858.0 7684.69 5879.03 4026.55 6655.97 4222.67 5072.38
9630.65 7440.45 7185.17 10247.59 8790.38 2335.14 4579.06
7387.38 1261.08 7066.03 2887.74 4187.94 6164.93 10925.27
6209.84 3448.38 9602.48 4979.84 6912.56 1863.93 3027.38
5987.4 4025.46 4041.72 9339.78 9452.92 3729.84 4265.84
3782.79 6363.45 5601.79 10401.99 3218.89 11364.41 2951.52
8920.37 8773.02 7843.2 11690.87 5594.42 4990.47 2260.41
10246.84 5844.79 9444.74 8731.77 3766.87 3669.74 8366.43
8572.04 7660.65 5733.06 7590.2 7379.83 6153.9 8312.02
9373.79 10168.48 10734.13 3877.97 4414.14 7328.71 4254.66
6270.67 781.68 10309.37 3440.52 4632.68 1734.68 2930.22
6524.16 339 2727.73 8659.9 3380.27 5402.2 5373.18
8713.12 5609.71 8345.01 8227.5 5714.05 7881.59 5076.66
2648.27 6253.08 8470.4 9580.34 6377.97 5678.35 9458.54
3355.07 3472.63 7146.92 886.71 9979.02 6420.4 11286.33
5241.29 6559.11 7756.92 3492.27 5140.5 6229.15 1580.86
1875.76 9086.7 11908.32 6676.53 10969.09 4114.86 10158.49
8650.95 4624.58 7101.45 6520.65 7219.06 9134.37 8865.31
6578.35 8851.07 7746.71 6902.06 9099.54 8415.36 4018.25
2210.58 6957.33 10871.78 7583.89 5249.84 13426.11 264.69
7857.35 8673.09 8426.81 2539.79 2206.6 8203.99 1452.13
5510.05 6525.46 9271.87 4091.46 8029.98 2632.75 7475.41
10584.56 7175.0 3049.43 8144.53 3693.9 8264.77 4185.82
7797.29 10357.26 4583.3 2344.89 6919.71 793.89 9358.79
6340.57 4118.47 10491.46 8426.48 10878.95 4237.15 9812.42
7973.57 11028.37 11578.04 5088.44 97 7236.85 2503.48
7369.36 10701.21 4736.72 4793.88 5734.38 5287.05 2931.39
5469.79 8074.49 7757.09 7457.61 3946.03 3638.6 532.38
4289.89 4255.58 6776.69 9903.25 7083.88 2928.81 9152.27
7965.65 5638.96 4692.91 6270.77 3402.96 5041.03 9160.82
7094.72 6980.68 9426.54 8058.95 2409.7 5304.57 7247.69
2109.19 6206.7 3376.8 4310.14 5548.27 10766.98 5237.6
2790.9 9703.37 5164.53 6750.52 1096.73 2197.89 5842.04
3102.87 4097.16 8917.34 8860.54 2978.92 4843.63 3548.38
5948.03 6443.01 9672.13 2933.38 11338.2 2858.25 8334.18
7970.93 7896.74 10898.76 4715.43 4666.68 1295.95 9829.04
5888.21 8579.84 8679.15 4317.92 2814.97 7513.23 8600.02
7121.15 5814.94 6690.53 7388.94 6553.47 7930.1 8527.3
10018.89 9954.38 2980.52 3838.57 6448.01 4763.52 6378.74
1672.9 9903.63 3830.77 4621.85 2541.72 3737.64 5610.68
90 7247.81 3738.94 6134.87 6979.96 5271.47 1450.44
8833.55 1345.5 7811.81 3997.97 2893.51 4741.94 7050.22
6943.27 2643.52 5605.73 4063.88 6043.89 717.46 7431.13
8643.96 4920.58 8636.04 1871.06 3147.5 2799.99 4283.95
6113.65 2002.76 6744.54 4439.23 3439.0 9995.34 8032.46
3707.47 3070.09 3177.13 4886.51 7971.57 3007.5 1917.14
5545.17 6104.02 8982.39 5121.22 3975.53 1060.07 3045.59
5617.7 5853.64 2614.78 8539.8 2229.67 6216.53 7449.94
5585.2 2243.76 3385.02 4348.01 4330.53 9274.71 3824.81
6009.72 3471.92 7007.96 8644.15 2522.05 10919.23 7230.56
3522.85 6909.78 6904.98 1479.64 9813.48 3717.67 2429.19
6152.41 8844.46 3246.37 5827.31 1249.23 8787.67 2367.73
869.75 5216.02 9554.4 5390.27 9993.9 8558.15 4787.44
8378.88 1953.33 1186.87 5254.47 6882.26 2395.4 2085.08
4506.47 3955.01 8193.51 361 10181.47 4632.88 9412.95
10848.45 7689.52 4081.93 10531.2 4566.75 8398.84 7031.72
6754.62 8425.44 10122.3 8486.72 4345.55 5418.33 6486.65
8028.16 4422.59 11131.74 11061.49 6435.27 11856.38 5089.91
6411.44 1466.12 7591.87 7643.58 5052.29 10404.85 7996.69
7138.75 12901.46 11043.94 4260.86 854.19 6977.02 3597.44
10240.04 2845.52 4092.17 8266.07 9956.49 10342.34 6529.03
7534.13 4030.04 6743.57 5916.2 6791.21 6056.09 8756.4
4333.53 9915.64 10882.63 7020.18 1885.03 5324.42 7515.68
797.79 12488.38 5303.32 9687.77 4682.33 10387.19 11431.95
6365.59 14061.54 9059.24 6229.61 6919.75 10674.48 5098.9
12446.23 7582.3 2173.72 7356.98 11375.81 7054.75 9094.43
4855.37 10973.56 6247.42 3428.08 8859.43 12257.48 9257.26
13092.45 8650.98 6847.85 10608.48 2271.03 5027.32 4073.99
10667.49 2986.18 4780.69 3137.95 1936.87 10096.99 287
6825.19 6348.2 5328.09 4101.55 6068.85 4199.81 9699.12
3621.75 9746.37 4429.17 793.33 3272.16 6432.94 8251.64
5231.35 8320.15 5306.33 7115.5 2812.53 5308.13 8728.07
6730.41 7501.55 2361.59 3676.65 6244.31 4056.78 7603.78
3813.29 4848.76 3515.91 2608.16 9236.87 7348.92 6502.01
6463.26 2081.97 8096.12 8340.27 6265.63 4633.67 5857.06
2783.07 10149.52 6960.27 1040.47 3913.62 2538.06 8082.14
7868.72 3210.85 10637.9 4782.68 4283.96 6045.11 7281.0
5688.64 5418.38 4373.01 7544.15 8078.9 6031.02 2592.39
5993.08 5797.77 8222.35 981.43 9699.04 8211.53 4684.58
9328.65 4594.45 2975.58 9469.38 780.2 5845.17 7905.29
8753.76 252.92 5123.77 3088.04 9133.51 1466.09 3804.34
3725.23 9141.4 2171.62 8927.05 10733.44 6142.05 8731.12
5390.98 2579.53 8391.93 4507.52 5631.08 4229.16 7778.81
7374.16 8937.61 185 5886.88 5092.87 4466.79 4352.55
4840.66 3058.3 8511.2 2452.38 8448.88 3204.02 509.08
2566.28 5545.04 6991.09 3998.97 7057.48 4018.32 5869.43
2192.76 5052.57 7688.94 5429.9 6824.96 2358.26 2402.74
5377.22 2946.55 6322.1 2550.04 4452.77 2586.53 1527.34
8452.02 6505.81 5273.11 5707.68 1001.3 6956.02 7230.1
5178.75 3451.85 4706.22 3521.32 8920.03 5659.74 2292.54
2830.59 1336.87 6795.32 6567.38 1913.02 9337.31 3562.6
3887.74 5446.12 5985.61 4821.64 4125.5 3221.85 6954.95
7437.11 4741.36 3761.9 4732.53 5108.45 7313.36 599.88
9089.92 6990.83 3391.88 8034.39 4435.68 1778.23 8556.33
1156.71 4886.67 6610.02 7759.67 1050.13 4217.8 1939.31
8039.17 276.25 3247.01 3065.06 8244.34 2782.27 8248.54
9432.1 4857.09 7630.08 4483.25 1541.03 7221.12 4388.38
4551.76 2979.37 6672.14 6394.19 7762.64 106 4045.29
2529.74 4315.18 8026.7 1672.26 4189.95 3396.16 4343.0
2559.06 2954.61 6429.0 5173.16 4281.05 1370.04 3140.6
2843.28 1907.41 1078.39 6086.35 6925.57 4099.47 748.07
5960.37 7207.02 3545.83 5773.09 3657.64 507.96 3770.84
6218.96 4514.83 4804.59 6320.21 4868.64 2913.36 6479.77
5234.56 4442.88 3223.65 4317.73 3784.32 2454.57 8477.6
3386.24 635.2 8212.82 4564.43 4727.86 2107.28 1047.43
4011.59 3500.4 3447.38 6072.15 5741.42 213.44 5596.35
2239.01 3286.3 7951.35 6482.16 1940.62 9385.12 2522.59
5227.48 4836.7 6407.07 7749.97 1900.63 2530.03 2736.39
6969.98 4657.8 5581.91 6796.15 5117.35 720.41 4490.03
6966.04 4106.59 4724.96 3871.37 5815.7 6380.65 5210.2
5478.09 7783.35 6792.9 3644.2 1085.03 3543.78 5311.45
5266.94 4253.59 7066.53 4308.33 3551.93 4627.95 5499.72
2936.62 54 6182.21 2878.21 5161.83 6568.37 4127.86
588.64 7692.19 206.24 6792.75 2916.2 2894.42 4019.99
6016.85 5820.64 1730.63 4834.12 2917.7 4901.23 1582.01
6725.81 7514.13 3837.51 7658.76 2747.13 2121.53 3075.33
3301.26 5002.1 864.9 6000.86 3604.19 2741.04 8939.35
6990.26 2952.32 3552.57 2643.17 4489.51 6830.62 2694.69
1047.45 4428.08 5986.01 7859.14 4047.17 4376.05 384.52
2349.84 4731.06 4829.56 1672.9 7567.04 1273.16 5509.87
6555.9 4494.46 2550.76 2304.96 3311.89 4991.49 8298.27
2805.91 6191.14 2559.95 6085.21 7559.3 2630.49 9926.62
6089.06 2381.83 6022.51 6280.1 745.68 8710.56 3640.84
2488.88 5078.83 7725.75 3372.38 4847.02 545.6 7645.23
2229.11 1994.4 4455.03 8460.31 5235.0 8984.93 7606.86
3649.77 7237.26 2173.14 1042.91 4780.75 6279.84 2069.52
961.45 4190.96 3949.92 7047.99 292 3644.1 3756.96
4350.87 8332.78 2063.22 5381.82 2155.32 5482.04 2189.83
3664.55 7314.0 5652.09 3999.02 174.92 4371.81 3718.95
2857.91 993.66 7215.77 6963.08 3139.42 1990.0 5487.31
8301.2 4415.0 7008.04 4223.25 743.42 4875.55 6323.46
5036.41 5545.55 5509.16 4353.7 4126.05 7714.89 6027.03
5505.95 2264.63 5544.16 4996.0 2607.37 9024.3 2196.58
1863.22 9102.22 5745.77 5543.26 2964.87 1805.28 4946.74
3156.52 4658.49 6288.12 5582.28 1365.92 6838.18 3440.38
3852.67 9176.96 5929.74 3181.55 10077.39 3763.97 5115.11
4092.93 7343.04 7014.73 773.29 3490.37 3105.5 7141.09
5727.5 4635.12 7581.06 6357.08 1156.53 3572.16 7838.55
4220.71 5821.93 2777.38 6745.78 7573.98 5581.02 4588.62
8376.27 6097.76 3374.34 2037.31 2507.94 6553.38 6339.26
5255.49 7256.67 5549.96 4705.62 5742.0 6680.15 1754.1
206 7363.08 8779.21 5869.81 2509.2 7606.1 6853.45
10865.19 6245.54 11614.19 6110.88 3409.64 4035.81 6881.51
9834.55 7738.5 10702.36 7226.24 8670.29 5646.71 4484.31
9407.77 8748.72 7301.34 5091.17 5650.08 9064.21 5449.38
9357.72 6268.63 4442.37 4627.76 4307.47 9165.71 7580.99
9004.07 9297.68 3986.81 10745.65 9276.33 8973.13 7236.31
7122.74 745.3 11492.9 8971.38 2743.87 6619.66 4490.34
10342.88 9899.85 5391.05 12565.67 7320.81 4043.34 5847.88
9183.77 8507.01 7689.95 5823.82 10359.23 7739.64 8310.8
923.38 8411.86 5850.74 8555.04 3748.78 9161.37 9587.22
6687.26 11506.05 3743.94 5569.06 9730.34 2639.13 8633.7
9785.67 9293.77 3019.59 5809.69 5734.72 9971.23 4051.51
6633.53 4224.78 9377.38 1287.88 8609.01 12705.93 7988.77
9613.36 8196.96 5301.16 10996.83 3597.44 8344.42 6710.62
10467.47 10156.56 10082.36 408 5434.11 1630.39 4711.23
6998.22 3048.74 1044.05 6423.86 1263.85 5391.14 2314.73
3944.87 4155.06 5371.28 4488.24 609.4 3598.54 1800.48
3658.89 2981.88 6733.7 6484.78 2451.3 7114.9 4147.56
1899.44 3289.73 2975.86 3649.17 912.44 5973.28 3578.78
3079.82 8169.39 6293.06 1839.23 3932.36 3226.26 3699.03
5731.0 2262.76 714.45 3536.39 6760.17 6525.22 2655.05
5595.89 1414.17 2770.26 3396.28 3428.09 1848.09 6173.45
419.5 5567.15 6225.88 3115.13 2908.15 915.01 2826.91
5462.89 7743.59 1409.8 7219.6 1271.48 5710.99 6718.38
3774.61 9309.46 4828.33 1477.67 4675.08 6430.15 1777.63
7789.82 4570.06 2585.54 3687.25 6750.35 4470.75 4395.14
1745.92 6523.53 3259.22 3236.33 4486.88 7574.79 6002.01
8340.42 6220.48 2388.03 6127.33 2542.73 2321.84 3878.28
6463.2 1823.02 499.83 3526.72 3700.38 5825.12 375
4748.26 3845.79 5471.45 9424.62 3072.78 5823.17 2433.08
6029.36 1063.71 4584.86 8140.87 6687.48 5117.31 1001.15
4695.15 3215.04 3616.87 2046.45 7771.33 8087.7 3991.88
2353.33 6558.5 8908.75 5245.65 7052.45 5216.11 1322.62
5478.5 7442.44 6052.95 6463.26 6420.66 5423.19 4138.44
7751.35 6915.86 5144.74 3166.47 5564.69 5386.21 3696.52
10045.5 2017.3 2147.57 9927.49 6208.89 6415.61 2522.49
1559.21 5728.85 2031.28 5055.69 7392.4 6706.11 1702.74
6970.16 3888.71 4841.26 9139.08 6971.11 3471.18 11033.44
3958.73 6241.29 5071.78 8127.73 7958.08 1705.66 4246.48
2230.32 8253.91 6373.56 5451.28 8478.82 6456.92 1116.64
4445.58 8675.77 5332.35 6431.82 3488.02 7535.05 7994.7
6649.04 5457.47 9377.06 7073.01 2248.02 2778.81 3315.28
6732.07 6980.63 4815.97 8367.09 5697.29 5233.3 5458.5
6517.21 2386.71 148 4001.08 2754.43 4360.11 8136.34
1750.09 4437.75 3160.42 4586.72 2384.68 3122.7 6638.73
5308.42 4262.43 1126.64 3387.32 2941.72 2114.33 1001.37
6329.72 6981.46 3940.86 990.99 5911.17 7446.91 3747.08
6003.53 3802.43 263.39 4010.16 6285.95 4655.61 4986.96
6200.79 4806.49 3130.03 6710.36 5427.02 4604.73 3060.55
4542.47 4032.46 2501.94 8632.0 3138.26 858.63 8424.75
4811.74 4923.17 2192.71 1069.39 4225.64 3340.9 3695.54
6160.26 5754.83 369.47 5834.24 2486.88 3428.67 8176.05
6418.13 2183.85 9565.77 2759.76 5248.06 4727.21 6624.78
7649.74 1691.72 2743.27 2703.3 7051.87 4893.35 5430.7
6989.86 5352.01 595.07 4342.1 7174.32 4165.65 4964.08
3681.76 6031.89 6628.64 5325.08 5339.45 7945.1 6699.55
3497.84 1278.95 3366.2 5552.41 5503.3 4395.95 7152.3
4545.81 3796.72 4806.94 5703.62 2722.37 31 6264.02
7829.23 4759.12 1866.82 6494.59 6039.46 9739.78 5425.83
10519.58 5027.08 2752.62 2911.16 5787.74 8718.61 6831.78
9720.44 6163.69 7555.73 5093.74 3602.98 8305.92 7689.74
6315.07 4761.44 4624.12 8407.91 4343.53 8257.75 5366.6
3443.67 3512.09 3275.25 8170.89 6520.33 8080.64 8710.66
3019.46 9886.71 8156.66 8170.41 6384.77 5998.82 519.15
10366.57 7909.56 2735.11 5847.8 3501.89 9326.9 8836.09
4422.56 11476.22 6434.56 2996.12 4838.92 8103.2 7851.2
6699.93 4718.58 9881.22 6790.06 7316.0 1794.02 7461.12
4796.53 7487.74 3145.3 8277.06 8462.49 5646.99 10463.92
2840.55 4751.11 8680.62 1925.23 7920.76 8699.02 8205.22
2506.63 4689.78 4942.49 8858.82 3308.35 6129.71 3101.35
8329.43 252.8 7663.47 11622.38 6907.87 8497.28 7517.08
4576.06 10109.21 2706.85 7553.01 5809.81 9637.96 9422.91
8956.85 346 7432.9 6977.78 5920.51 4259.32 6751.35
4777.69 10372.33 4219.09 10427.9 5112.37 1470.27 3848.59
7026.46 8937.25 5849.67 8951.97 5991.08 7799.91 3210.67
5675.37 9361.75 7408.69 8014.27 2517.99 4362.56 6665.6
4722.06 8289.55 4455.75 5282.95 4145.99 3278.52 9782.11
7922.85 7114.09 6826.01 2758.59 8650.59 8995.06 6799.04
5227.6 6525.59 2710.54 10830.94 7638.5 400.87 4468.24
3222.03 8734.34 8544.05 3891.85 11315.87 5396.01 4730.6
6540.37 7963.68 6116.29 6078.79 5044.92 7810.39 8574.73
6687.6 2139.52 6626.97 6328.63 8815.31 1584.51 10173.72
8891.96 5368.08 9988.31 4935.21 3593.55 10060.2 1325.84
6316.38 8588.05 9373.31 931.02 5731.29 3684.36 9782.89
2123.31 4127.56 4277.23 9727.51 2246.91 9432.88 11408.7
6827.37 9382.9 5842.38 3147.78 8963.62 4832.97 6165.08
4861.9 8315.41 7844.21 9608.26 461 3057.71 4012.23
3822.01 7844.89 1746.91 5414.39 2053.76 5448.5 2758.99
3386.89 7069.94 5237.4 3420.52 695.75 4491.5 4200.39
2746.39 743.02 7157.29 6418.1 2642.76 2205.28 4899.07
8201.87 4199.44 7230.9 3865.32 1095.93 4816.32 5794.79
4645.69 5242.68 4966.58 3765.85 4406.42 7935.73 5744.02
5916.42 1760.34 5794.79 5064.97 2154.55 8611.59 2337.1
2132.74 8850.09 5759.97 5278.29 3443.98 2281.02 4760.14
3715.47 4730.18 5786.21 5011.38 1678.35 7019.78 3516.74
3504.6 9423.87 5345.55 3357.85 9720.05 3967.8 4552.61
3529.71 7129.92 6457.01 451.54 3356.19 3678.96 6623.58
5626.41 4138.63 7280.44 6559.63 1647.44 3058.65 7583.57
3712.26 5743.56 2370.64 6533.76 7593.42 5129.96 4068.34
7984.4 5530.92 3941.49 1995.45 2052.96 6714.3 6234.1
5696.58 6743.18 5739.38 4698.02 6120.42 7000.1 1470.08
212 6394.45 3015.29 6781.42 10429.82 4137.02 5341.73
4435.06 5732.61 1561.65 5233.67 8319.67 7524.32 6683.44
2814.93 4129.46 1490.68 4061.48 3407.01 7374.76 9391.86
5954.73 2538.94 8286.04 8566.67 5617.06 5798.73 5999.85
2488.03 5344.07 8681.47 6856.33 6956.86 8356.17 7162.37
3113.73 6454.21 7308.57 3426.1 5097.69 4372.37 4854.19
4920.47 10729.39 3885.43 2329.77 10040.51 5734.6 6795.65
1142.25 1440.98 5947.16 1882.65 4575.8 8516.5 8188.7
2278.08 5859.27 3696.34 5642.55 7691.93 8758.98 3094.82
11479.3 3292.68 7681.52 6948.33 8205.96 9869.31 3594.08
4577.02 269.73 9420.04 6247.9 7435.52 8826.21 5325.11
1868.07 6399.98 8859.17 6572.93 6227.56 5493.39 7651.67
7328.94 7613.09 7417.56 10004.84 8952.74 1837.9 3397.13
5292.23 5712.16 6803.48 3020.4 9512.06 4703.03 4978.06
3822.1 4987.76 4395.37 484 6450.43 5147.7 7315.92
11307.72 4969.15 7361.96 3257.64 7655.71 1006.85 6460.41
9951.45 8583.84 6861.86 2823.04 6169.3 3815.37 5439.06
3936.29 9372.95 9910.79 5290.55 4036.21 8149.08 10543.24
7078.53 8108.86 7108.6 3197.92 7161.79 9289.15 7948.18
8329.57 7695.66 7028.51 5329.16 8772.51 8767.19 5724.59
4602.18 6660.84 6892.45 5579.29 11940.05 2402.39 3809.28
11729.26 7756.85 8261.13 3386.16 2967.7 7530.02 609.37
6581.11 9264.35 8469.07 3457.6 8139.89 5510.37 6733.55
10017.08 8486.7 4994.55 12907.5 5357.63 8030.17 6511.27
9910.49 9254.57 3362.09 6054.37 2331.0 10113.63 8072.84
6603.39 10329.25 7607.18 2833.28 5744.14 10490.4 7195.3
8101.63 4641.23 9324.87 9461.77 8542.04 6695.35 11267.73
8450.05 866.92 4616.32 4614.69 7966.2 8667.17 5294.71
10230.77 6938.23 6863.97 6136.98 7311.28 3631.6 448
1344.79 4637.06 1441.51 5470.34 1381.6 4944.13 3819.86
4705.64 5087.4 2011.35 5367.84 3037.13 1395.57 3055.73
4508.33 5690.97 2377.29 2037.32 6158.46 4061.73 2753.74
3202.41 3166.9 6985.83 2895.88 7373.84 1996.73 2947.54
4057.82 3414.13 2555.21 3436.18 4075.06 2217.87 5063.73
8027.81 3974.58 6958.48 2322.07 6167.63 4788.82 601.62
6358.69 4457.73 3312.75 7057.91 5174.3 3617.02 5002.13
4003.49 3482.66 6060.96 4516.09 3403.79 2785.86 3160.63
7004.74 3581.23 1757.66 9559.16 3759.08 3834.43 7592.83
4406.78 2276.86 2651.12 5538.04 5247.53 2611.51 2633.07
5674.39 4237.41 4588.28 3806.6 5372.52 6666.42 3550.31
2874.17 5821.06 1330.05 4784.59 3110.35 4979.8 6876.94
2833.56 3549.02 5787.91 4271.07 6269.62 2342.97 2708.36
6636.66 5120.04 6891.59 4356.68 5867.19 4169.85 7006.55
7572.66 3036.79 94 1793.11 5448.8 3077.3 7126.36
2401.03 6419.23 2011.67 6308.33 4221.39 3776.3 7305.47
4957.72 2269.0 2275.31 5700.28 5861.72 3649.42 2031.64
7898.7 5413.58 1062.23 3679.43 3394.21 8813.48 4680.1
8552.98 3927.88 2746.87 5648.62 4917.81 4506.83 5377.12
3290.49 2272.64 5866.35 9245.42 5914.22 7513.58 367.59
7184.17 6156.67 2184.36 8208.55 2808.95 3665.93 9009.85
6713.1 5532.54 5106.73 3948.36 5277.33 5106.92 5840.9
5064.4 3847.43 3273.6 8272.53 4701.3 3648.3 10764.74
3766.06 4710.09 9505.88 5333.23 3490.47 1868.14 7456.76
4787.11 1510.81 4130.72 5330.87 5782.68 6317.72 2512.71
7327.04 7857.14 3321.95 1419.25 7768.18 3109.63 6485.48
1174.95 6885.77 8506.5 4698.13 2407.97 7680.05 3874.1
5361.42 3152.66 763.15 7934.82 6889.64 7324.03 5921.14
7030.55 5650.57 7680.85 8477.18 1270.33 210 809.08
6198.71 2339.37 6171.9 2912.23 6760.87 3143.39 6537.81
5475.69 3842.88 7013.59 4397.54 1288.29 3481.41 6239.22
6890.3 4099.62 2970.29 7977.92 4323.7 1248.01 4538.82
2126.11 8765.86 4718.42 9120.1 3728.24 3816.09 5888.06
3924.63 4090.03 5101.31 2338.47 1007.11 6627.02 9789.54
5633.54 8408.54 1465.58 7843.3 6579.83 2344.19 7435.52
4005.18 4576.29 8614.33 7001.61 5337.35 6146.9 5016.48
5297.91 6372.04 6292.59 4172.09 2708.4 4260.22 8778.37
5269.65 3548.41 11321.53 2523.19 5413.58 8835.6 6021.69
2441.3 847.73 7228.4 3703.35 2746.49 4437.51 6504.4
4783.84 6414.42 1977.29 6894.35 8413.32 4424.71 1156.47
7423.24 2491.03 6614.38 1893.96 6697.35 8709.84 4041.1
1716.51 6986.31 2744.69 6624.45 3833.86 1631.79 8417.79
6934.56 8269.33 4930.41 7599.41 5984.04 8522.9 9207.97
2478.3 423 6828.88 2176.89 6010.04 7782.93 4462.55
732.8 7735.24 1325.55 6339.78 3633.61 4109.66 5135.11
6741.03 5743.39 1235.15 3971.97 3216.51 5014.12 2341.52
7815.87 7896.68 3634.94 8460.91 3516.34 3021.33 1972.45
4193.88 4883.66 1673.27 7072.2 4649.34 3900.11 9573.79
7679.51 2085.35 2561.62 3860.4 3317.1 7131.58 1470.73
710.19 4947.24 7228.04 7756.7 3804.18 5481.65 889.93
3522.58 4035.97 4415.96 2724.62 7005.87 1009.54 6611.46
7484.25 4298.9 1524.29 2195.25 4112.91 4080.14 9095.03
2453.09 7386.51 1971.33 6985.68 8130.37 3816.36 10682.68
6158.11 2866.52 5317.62 7419.73 1984.51 9207.08 4874.45
1310.93 4806.07 8166.71 4564.79 5691.5 1787.0 7915.66
3458.4 2152.28 5536.68 8990.95 6477.76 9719.04 7003.75
3751.68 7524.06 1144.81 2220.61 3650.98 7430.32 837.05
1377.77 2983.78 2713.86 7174.38 47 1602.24 4383.4
2014.59 6043.85 1075.46 4965.1 3318.91 4795.05 4520.83
2196.72 5740.07 3549.86 1800.88 2481.72 4394.38 5276.28
2258.04 1499.06 6339.21 4626.75 2521.62 2818.32 3510.08
7233.03 3101.47 7275.61 2369.5 2419.05 4136.37 3987.93
3024.31 3819.96 4177.17 2466.05 4812.59 7947.73 4353.77
6650.0 1941.77 6000.54 4755.88 600.28 6897.3 3914.79
2900.17 7465.62 5230.19 3956.68 4565.69 3521.41 3698.56
5492.4 4460.61 3979.29 3299.83 2690.47 6941.06 3423.7
2071.37 9479.23 4065.3 3589.12 8097.03 4189.03 2807.18
2693.84 5879.41 5462.42 2042.65 2641.08 5165.73 4813.61
4757.92 3745.32 5805.85 6569.23 3032.07 2727.82 6214.1
1905.0 4935.43 2759.76 5304.82 6989.7 3379.12 3529.08
6308.99 4485.59 5704.32 2027.08 2346.96 6584.18 5319.85
6549.66 4933.13 5753.95 4187.9 6732.7 7375.08 2539.98
263 4810.43 3828.74 3568.85 4833.64 3401.98 2239.41
7096.32 1672.17 6971.47 1794.49 1990.69 2202.61 4549.66
5516.49 2838.28 5747.08 2533.97 4407.83 2550.13 4910.28
6446.81 3962.84 6058.91 3286.02 931.99 4885.98 1772.59
4838.08 1397.57 4192.33 1835.0 929.0 7508.73 5535.93
4077.04 5370.29 985.25 5918.89 5908.08 4304.32 2475.28
3369.61 4522.53 7466.24 4192.57 3776.88 2199.43 554.6
5415.21 5108.48 447.08 7868.76 2465.81 3693.14 4844.34
4505.41 4368.05 2744.25 1943.74 6792.08 6695.06 3366.74
5091.34 3460.72 4408.04 6238.47 2001.46 8347.56 5549.16
1909.12 6622.48 4464.08 1150.84 7455.17 2432.57 4271.64
5129.68 6571.33 2527.94 3271.88 1397.83 6728.26 1404.23
3437.52 2647.78 7167.33 3765.73 7439.86 7970.78 3372.76
6314.99 3988.21 1505.94 6117.44 4467.41 3728.19 1832.34
5706.5 5666.41 6364.01 15 4030.11 7571.74 2747.77
1376.58 5195.37 6490.61 7772.37 5934.65 9213.47 4235.73
4266.01 2098.6 3532.79 7214.26 6849.2 9196.56 5398.87
6131.9 6377.32 939.76 6039.83 6817.04 3680.62 6512.29
4348.94 9148.42 3434.45 6987.61 5577.15 875.21 2681.08
3336.1 5545.85 4065.54 7925.49 9619.29 3517.3 9892.09
6087.93 8474.56 6664.28 4480.74 2884.26 8523.83 7000.88
5116.78 6459.83 3728.01 8637.18 7859.41 4505.53 10191.37
6575.51 785.29 2254.06 7031.33 8627.76 6338.14 3739.88
11001.64 4119.06 6872.95 4449.22 7228.24 2362.0 5045.22
4661.29 5590.18 6764.92 5107.4 9566.48 214.02 5369.91
6167.59 3631.52 8528.76 7540.33 5853.84 4352.69 2842.11
5613.55 6677.26 4461.73 7413.5 1783.36 5813.27 2721.1
4990.57 10385.49 5917.73 6366.65 8249.5 5507.27 9992.17
219.17 7939.37 5964.42 9764.35 9880.95 7012.62 93
7215.19 2157.78 6452.53 8286.19 4778.13 1235.17 7917.21
1827.9 6330.25 4063.31 4577.22 5631.42 7149.09 5897.75
1444.2 3787.66 3547.77 5248.32 2681.91 8306.04 8196.75
3780.67 8884.36 3819.69 3493.56 1517.6 4655.13 5034.43
2159.14 7559.71 5136.23 4402.03 9946.8 8074.28 1969.74
2151.32 4363.13 2922.34 7409.07 1044.73 1126.02 5311.01
7715.44 7882.7 3928.63 5891.88 1371.52 4025.48 3943.73
4452.28 3219.5 6940.38 1361.92 7104.44 7941.42 4430.41
1135.85 2443.47 4555.78 3682.66 9515.63 2588.01 7836.87
2031.44 7437.46 8488.87 4270.14 11088.98 6362.64 3257.46
5198.56 7917.77 2481.88 9538.51 5353.05 828.43 4895.88
8484.45 5018.91 6134.42 2277.89 8177.99 3936.02 2305.33
6027.69 9333.88 6967.25 10120.89 6918.35 4006.43 7794.27
795.8 2684.01 3289.68 7929.72 433.84 1831.82 2556.51
2213.28 7390.85 142 1304.31 7210.47 2541.27 5798.11
3900.79 7554.53 4053.83 7265.59 6577.01 4557.72 7337.33
4570.88 1484.37 4602.28 7151.54 7995.16 5014.64 4076.55
8577.25 3800.82 1938.82 5607.34 1122.76 9257.87 5372.48
10018.32 4265.64 4936.61 6636.26 3588.18 4421.1 5500.86
1477.2 502.28 7639.65 10670.3 6007.88 9466.22 2481.95
8799.37 7424.25 3226.93 7263.44 4952.81 5659.53 8812.22
7758.5 5793.61 7256.14 6133.73 5917.94 7456.22 7157.59
3968.38 2204.95 5364.72 9644.7 6212.19 4171.69 12200.94
1410.53 6414.44 8753.96 7008.66 2165.34 673.97 7601.62
2635.14 3857.52 5267.28 7630.19 4392.23 7056.09 1722.19
7093.25 9310.95 5547.66 1583.64 7690.44 2797.02 7273.8
2666.25 7116.51 9386.37 4135.64 1369.21 6915.27 1659.59
7713.4 4853.54 2531.04 9274.16 7528.09 9345.78 4545.02
8511.22 6787.26 9558.96 10190.72 3475.47 159 2402.59
6623.08 1207.84 3003.22 3834.49 6022.69 6147.8 5553.52
7734.75 3274.85 4715.82 1930.42 1905.2 5698.68 6097.97
8048.92 4313.7 4672.12 6427.14 1423.78 4424.98 5583.25
2420.86 6849.34 3703.35 8695.85 2558.89 5565.25 5054.69
786.89 2138.29 3166.54 4220.85 2522.02 7015.4 9250.05
3563.16 8994.55 4459.59 7795.84 6080.01 3055.84 4315.96
6912.03 5741.44 5992.8 6091.28 3545.08 7425.88 6538.47
4059.0 8708.39 5916.49 1016.14 960.03 5693.88 8219.87
5406.56 2743.76 10719.14 2990.48 5861.12 5795.83 6311.45
793.31 3496.84 5047.71 4620.76 5197.06 4184.83 8239.66
1647.78 5120.59 4677.54 4312.59 8024.68 6149.27 4262.73
4974.96 1398.37 5366.06 5051.62 4670.85 7387.17 1430.35
4326.12 3959.4 3841.08 8916.52 4671.14 4737.56 7833.65
5430.09 9027.13 1784.97 7334.91 5367.15 8936.18 9234.86
5392.63 441 1064.92 7018.28 2154.54 5413.85 3714.33
7257.66 4247.15 6948.66 6628.75 4250.39 6943.3 4168.51
1136.15 4615.16 6903.43 7894.06 4778.42 3993.35 8224.73
3436.48 2183.58 5467.8 966.02 8883.96 5042.81 9756.97
3915.9 4879.82 6327.56 3192.82 4035.23 5120.17 1837.88
190.24 7446.77 10400.3 5622.26 9305.24 2609.63 8568.95
7146.25 2997.67 6859.97 5130.29 5535.46 8406.86 7449.03
5420.73 7164.58 6062.95 5577.27 7531.16 6888.67 3562.87
1823.69 5270.89 9370.3 5982.69 3842.68 11928.47 1424.82
6217.81 8346.37 6801.01 1757.76 1000.19 7212.88 2847.01
3896.3 4993.26 7605.88 4006.99 6716.71 2126.82 6689.02
9050.59 5497.75 1880.16 7290.66 2421.35 6938.21 2902.39
6734.64 9050.72 3729.36 1775.15 6506.67 1872.56 7782.25
4678.22 2717.61 8996.41 7176.43 9203.98 4159.36 8259.07
6496.17 9379.28 9973.1 3620.22 456 8392.86 4592.66
7248.9 7746.42 6411.91 2482.63 9938.15 2488.37 8749.32
5148.97 3524.99 5746.53 8185.39 8014.52 3588.24 6324.31
5192.66 7155.21 1230.73 8394.01 9794.69 5950.96 9745.68
1697.69 4290.73 2729.62 5409.5 7171.52 3148.14 7736.78
5504.41 4460.86 11135.84 9169.59 4477.06 2721.52 4128.31
5285.03 9115.5 3471.12 2893.21 6697.79 6657.03 10050.35
6139.94 4136.31 2125.75 4079.22 6443.87 6812.09 3743.62
9421.23 3226.96 7192.04 8521.84 6619.4 2251.6 4430.74
5489.23 3661.69 10382.85 4807.86 6293.5 4376.98 8096.08
9793.33 3114.51 12032.86 8337.17 4666.74 7716.82 7821.46
2604.15 10965.58 4339.92 2649.23 7162.77 9997.14 3739.47
6945.32 2386.28 9929.65 3157.71 292.57 6234.42 10705.21
5995.71 11115.95 9416.07 5890.25 9522.01 2134.47 2196.19
5708.46 7784.23 2955.18 3190.95 4849.13 4039.04 9313.51
161 5390.0 5349.28 3920.63 3695.14 4634.6 3506.8
8236.58 2893.34 8427.65 3003.89 883.72 1932.22 5017.61
6842.7 4313.75 7281.26 3971.81 5693.19 2880.69 4352.44
7265.08 5454.64 6209.3 3038.86 2334.67 5959.27 2586.4
6234.72 2843.84 3763.79 2067.54 1143.17 7881.17 5957.69
5575.34 6327.97 641.85 7352.34 6868.17 5636.89 3847.83
4389.26 3047.05 8706.85 5683.04 2510.49 3334.61 1145.48
6951.99 6607.33 1981.61 9345.65 3905.6 3196.3 4802.15
5960.38 5408.77 4282.16 2909.28 7613.02 6811.74 4904.64
3559.95 4982.21 4491.03 6801.97 1204.65 8457.91 6765.9
3377.26 8151.2 3732.73 2222.53 8049.15 923.15 5430.55
6580.77 7302.57 1271.64 3695.52 2425.68 7662.36 950.1
3931.04 2422.48 7727.77 2288.99 7636.74 9459.8 4790.08
7259.43 5056.49 2130.94 7583.79 3686.21 5023.49 3287.03
7100.79 6913.12 7471.91 68 907.78 6374.17 2439.62
6209.32 3089.06 6933.64 3186.37 6706.72 5593.49 4008.6
7146.41 4507.39 1362.75 3614.85 6415.95 7052.5 4276.13
3133.66 8138.14 4331.32 1210.03 4709.72 2029.21 8917.16
4880.54 9296.77 3877.78 3971.11 6057.94 3960.33 4218.07
5239.61 2162.44 938.04 6802.38 9965.92 5770.04 8579.99
1536.43 8020.18 6754.79 2518.43 7505.59 4061.59 4744.74
8734.33 7172.48 5482.03 6307.6 5173.44 5457.88 6480.68
6468.22 4229.14 2707.91 4423.36 8954.33 5446.61 3705.79
11497.94 2395.37 5589.63 8920.05 6198.11 2473.06 670.79
7366.79 3538.01 2870.43 4611.11 6647.69 4814.64 6577.11
1817.62 7012.65 8589.95 4576.99 1056.91 7550.16 2606.93
6778.56 1890.2 6839.98 8876.17 4139.37 1548.09 7069.94
2583.86 6735.55 4009.43 1661.33 8593.43 7093.71 8438.12
4962.71 7776.21 6157.04 8696.48 9384.29 2547.06 384
6286.61 3915.95 5068.04 5795.04 4602.94 1661.18 8278.93
1121.08 7682.94 3132.2 1861.61 3552.72 6042.06 6522.07
2770.75 5884.37 3508.0 5505.39 1052.67 6229.94 7838.57
4668.8 7555.41 1954.19 2230.42 3869.05 3259.08 5749.07
1528.72 5552.1 3296.81 2257.24 9001.09 7028.67 4016.25
4224.31 1969.44 5548.63 7238.03 3723.07 2116.71 4727.66
5029.56 8540.97 4890.5 3304.79 1366.67 1871.87 5739.1
5730.91 1639.63 8499.58 2311.36 5017.86 6314.02 5299.12
3314.82 3185.44 3388.99 5532.73 8190.56 3747.54 5135.92
3581.51 5892.9 7708.06 1566.61 9844.56 6688.53 2891.86
7022.12 5696.94 629.28 8911.65 2648.54 3378.26 5907.77
7994.4 2313.74 4771.05 602.5 8061.3 1237.87 1972.36
4034.79 8632.75 4293.08 8939.06 8557.04 4318.56 7647.71
2972.82 31.9 5850.14 5673.83 3089.49 1852.84 5233.41
4892.06 7586.11 353 3101.18 7791.7 4630.16 8218.22
4770.32 8781.97 2676.64 8639.35 5749.84 6016.51 9321.09
6700.76 3537.51 4239.76 8081.58 7981.03 6020.33 4358.39
10172.94 6227.52 1334.73 5996.71 3426.18 11018.77 6915.73
10929.56 6003.25 4927.67 7979.9 5991.44 6401.89 7402.03
2033.88 2799.86 8201.74 11623.87 7936.77 9751.69 2134.01
9546.36 8532.5 4431.92 9628.89 3530.82 5953.72 10926.17
9063.78 7622.87 7228.69 6070.11 7508.12 6431.99 8219.2
6330.45 4626.99 5515.17 10653.8 7082.42 5789.45 13140.52
3378.84 7072.85 11078.51 7695.93 4527.53 1819.85 9527.1
3500.28 3495.41 6472.93 7179.29 6811.34 8594.18 874.55
9205.33 10235.66 5421.42 1168.1 9735.11 4799.97 8777.66
1488.76 8986.51 10835.48 6325.93 1169.07 9229.17 2924.38
6709.99 5529.88 1787.96 10316.24 9142.55 9517.49 6963.66
9408.81 8008.84 9957.65 10810.26 2571.06 98 6756.66
2732.51 7027.96 10544.1 4372.81 5077.16 5007.26 5514.32
2163.17 5311.34 8200.43 7613.25 7015.06 3299.42 3876.56
960.76 4123.58 3755.23 7099.75 9611.26 6449.27 2646.4
8663.77 8294.22 5601.66 5306.37 6098.55 2857.95 5184.08
8884.78 6944.93 6950.3 8827.1 7551.67 2756.05 5945.54
7266.22 2844.64 5580.92 3917.31 4587.12 5175.88 10740.65
4481.69 2465.58 9885.9 5463.41 6757.82 908.47 1694.31
5877.96 2392.04 4333.46 8684.06 8477.78 2533.46 5403.81
3583.74 5754.63 7143.53 9158.88 2963.34 11413.32 3048.83
7960.54 7395.27 8058.44 10323.27 4078.07 4582.48 555.08
9593.56 6069.75 7939.17 8751.5 4870.91 2242.79 6887.89
8735.53 6800.49 6026.51 6018.96 7522.34 6978.48 7740.11
7905.34 10004.14 9393.12 2301.13 3548.54 5798.01 5283.49
6600.28 2427.04 9677.99 4299.53 4791.94 3255.2 4435.42
4927.6 271 3551.36 7948.36 2593.89 2175.01 5231.42
7137.03 7339.28 6617.66 9103.91 4579.06 5229.42 2764.6
3074.13 7055.66 7346.4 9429.44 5668.6 6055.29 7239.59
117.54 5449.69 6973.44 2793.67 7464.38 4878.86 9817.02
3814.31 6954.71 6188.05 789.75 3211.37 4066.89 4642.52
3382.94 8329.24 10329.27 4338.91 10309.94 5635.23 9021.61
7252.91 4450.48 3874.75 8148.48 7134.74 6161.09 7153.28
4464.14 8815.61 7935.4 5139.25 10074.05 7123.25 1279.22
1537.36 7090.77 9315.72 6720.26 4052.07 11754.9 3159.65
7203.06 5456.19 7624.71 1855.47 4338.66 5612.39 4566.61
6516.18 5485.91 9636.38 878.72 6105.88 5373.06 4640.04
9169.23 7542.61 5202.92 5356.57 2795.23 6353.04 6131.34
5357.86 8255.22 2325.21 5021.45 3765.04 4020.35 10287.59
6061.22 5863.73 8931.93 6315.06 10364.3 1013.71 8524.86
6540.54 10226.68 10451.26 6611.87 229 4776.74 2160.83
5007.76 8622.93 2352.68 4148.27 3804.92 4400.52 2259.7
3450.38 6730.94 5727.18 5009.65 1775.15 2997.9 2125.65
2304.44 1798.63 6130.77 7602.08 4749.16 794.41 6691.71
7289.92 3916.83 5401.68 4202.13 1014.08 3895.45 6883.78
5060.69 5231.51 7018.46 5598.18 2486.26 6106.06 5620.82
3812.83 3867.3 3918.59 3699.02 3153.11 8971.93 3627.61
565.31 8494.81 4538.81 5107.52 1381.03 373.96 4314.87
3115.79 3373.11 6708.75 6455.42 519.02 5288.21 2249.75
3840.72 7534.32 7211.56 1778.8 9795.95 2255.55 5937.46
5543.36 6666.61 8463.75 2451.47 2871.45 2074.5 7613.6
4806.53 6241.98 7167.41 4783.17 622.37 5155.43 7272.07
4786.07 4836.98 4459.67 6087.96 6304.17 5805.29 6155.41
8259.07 7510.85 3214.23 1591.08 4160.06 5038.53 5401.18
3586.95 7704.32 4007.52 3605.51 4039.4 4990.34 3456.89
158 5566.29 1447.42 5616.84 8985.55 3000.82 3699.85
4717.72 4063.1 2730.56 3746.98 6650.41 6046.55 5752.78
2705.48 2490.63 1315.9 2559.19 2662.4 5730.57 8145.93
5674.03 1179.22 7479.16 6917.59 4012.54 4581.41 4542.46
1948.65 3665.21 7404.54 5379.81 5361.12 7908.69 6411.73
1679.54 5278.24 5681.44 2875.4 4793.72 3094.3 3218.48
3811.09 9151.53 4472.1 1069.55 8363.39 4095.13 5171.79
701.79 920.7 4299.87 3406.88 2924.15 7168.94 7118.2
1385.16 4524.06 2023.3 4209.54 6668.32 8022.84 1416.29
9837.48 1662.93 6589.36 6422.6 6529.45 9328.91 3390.44
2995.01 1887.16 8080.61 4569.25 7162.82 7177.94 4002.35
1518.46 6072.93 7188.76 5365.32 4552.13 5397.95 5978.92
5761.42 6195.96 7065.54 8415.0 8367.09 3430.52 2083.62
5094.37 4311.31 5127.92 2665.47 8158.05 3274.07 3301.29
3102.28 4079.19 4394.12 166 8127.44 3251.74 7239.27
8605.08 5787.81 1888.93 9012.47 2315.94 7409.81 4897.63
4596.42 6161.66 8019.33 6998.71 2513.78 4756.3 4541.38
6320.14 2358.95 8869.27 9221.75 4881.51 9715.77 3307.46
4204.88 1096.41 5392.79 6135.53 2849.68 8146.78 5748.28
4872.22 10879.13 8969.71 3028.33 1419.23 4714.83 3558.73
8453.53 1806.73 2029.36 6262.09 7805.74 8987.66 5032.58
5623.11 1777.71 4476.74 4988.03 5550.55 3810.7 7987.76
2334.68 7652.22 8674.32 5533.94 549.9 3501.73 5352.35
2851.11 10353.0 3688.59 7701.18 3136.75 8191.08 9444.59
4230.03 11957.37 7449.3 4172.97 6213.61 8407.37 2831.81
10529.79 5416.87 917.45 6000.95 9491.55 4954.46 6921.32
2588.49 9234.0 4039.63 1594.49 6600.93 10310.75 7084.93
10999.69 7951.81 5064.72 8844.45 418.92 2790.61 3993.69
8400.64 1419.06 2643.93 3115.48 2334.7 8472.97 226
2652.46 3923.91 3308.18 7315.26 1269.38 5113.95 2437.78
5098.65 3234.32 2903.56 6588.4 4704.6 2976.64 1188.06
4271.77 4364.25 2377.65 491.23 6781.41 5917.28 2590.6
2139.06 4537.97 7796.42 3742.62 7080.09 3346.7 1281.43
4453.25 5281.45 4117.18 4739.98 4782.63 3416.87 4336.44
7779.62 5248.17 5972.43 1735.12 5680.07 4796.42 1620.11
8078.27 2826.73 2122.46 8362.45 5442.94 4791.52 3615.84
2479.6 4316.0 4202.45 4467.38 5260.17 4545.87 1745.42
6832.34 3276.97 2990.45 9286.97 5020.87 3209.36 9195.99
3831.42 4072.68 3304.57 6663.07 6226.68 886.12 2958.67
4010.94 6104.19 5229.43 4056.37 6775.2 6393.93 1896.67
2962.86 7096.3 3187.72 5360.84 2467.08 6068.88 7270.82
4595.29 3941.8 7453.91 5278.03 4418.8 1714.36 2095.94
6510.32 5831.5 5792.36 6221.93 5567.75 4373.55 6137.23
6947.02 1754.33 477 2628.37 8221.2 2644.21 4123.69
5062.48 7958.29 6138.39 7531.9 8424.34 5039.01 6763.62
4002.44 2325.07 6375.6 7874.1 9374.45 5884.84 5597.47
8492.59 2073.38 4055.04 6885.56 1018.69 8919.67 5629.14
10599.14 4443.35 6515.37 6988.39 2255.37 4177.8 5232.74
2740.52 2024.32 8637.58 11186.34 5636.91 10581.85 4492.22
9581.77 7958.35 4258.71 5821.67 7020.84 6995.31 7927.5
8065.1 5604.91 8680.15 7646.1 6049.28 9350.96 7756.93
2804.38 1164.13 6815.4 10149.43 7066.23 4531.1 12680.61
1216.65 7424.96 7396.05 7949.58 1646.97 2797.59 7107.22
2653.52 5700.02 5914.36 9269.93 2811.71 7145.15 3613.08
6300.67 9910.35 7135.61 3707.81 6988.12 2958.78 7387.66
4780.24 6743.23 9438.48 3501.94 3277.86 5656.93 2065.84
9594.01 6013.2 4608.73 9764.21 7485.06 10546.5 2956.52
9176.08 7256.8 10587.25 11019.72 5504.82 206 3566.58
9394.54 4688.07 7123.82 6100.91 9818.18 5204.01 9523.26
8159.02 6818.74 9402.28 6591.07 3714.3 6383.44 9397.26
10001.11 7255.87 6110.64 10793.88 5074.73 3253.64 7718.72
2335.16 11417.11 7620.73 12270.75 6490.39 6888.51 8897.42
5169.09 6550.47 7644.98 863.67 2735.89 9822.87 12927.41
8128.33 11588.85 4099.44 11026.58 9685.63 5471.28 8813.51
6097.0 7741.61 10748.76 10019.58 7963.88 9247.75 8092.35
8154.39 8925.57 9415.75 5671.18 3817.97 7390.23 11904.14
8444.06 6420.3 14458.85 1813.43 8608.31 10379.32 9214.11
4036.76 2361.27 9698.64 906.25 5603.57 7528.51 9436.35
5805.27 9293.92 1853.79 9060.99 11563.15 7466.99 2800.89
9705.64 4974.62 9516.14 3825.71 9249.4 11628.49 6115.07
1788.96 8607.2 940.66 9199.49 7029.65 3933.45 11534.95
9746.92 11431.39 5952.37 10758.38 9050.97 11714.46 12400.75
4898.76 200 2186.11 5353.6 684.69 3747.74 2694.52
4844.0 5542.28 4416.89 6718.03 2008.99 4114.27 1416.43
1784.54 4742.83 4843.76 6811.63 3051.45 3637.45 5480.91
2624.22 4167.69 4370.32 3119.05 6065.26 2513.57 7497.06
1332.48 4484.97 3873.48 1881.26 1201.3 2293.43 4668.34
2724.34 5745.59 8074.03 2787.24 7724.75 3952.16 6547.1
4863.56 1985.18 4625.03 6207.03 4541.13 5646.14 4949.0
2616.21 6208.85 5375.4 2941.9 7696.09 4682.09 1718.74
1959.82 4540.19 7038.24 4136.89 1478.79 9564.43 3753.4
4594.37 5920.91 5041.69 1480.39 3573.39 4377.19 5408.41
4356.48 2917.73 7083.15 2608.82 4056.81 4820.65 3922.78
6815.12 5038.94 4137.85 4483.69 495.44 4295.06 4673.06
3903.13 6377.75 1105.69 4494.86 4088.46 4515.44 7886.45
3460.17 4300.69 6652.48 4445.69 7759.9 2708.55 6103.6
4155.5 7668.01 7987.64 4760.75 166 3919.02 6170.62
5240.45 9291.35 3948.45 7727.89 265.24 7762.48 3272.06
5554.15 9218.11 7058.12 4409.61 2305.95 6771.33 5861.0
5050.95 3052.82 9463.16 7540.84 2168.56 4406.98 5224.71
10487.33 6418.74 9424.18 5883.37 3161.25 7126.2 7074.7
6556.26 7323.72 4425.2 4204.19 6530.16 10131.0 7849.28
7764.61 1837.59 7955.1 7368.96 4078.17 10354.62 961.79
4280.94 10971.03 8075.8 7419.2 5146.43 4066.29 6999.32
3877.79 7032.68 7230.76 5942.12 3781.16 9256.41 5814.55
5557.68 11584.57 5430.22 5595.95 11613.86 6182.51 5626.44
3453.01 9318.76 5972.24 1865.22 5646.21 4824.5 7940.29
7918.5 3288.43 9331.85 8775.67 3452.98 2576.93 9710.49
5256.78 8045.16 1443.66 8728.89 9909.35 6832.61 3426.4
9804.63 5240.32 4156.66 4311.44 1611.3 8968.66 8521.86
7456.74 8080.46 7968.38 7014.35 8048.87 9047.06 994.83
456 7257.45 3169.31 7559.17 11081.42 4903.87 5503.49
5327.21 5964.38 2337.9 5847.33 8688.27 8149.25 7526.69
3727.62 4317.36 1250.6 4659.16 4257.63 7511.78 10146.59
6870.37 3184.98 9159.21 8704.9 6123.69 5519.69 6635.73
3349.6 5662.41 9421.43 7481.1 7472.59 9268.36 8041.52
3142.36 6130.0 7779.73 2901.34 6011.57 4192.44 5014.73
5704.54 11264.31 4734.19 3003.37 10357.26 5883.81 7273.09
1420.99 2212.85 6386.15 2341.75 4776.75 9222.46 9001.54
3057.14 5665.21 4086.32 6292.59 7249.19 9644.33 3464.04
11916.73 3502.48 8486.29 7853.29 8535.22 10777.26 4507.37
5110.1 703.35 10131.85 6537.37 8351.8 9254.14 5137.7
2729.43 7314.91 9221.0 7334.22 6483.46 6408.4 8007.32
7336.19 8278.32 8332.62 10525.61 9855.96 2192.73 4086.57
6208.5 5576.21 7054.48 2443.49 10216.46 4625.69 5260.57
3348.77 4549.31 5309.53 115 4587.9 7984.66 3305.72
829.3 5716.86 6779.33 8333.96 6205.07 9750.61 4684.26
4296.85 2459.07 4090.79 7760.64 7214.41 9654.45 5860.95
6669.31 6504.8 1278.98 6590.93 7304.35 4150.55 6537.5
4720.93 9409.92 3881.67 7515.84 5893.74 1423.79 3086.61
3612.21 6012.24 4598.36 8326.15 9852.16 3719.02 10280.35
6648.77 8807.52 6984.7 5016.95 2484.72 9085.04 7493.36
4952.76 6719.41 3991.73 9112.78 8363.39 4821.2 10728.68
6917.88 1318.72 2766.21 7541.27 8878.96 6755.19 4204.71
11199.82 4549.67 7306.39 4070.64 7634.92 2910.2 5576.05
4704.37 5955.77 7320.67 5534.7 10068.31 578.79 5610.06
6678.19 3593.08 8809.91 8060.77 6396.41 4313.25 3390.8
5848.79 7233.28 4574.23 7553.52 2220.85 6324.12 2449.78
5414.0 10919.57 6412.15 6925.45 8505.93 5690.93 10398.83
426.08 8254.42 6296.55 10133.55 10196.8 7574.31 462
5100.52 1704.81 4396.06 6802.32 2724.07 1323.12 6145.16
1427.89 5239.64 2001.91 3932.24 3925.25 5041.09 4236.52
855.79 3634.21 1474.25 3367.76 3170.63 6465.88 6160.45
2249.62 6788.18 4312.21 1662.61 3620.67 2688.6 3410.61
931.73 5703.4 3328.96 2909.84 7835.18 5960.28 1976.72
4265.92 3106.16 3898.76 5413.98 2554.57 1041.98 3202.33
6643.41 6275.66 2463.85 5628.07 1668.29 2627.81 3363.27
3283.83 1702.84 6052.24 753.4 5312.24 5917.72 2902.4
3242.33 737.65 2520.76 5796.72 7415.75 1319.73 7173.23
1336.69 5399.83 6384.54 3795.23 8978.04 4545.31 1147.64
4620.89 6185.78 1843.04 7458.74 4512.88 2915.44 3492.82
6421.88 4466.67 4081.1 1855.51 6210.56 3253.47 3501.54
4235.86 7242.24 5888.08 8008.38 6113.27 2098.87 5812.2
2876.81 2424.15 4045.31 6224.26 2142.99 632.6 3757.62
3995.25 5532.07 183 5575.38 4269.91 6342.35 10297.69
3935.0 6406.96 2817.32 6669.92 285.03 5412.6 8912.0
7548.07 5960.09 1854.51 5233.24 3221.53 4394.75 2919.25
8399.41 8955.17 4644.5 3017.8 7348.37 9559.27 6033.58
7360.54 6065.94 2152.01 6155.86 8314.22 6908.56 7281.4
7081.01 6215.64 4499.08 8043.81 7720.12 5183.08 3871.44
5884.98 5947.88 4570.22 10898.72 2141.6 2794.27 10692.48
6799.66 7214.69 2651.47 2006.19 6491.5 1168.9 5628.04
8266.49 7556.8 2419.54 7340.58 4518.84 5690.84 9361.51
7732.84 4032.51 11859.33 4444.16 7099.22 5794.97 8877.96
8633.56 2491.44 5013.19 1915.02 9127.41 7063.43 6052.09
9282.48 6813.7 1795.65 5102.83 9450.2 6205.86 7101.9
4066.08 8290.19 8540.51 7518.26 6096.12 10223.14 7778.96
1403.88 3569.36 3959.15 7137.73 7662.75 4797.64 9240.9
6101.13 5874.62 5551.91 6681.27 2983.55 175 7365.29
3752.98 6261.45 7111.05 5365.56 1496.78 8912.1 1440.45
7847.49 4111.46 3012.96 4876.88 7171.73 7010.73 2673.1
5599.98 4151.32 6124.38 785.77 7566.45 8746.74 4975.61
8762.98 1900.11 3267.02 2693.64 4408.73 6176.92 2100.03
6879.54 4571.7 3573.77 10114.66 8153.2 3706.01 2947.51
3312.35 4834.75 8068.13 2956.71 1950.66 5651.9 6223.01
9049.44 5173.44 4058.54 1114.69 3180.13 5630.18 5892.41
2739.73 8564.86 2270.53 6351.79 7581.33 5641.75 2139.18
3442.42 4467.91 4197.66 9401.82 3866.64 6108.12 3495.55
7137.9 8758.79 2637.14 11045.31 7309.57 3619.12 6920.3
7040.17 1607.31 9924.57 3838.43 2345.64 6203.33 8951.25
3356.33 5953.23 1373.94 8882.94 2496.11 759.78 5350.55
9667.38 5512.06 10118.45 8578.87 4864.32 8474.9 1860.57
1322.05 5210.43 7017.27 2353.33 2160.59 4447.06 3866.92
8277.82 238 2068.44 4197.14 2705.24 6738.92 1097.06
5111.19 2732.93 5021.99 3849.73 2604.84 6253.49 4202.36
2369.28 1797.04 4389.66 4847.73 2338.91 937.99 6648.11
5305.74 2367.22 2488.42 3973.1 7607.63 3490.01 7250.92
2928.1 1841.23 4364.18 4678.06 3646.42 4360.93 4367.3
2867.85 4621.46 7940.24 4884.69 6359.07 1610.07 5902.24
4842.33 1130.96 7564.74 3261.09 2520.5 8006.74 5412.29
4455.22 4112.05 3008.68 4081.56 4816.39 4526.05 4675.07
3930.75 2218.54 6961.62 3391.91 2594.53 9462.98 4480.46
3435.02 8731.67 4055.47 3456.55 2869.89 6361.1 5758.39
1356.49 2844.22 4593.03 5507.5 5073.22 3754.9 6378.31
6552.31 2462.46 2674.66 6745.51 2600.75 5227.78 2421.18
5774.46 7217.23 4056.75 3595.67 6961.54 4795.16 5034.27
1858.26 2014.27 6621.77 5659.8 6213.73 5627.84 5726.59
4346.14 6487.66 7224.56 1974.95 456 6485.06 8503.2
5029.68 1486.28 6980.85 6769.79 10079.88 6156.26 11037.37
5585.8 3506.18 3366.16 5995.2 9180.82 7529.69 10370.4
6747.59 8026.89 5846.12 3468.31 8529.03 8272.29 6311.04
5486.86 5257.11 9158.88 4861.25 8769.03 6071.11 3472.47
4008.21 3915.49 8176.26 6644.81 8767.98 9464.24 3709.09
10597.75 8453.8 8899.9 7104.05 6427.8 396.74 10748.32
8487.72 3354.65 6587.3 4173.6 9950.76 9409.1 5099.23
12002.73 7141.82 3117.97 4875.28 8653.05 8602.44 7351.59
5234.51 10631.78 6733.6 7962.15 1926.23 8135.58 4915.41
7623.51 3897.82 8139.58 8873.99 6259.66 11059.85 2737.66
5483.92 8777.94 2678.86 8666.6 9236.54 8389.92 3248.71
5005.28 5680.18 9118.84 4057.72 6880.14 3461.57 8423.99
1004.89 7600.54 12159.48 7461.37 8774.55 8266.68 5324.43
10809.23 2588.71 8285.93 6513.22 10358.63 10164.77 9300.16
395 8621.97 4764.66 7475.58 7923.56 6635.58 2692.25
10152.68 2713.87 8929.83 5377.94 3694.9 5960.65 8413.95
8222.33 3779.46 6466.71 5413.8 7371.87 1434.3 8600.6
10021.43 6152.02 9971.67 1773.14 4519.83 2752.86 5637.47
7377.01 3373.81 7947.91 5726.14 4678.4 11364.72 9398.27
4634.91 2685.37 4337.98 5371.62 9339.91 3583.11 3092.67
6925.67 6801.34 10256.78 6338.58 4224.52 2341.62 4298.56
6606.0 6998.51 3972.07 9590.18 3427.99 7401.15 8743.41
6820.58 2302.78 4636.6 5718.23 3540.17 10608.63 5001.91
6392.13 4558.6 8319.74 10022.45 3282.42 12259.17 8552.48
4891.61 7873.21 8021.59 2832.68 11194.36 4503.47 2730.43
7358.84 10225.05 3887.08 7172.43 2615.33 10153.44 3351.4
515.51 6449.96 10934.23 6150.39 11343.22 9580.39 6105.58
9746.15 2222.25 2417.95 5803.54 7982.24 3089.91 3409.23
4927.65 4074.31 9531.71 198 3484.25 8541.54 2961.43
3049.49 5593.32 7941.97 7179.11 7452.27 9250.25 5212.02
6233.38 3662.29 3073.53 7186.95 8040.7 9886.44 6214.34
6289.28 8184.35 1133.7 5153.33 7397.13 2198.94 8458.66
5635.38 10620.74 4501.49 7208.54 6978.22 1669.62 4019.37
4963.11 3933.26 3068.16 8940.06 11160.98 5279.63 10915.64
5494.44 9738.82 8015.75 4784.46 4829.07 8037.36 7535.89
7187.71 7990.46 5356.86 9231.66 8271.9 5959.33 10201.89
7857.67 2228.27 1490.44 7426.63 10135.87 7334.37 4681.57
12613.4 2396.66 7768.41 6416.77 8237.63 1997.47 3933.64
6609.89 3635.31 6569.33 6120.52 9945.96 1888.99 6979.62
4810.79 5661.7 9955.61 7818.07 4838.41 6376.1 3231.74
7226.91 5868.91 6329.38 9183.88 3187.07 4472.28 4771.26
3207.37 10432.19 6492.9 5658.71 9750.06 7231.66 10931.81
2010.75 9274.7 7302.12 10869.09 11177.69 6502.32 365
1393.16 5001.99 727.46 4728.25 1937.49 4966.24 4510.33
4643.62 5811.25 1955.74 4904.61 2389.97 1171.55 3791.72
4708.93 6231.66 2667.72 2741.24 5950.7 3354.31 3221.07
3739.58 2885.98 6680.0 2739.0 7515.56 1645.91 3634.1
4026.65 2685.25 1995.62 2989.55 4111.64 2147.69 5419.11
8141.35 3522.02 7363.68 2934.91 6407.24 4882.81 1135.96
5656.69 5180.15 3877.26 6532.19 5146.79 3232.75 5572.92
4633.06 3283.91 6787.01 4644.34 2661.03 2203.57 3786.43
7106.11 3858.5 1538.12 9663.0 3515.53 4205.85 6934.08
4733.83 1672.03 2824.52 5116.7 5104.06 3352.57 2756.16
6325.53 3499.25 4421.4 4054.28 4821.7 6813.54 4222.07
3249.97 5323.94 587.61 4638.94 3678.32 4588.84 6751.59
2133.35 3755.96 5110.57 4148.52 6990.86 2839.46 3295.11
6727.61 4901.51 7337.76 3616.69 6043.8 4213.95 7369.24
7837.19 3728.67 285 5342.6 5184.48 6336.25 10390.39
4214.48 7198.17 2016.54 7399.14 1316.14 5809.32 9432.45
7785.12 5778.98 1978.11 6066.21 4283.06 4925.09 3143.8
9142.06 8882.25 4063.26 3726.06 6972.84 10273.79 6529.54
8347.11 6373.45 2620.3 6839.48 8297.92 7179.65 7692.53
6457.73 5865.21 5451.64 9038.55 8167.37 6245.59 3411.11
6862.75 6760.31 4710.0 11159.95 1185.63 3522.27 11221.72
7583.79 7677.6 3682.45 2884.75 7037.68 1754.51 6430.28
8323.81 7387.44 3069.27 8294.98 5262.32 6003.68 10385.6
7285.01 4843.53 12228.96 5317.53 6975.1 5300.59 9440.14
8016.28 2318.13 5560.04 2978.23 9141.38 7728.03 5361.74
9725.22 7774.76 2491.63 4514.1 9962.18 6250.62 7793.54
3403.33 8844.53 9368.5 7686.93 5456.64 10520.96 7221.03
2033.49 4084.42 3393.71 8070.97 8337.21 5865.89 9266.06
7033.68 6603.81 6605.68 7720.21 2418.44 335 4781.05
3115.62 5303.27 9137.48 2743.84 5126.89 3032.63 5359.4
1387.65 4124.1 7580.1 6318.95 5096.81 1184.14 3982.35
2605.98 3070.11 1846.46 7096.39 7931.25 4333.96 1689.69
6657.21 8246.45 4709.84 6325.18 4812.74 945.15 4830.58
7250.92 5666.31 5976.45 6718.2 5528.81 3409.62 7025.13
6403.35 4491.44 3466.52 4837.49 4681.54 3461.87 9640.79
2720.36 1470.64 9358.98 5515.81 5895.26 1876.05 833.3
5158.85 2332.17 4354.06 7146.95 6641.23 1086.16 6239.85
3209.53 4439.18 8421.33 7119.01 2761.97 10557.0 3233.77
6149.6 5302.28 7543.1 8225.17 1962.91 3682.97 1900.52
8031.79 5735.24 5824.65 7963.8 5726.96 461.78 4773.01
8118.93 5127.35 5779.85 3918.96 6955.8 7287.87 6330.14
5790.64 8950.94 7306.25 2487.28 2256.63 3685.06 6002.26
6337.14 4190.35 8135.83 4967.18 4562.77 4782.48 5815.81
2840.79 383 3472.54 4467.45 4411.17 8470.65 2461.39
6038.11 1450.76 6105.75 2388.31 4101.29 7783.87 5921.54
3885.86 628.3 5058.75 4358.25 3427.33 1437.77 7827.11
6964.61 2602.11 2692.48 5213.08 8887.56 4909.48 7717.43
4571.77 1453.58 5483.65 6373.3 5341.14 5955.95 5025.01
4081.61 4836.99 8424.26 6458.28 6186.16 1769.07 6254.91
5666.69 2833.78 9292.15 1624.83 2572.54 9564.46 6394.2
5992.71 3611.84 2469.37 5466.01 3285.94 5329.64 6401.47
5494.54 2076.64 7542.2 4110.3 4213.64 9887.87 5599.1
3880.56 10421.59 4469.18 5066.1 3679.13 7841.23 6560.72
393.24 4046.7 3589.85 7216.21 6310.63 4076.67 7993.3
7064.06 1825.59 3053.0 8297.94 4330.02 6419.79 2148.67
7244.73 8226.65 5793.27 4067.86 8675.05 5677.53 3535.21
2642.97 1933.62 7253.27 6920.31 5919.2 7341.03 6254.57
5341.72 6434.97 7386.71 1076.07 410 3487.55 9428.94
4380.46 6431.0 6119.2 9654.95 5707.74 9316.35 8552.24
6644.55 8963.79 6154.32 3525.03 6680.35 9331.82 10189.33
7206.76 6270.01 10490.64 4405.35 3644.08 7825.09 1893.96
11043.15 7394.95 12180.92 6230.52 7101.79 8711.13 4581.25
6188.58 7281.95 1249.62 2611.65 9858.02 12819.3 7740.76
11687.14 4426.33 10997.09 9562.04 5423.54 8161.61 6616.31
7871.57 10227.87 9828.08 7622.26 9444.12 8306.34 7898.95
9365.14 9310.41 5110.88 3300.15 7559.89 11786.84 8410.26
6206.36 14345.11 1274.21 8631.26 9739.44 9221.08 3603.02
2541.39 9280.86 418.2 5908.21 7414.31 9737.3 5153.66
9034.15 2415.34 8567.22 11475.2 7701.31 3186.75 9233.73
4685.79 9264.68 4289.65 8863.13 11368.02 5664.01 2247.12
8001.05 562.28 9634.38 7074.57 4328.13 11410.67 9451.94
11561.96 5296.43 10686.5 8901.44 11780.21 12398.18 5312.78
177 1888.8 4560.89 1060.58 4754.87 1684.08 4444.64
4693.46 4121.48 5702.82 1434.86 4502.1 2166.6 1694.16
3742.58 4213.86 5885.57 2220.81 2624.05 5448.03 3582.93
3599.6 3412.07 3397.11 6205.42 2221.16 7003.88 1167.0
3468.1 3503.91 2864.76 1665.02 2571.99 4626.77 2667.49
4971.78 7625.45 3109.96 6931.77 3211.22 5917.38 4367.62
974.84 5518.73 5296.52 3569.79 6174.92 4624.04 2782.35
5254.66 4379.25 2774.14 6680.81 4134.65 2735.75 2607.29
3538.8 6589.45 3390.81 1020.77 9145.39 4029.74 3773.24
6717.06 4278.57 2073.34 3310.94 4690.17 5625.24 3402.37
2254.9 6085.21 3621.68 3908.98 4526.64 4484.22 6303.37
4025.59 3672.93 4944.56 785.05 4123.81 3993.13 4145.82
6235.83 2013.61 4238.54 4925.57 4670.97 6869.87 2500.3
3594.34 6210.08 4399.69 6926.73 3724.13 5540.02 3694.54
6918.51 7351.65 3911.55 51 3158.62 2937.99 3315.36
7054.49 671.6 4040.09 3451.62 4050.07 3433.13 2129.65
5761.66 4242.45 3343.92 1726.75 3197.91 3721.33 1345.81
659.86 5755.76 5923.38 3592.35 1264.44 5068.73 6804.94
2862.56 6027.86 2752.9 1164.48 3415.2 5217.72 3597.21
4013.41 5615.97 4013.38 3362.13 6723.52 4484.12 5123.85
2773.89 4654.96 3716.69 1456.69 7585.73 3697.94 1342.39
7550.15 4375.44 3995.41 3021.52 2040.86 3399.54 4401.81
3387.4 5080.03 4759.18 1194.33 5764.44 2200.48 2377.81
8238.56 5619.76 2182.2 8571.82 2804.7 4240.09 4116.78
5792.06 6974.96 1849.23 1963.29 3738.13 5974.27 4228.32
5009.53 6042.77 5335.75 1676.21 3923.91 6287.05 3104.4
4342.49 3536.23 5194.73 6206.88 4245.22 4854.92 6911.87
6003.45 4569.41 636.02 3153.59 5437.52 4837.36 5002.83
6073.05 4508.79 3308.58 5236.7 5966.17 2815.66 254
1898.02 7686.38 2275.69 4633.02 4450.34 7623.96 5333.43
7242.74 7659.02 4638.81 6790.75 3979.48 1677.16 5621.14
7429.92 8733.89 5372.03 4897.15 8341.48 2583.03 3253.98
6260.97 332.15 8869.59 5319.17 10219.24 4135.83 5807.4
6663.03 2539.58 4024.4 5114.41 2196.58 1224.42 8109.32
10831.44 5566.83 10025.34 3691.32 9128.64 7578.62 3666.52
6226.65 6216.71 6355.22 8094.95 7766.17 5461.85 8024.15
6961.29 5791.69 8576.62 7353.2 3020.82 1162.15 6142.52
9793.82 6572.1 4160.83 12343.83 902.01 6884.54 7770.94
7434.98 1428.04 2008.16 7105.32 2558.52 4928.58 5474.0
8556.97 3251.54 6916.91 2915.76 6414.93 9520.76 6428.63
2916.88 7070.95 2592.1 7152.71 3978.0 6688.73 9242.2
3491.21 2568.66 5973.18 1737.86 8823.0 5414.58 3803.76
9411.73 7309.73 9963.42 3403.67 8760.14 6893.07 10058.41
10557.47 4703.36 44 10214.47 4645.27 9454.05 10907.77
7716.08 4127.61 10539.76 4616.85 8390.61 7070.96 6818.25
8477.31 10158.28 8495.67 4374.58 5405.21 6516.35 8046.08
4487.63 11183.06 11083.21 6449.22 11894.49 5159.09 6456.22
1498.6 7635.56 7654.15 5097.58 10455.11 8045.5 7191.93
12931.89 11077.87 4269.95 904.88 7033.4 3573.26 10259.75
2859.3 4131.15 8297.19 10020.93 10344.91 6540.73 7602.86
4080.64 6797.04 5910.05 6793.53 6104.91 8740.79 4369.16
9967.31 10926.41 7030.77 1930.09 5350.65 7556.64 800.22
12526.0 5321.76 9755.87 4700.1 10429.93 11460.84 6429.85
14096.76 9072.36 6265.02 6904.66 10728.42 5153.06 12471.16
7645.85 2205.75 7362.43 11399.51 7120.18 9135.57 4909.93
10990.87 6308.76 3495.29 8909.91 12284.0 9320.81 13127.08
8633.34 6870.1 10627.01 2316.32 5086.45 4048.43 10722.07
3014.13 4822.06 3116.65 1917.53 10109.96 232 1857.47
7662.92 2273.17 4682.48 4420.88 7617.63 5277.77 7240.15
7611.28 4628.85 6811.37 3999.15 1648.31 5575.1 7414.55
8700.13 5351.55 4857.94 8348.93 2634.23 3196.83 6229.39
292.64 8884.11 5316.06 10208.48 4134.14 5767.03 6657.84
2580.67 4034.77 5126.07 2152.24 1171.62 8086.34 10822.59
5581.54 9999.39 3637.61 9112.0 7568.61 3639.76 6270.3
6161.74 6322.03 8124.15 7762.59 5471.41 7988.95 6923.25
5792.37 8527.54 7341.29 3057.12 1196.63 6105.97 9785.13
6552.7 4153.93 12336.18 887.76 6860.82 7812.48 7413.42
1443.8 1950.33 7123.83 2545.94 4880.26 5459.91 8515.58
3298.89 6919.19 2860.91 6441.46 9509.36 6388.24 2859.1
7095.13 2588.6 7154.37 3921.04 6703.81 9246.02 3512.53
2513.35 6012.1 1711.73 8774.39 5385.92 3748.07 9403.38
7315.8 9935.03 3451.18 8746.75 6884.65 10034.97 10539.77
4649.43 25 2732.44 5878.25 4086.14 8116.3 3159.47
7127.3 1084.52 7079.23 3834.86 4667.45 8263.82 5968.46
3224.51 2217.41 6294.75 5959.65 4366.94 2488.45 8724.01
6353.07 1111.37 4070.89 4093.52 9685.63 5561.67 9081.15
4892.26 2935.17 6425.03 5892.69 5504.55 6343.21 3531.41
3039.32 6275.0 9783.89 6877.59 7750.66 661.96 7656.94
6819.73 3108.16 9222.61 1970.87 4001.76 9986.48 7446.92
6477.29 5208.57 4053.1 6155.68 4615.92 6491.76 6062.66
4755.41 3539.98 8849.25 5301.64 4593.35 11280.95 4353.38
5203.75 10519.08 5820.35 4439.63 2362.28 8397.38 5088.88
1487.73 4908.84 5181.22 6758.29 7151.21 2501.46 8315.41
8401.97 3404.32 1565.24 8737.31 4124.31 7302.56 536.48
7818.15 9266.65 5712.97 2540.2 8694.65 4270.73 4886.72
3739.68 451.54 8531.66 7738.86 7504.29 6899.46 7577.71
6376.77 7973.55 8868.82 575.53 458 9019.71 3485.31
8287.47 9939.13 6516.68 3005.55 9393.36 3537.39 7373.78
5896.99 5973.24 7400.81 8970.66 7348.54 3175.55 4457.16
5317.62 6861.33 3726.62 10095.62 9889.09 5279.54 10713.63
4601.08 5316.58 324.42 6486.01 6499.18 3966.37 9357.28
6937.11 6135.94 11733.52 9884.89 3129.88 528.93 6025.82
2815.27 9069.91 1699.54 2960.97 7099.74 9181.27 9235.3
5381.22 6972.05 3013.3 5746.59 4883.29 5691.02 5002.19
7801.02 3183.7 8885.52 9774.5 5876.35 862.17 4151.35
6390.77 1943.55 11343.25 4136.35 9069.5 3517.27 9271.9
10261.51 5608.51 12906.53 7904.72 5077.03 5967.72 9673.36
4123.47 11272.77 6791.97 1014.53 6237.24 10202.39 6332.64
7969.39 3889.03 9807.51 5406.51 2867.58 7816.72 11084.64
8457.25 11935.49 7717.86 5675.21 9440.13 1225.51 4147.58
3295.45 9675.71 1814.7 3663.41 2334.9 1226.25 8942.59
302 5212.57 2363.2 4311.43 6302.87 3076.63 1049.25
6653.22 852.78 5927.56 1961.75 3227.33 3513.18 5085.25
4814.7 1330.61 4320.97 1868.77 3861.44 2563.58 6152.22
6473.43 2912.28 6778.95 3664.03 1320.64 3677.66 2487.48
4017.2 228.69 5399.98 2979.46 2373.7 7970.84 6042.95
2580.42 4260.31 2490.22 4413.8 5780.79 2863.6 1063.84
3405.5 6020.74 6848.36 3133.55 4914.02 1264.48 2046.1
4074.52 3979.99 1136.79 6754.58 974.58 4962.24 5777.96
3547.35 3222.74 1442.79 2417.79 5765.74 7415.75 2034.04
6487.15 1999.33 5280.81 6563.91 3081.85 9020.62 5050.66
1334.53 5335.02 5801.64 1139.3 7694.82 3833.19 3001.38
4152.6 6695.46 3759.15 3992.91 1182.17 6594.37 2545.47
3044.02 3880.78 7453.74 5262.28 8065.13 6820.49 2623.51
6186.94 2838.18 1735.35 4610.09 5825.21 2337.18 353.05
4214.89 4273.01 6000.6 272 2761.02 8599.79 3155.89
4871.5 5354.72 8509.34 5934.83 8112.77 8432.58 5537.66
7491.35 4705.85 2583.94 6420.88 8339.41 9623.04 6286.09
5759.1 9152.16 2833.79 3803.11 7158.88 850.83 9623.46
6193.48 11118.31 5006.11 6660.1 7544.6 3022.51 4826.47
5901.8 2105.97 1981.75 9023.02 11724.63 6327.76 10936.21
4370.4 10039.77 8476.19 4576.35 6588.19 6838.66 7247.32
8689.28 8640.23 6263.5 8906.85 7828.76 6647.42 9328.45
8255.86 3564.95 1827.08 7019.1 10686.72 7485.78 5051.06
13232.62 588.2 7797.78 8165.0 8349.08 2230.62 2518.83
7826.13 1883.23 5701.07 6381.68 9399.08 3579.37 7762.32
3106.04 7050.79 10421.68 7280.44 3404.87 7731.71 3474.31
8001.34 4527.62 7442.53 10075.91 4207.09 2797.97 6429.47
1337.62 9581.87 6320.67 4419.01 10303.59 8131.29 10869.82
3722.7 9665.86 7786.03 10971.85 11469.76 5367.16 408
8078.45 6279.29 8954.76 12933.76 6569.91 8591.95 4712.46
8952.54 2506.74 8009.65 11402.94 10179.59 8496.2 4459.58
7380.02 4604.26 6937.35 5555.85 10624.42 11551.13 6817.7
5465.36 9743.58 11812.68 8571.99 8934.48 8687.45 4773.93
8514.7 10928.11 9535.4 9857.69 9176.48 8632.1 6374.23
9550.08 10273.23 6295.42 6182.82 7570.56 8107.29 7205.01
13520.06 3806.08 5235.53 13162.92 8986.51 9762.12 4408.07
4329.22 8986.71 1561.03 7818.74 10896.86 10104.53 4951.15
9055.35 6849.27 8312.7 10644.35 10054.88 6282.55 14437.35
6545.18 9668.99 8067.85 11331.4 10729.1 4997.16 7532.08
3137.84 11750.34 9427.49 8048.63 11828.44 8523.34 4338.18
7262.66 11944.13 8830.48 9429.58 6135.59 10756.84 10594.51
10155.82 8174.67 12835.03 9965.73 1471.36 6139.2 6157.0
8938.03 10003.47 5822.78 11866.42 7947.42 8178.28 6755.46
7957.8 5188.31 138 7048.85 6734.17 5536.55 3997.15
6395.71 4582.55 10004.4 4006.65 10109.94 4759.02 1171.68
3465.02 6642.52 8590.84 5617.62 8705.88 5663.54 7448.66
3143.28 5337.73 8979.44 7099.02 7640.29 2587.85 4028.73
6589.06 4350.43 7955.3 4198.39 4925.44 3764.04 2911.62
9402.95 7540.12 6888.19 6788.13 2398.32 8476.19 8617.58
6641.17 5018.51 6155.09 2551.31 10472.39 7328.87 783.16
4292.25 2872.75 8464.7 8240.06 3577.77 11006.2 5168.84
4369.27 6169.34 7642.91 6034.98 5798.85 4677.46 7832.92
8204.3 6412.64 2223.09 6378.77 5950.96 8431.45 1363.53
9808.47 8532.16 5045.66 9708.79 4605.04 3361.73 9676.46
941.75 6204.86 8266.89 8989.64 636.82 5347.27 3472.62
9403.67 1850.22 4110.15 3895.83 9344.01 2008.96 9060.58
11104.43 6496.58 9004.41 5744.48 2959.42 8774.72 4507.74
6006.49 4615.1 8155.46 7734.37 9238.51 188 2713.43
3290.99 2833.33 6619.15 240.41 4140.53 3496.47 4078.25
3839.84 1869.63 5551.34 3852.09 2874.42 1996.27 3413.35
4192.29 1369.46 831.38 5739.12 5446.43 3345.84 1713.38
4614.26 6740.96 2687.3 6281.66 2401.03 1582.7 3425.35
4746.45 3223.02 3736.61 5246.09 3578.77 3719.55 6967.86
4230.84 5538.04 2582.33 4954.37 3863.19 973.04 7215.64
3855.57 1812.51 7332.19 4450.25 3760.84 3500.39 2524.34
3257.49 4815.14 3545.95 4624.66 4274.77 1677.68 5984.32
2417.87 2029.79 8493.19 5176.56 2506.73 8254.59 3118.9
3755.28 3749.56 5613.91 6567.18 1931.42 1914.81 4218.0
5513.17 4178.76 4709.24 5774.95 5580.77 2134.77 3639.9
6065.73 2628.24 4317.03 3382.39 5018.41 6265.89 3822.27
4530.37 6558.46 5591.8 4994.11 926.08 2981.43 5642.64
4777.98 5437.82 5615.03 4756.38 3381.14 5627.32 6302.82
2797.45 36 6546.29 4868.17 5190.9 5201.98 5198.12
2629.46 8897.55 2082.64 8529.26 3612.88 1015.92 3392.17
6239.7 7243.02 3727.68 6840.49 4217.08 6171.24 1341.25
5929.75 8253.92 5498.47 7606.83 1546.15 2728.06 4674.85
3527.72 6510.52 2402.91 5317.85 3321.03 2226.23 9179.16
7215.93 4981.09 4944.65 1762.15 6506.41 7728.32 4665.59
3084.77 5189.49 4224.17 9230.25 5724.96 2338.91 2321.74
1927.64 6670.05 6594.85 2147.93 9372.99 3269.76 4756.09
6262.51 6104.28 4117.21 4065.94 3745.14 6131.72 8227.98
4651.36 4195.83 4526.92 5898.94 7978.77 643.06 9885.14
7333.37 3582.5 7944.88 5317.77 1497.75 9211.07 1843.5
4248.81 6722.89 8361.78 1384.25 4921.49 1551.48 8547.99
655.62 2394.85 3892.63 8911.03 3518.47 9022.37 9442.77
5052.33 8134.91 3805.32 999.91 6815.05 5270.59 4030.9
2774.22 6180.44 5776.26 8174.05 343 763.99 5864.37
2226.46 6167.53 2580.42 6451.43 3036.23 6240.79 5223.33
3557.47 6807.8 4248.84 1260.42 3205.75 5912.59 6567.42
3774.88 2647.23 7704.58 4381.66 1332.43 4206.48 2371.91
8514.87 4442.22 8793.8 3487.49 3504.47 5588.35 3931.46
3900.87 4885.28 2672.41 1236.8 6292.64 9465.11 5420.88
8075.62 1332.66 7511.65 6262.3 2032.06 7364.07 3867.56
4246.34 8436.02 6698.38 5105.49 5826.11 4701.23 5026.98
6134.37 5972.26 4135.56 2792.34 3936.75 8456.19 4940.24
3287.31 10996.83 2808.89 5079.66 8733.03 5688.33 2468.74
1178.61 7009.43 4031.89 2490.45 4125.94 6209.04 4796.22
6135.24 2263.69 6721.56 8087.34 4116.76 1349.98 7230.52
2340.23 6330.99 1893.13 6468.8 8419.65 3919.26 2022.34
6887.7 3069.29 6382.28 3499.56 1574.78 8097.14 6664.59
7938.75 4939.4 7272.12 5674.04 8188.69 8874.42 2328.63
132 1881.85 7597.23 3242.25 6486.26 4311.38 8107.9
3800.3 7851.24 6551.56 5140.43 8041.14 5288.1 2157.32
4672.58 7628.93 8225.51 5487.08 4320.52 9216.06 4465.12
1675.94 5920.39 1631.13 9929.59 5983.74 10508.13 4910.68
5120.91 7211.02 4295.39 5115.85 6186.59 939.0 1209.82
8025.26 11172.99 6700.15 9791.0 2419.2 9241.79 7948.14
3713.65 7980.14 4713.6 5946.64 9532.75 8331.17 6467.49
7474.99 6326.74 6543.71 7381.55 7668.09 4689.1 2899.52
5605.14 10156.67 6664.98 4788.08 12705.23 1653.29 6813.3
9477.08 7421.67 2889.64 562.09 8297.32 2385.76 3899.22
5795.53 7730.66 5083.97 7677.02 1016.09 7812.3 9800.81
5711.75 1233.69 8402.75 3483.61 7888.41 2370.84 7802.14
9997.47 4858.22 662.56 7640.13 1494.93 7647.9 5232.72
2348.23 9792.41 8167.07 9638.7 5237.06 8990.01 7334.1
9914.81 10607.94 3333.11 69 6880.51 957.44 6462.78
9034.17 4248.32 2344.04 6808.0 2915.46 4830.18 4137.58
5797.94 6169.65 6929.6 4764.48 1429.03 2135.68 3209.77
4387.81 4229.64 8681.59 7464.13 2752.39 8707.89 5406.02
3906.96 2410.15 4886.88 3927.93 2877.37 7917.4 5568.75
5116.66 9485.74 7758.14 545.24 3106.9 5241.1 1661.82
6613.44 924.88 1904.3 4952.04 8757.62 6629.49 2822.77
7300.68 2674.4 4800.36 2365.56 3086.02 3882.72 5359.04
1809.07 7545.5 8009.79 3305.23 2389.94 2023.62 4668.71
4519.91 9310.35 1734.88 9101.72 1146.98 7479.37 7989.02
5557.39 10779.17 5358.55 3227.51 3576.36 8425.76 3577.28
8902.19 6496.38 1858.03 3634.51 7813.47 6293.5 6160.12
3448.16 7310.88 5116.78 3958.24 6473.57 8749.04 7998.52
9801.1 5316.47 3314.56 6963.01 2231.68 3973.83 1871.36
8466.64 1243.24 2434.92 1525.63 2072.13 6393.79 457
6847.13 1699.19 6150.17 8193.65 4365.52 1183.14 7454.93
1795.9 5876.16 3753.65 4649.98 5460.29 6802.3 5432.66
1015.59 3402.39 3150.55 4799.8 2936.35 8102.48 7770.24
3316.0 8552.15 4108.16 3260.44 1871.35 4390.74 4569.36
1984.56 7348.39 4930.34 4275.28 9564.15 7712.62 1541.29
2542.96 4293.18 2743.16 6973.29 951.67 894.18 4928.75
7725.8 7415.33 3461.96 6063.95 1441.72 3914.79 3512.74
3988.69 3057.63 6502.66 1034.91 6913.99 7659.24 3963.96
1562.8 2011.57 4261.4 4073.23 9179.27 2124.06 7941.12
1563.85 7147.14 8096.67 4373.03 10735.49 5905.27 2910.92
4780.7 7749.95 2472.69 9127.59 5395.55 1163.86 4428.4
8066.68 5119.38 5833.6 2300.0 7735.78 3985.86 2688.13
5832.52 8930.22 6970.96 9763.73 6487.83 3567.74 7355.27
1249.79 2774.63 3063.02 7770.41 388.24 1598.98 2434.06
2322.85 6935.54 300 3831.18 3312.85 4389.1 8293.56
1925.47 4985.97 2596.94 5112.37 2160.26 3453.22 7054.15
5540.04 4147.27 559.33 3951.16 3324.25 2550.59 926.03
6852.3 7016.12 3516.82 1557.95 5712.59 7954.81 4151.43
6565.16 4069.72 303.99 4520.22 6350.03 4905.18 5336.01
5847.52 4587.1 3680.48 7272.01 5799.85 5078.43 2635.36
5099.52 4588.73 2574.89 8897.87 2582.73 1421.67 8843.35
5355.72 5305.54 2567.82 1403.63 4660.55 3138.18 4251.39
6274.56 5698.67 921.99 6400.69 3037.48 3695.09 8731.95
6183.88 2750.9 9897.37 3326.21 5212.17 4403.45 7062.8
7332.28 1185.11 3186.19 2836.22 7147.06 5388.93 5013.96
7361.01 5916.8 765.63 3937.98 7584.62 4229.56 5471.7
3195.07 6466.79 7178.32 5507.93 4949.32 8231.17 6400.07
3330.16 1712.31 2906.46 6119.71 6000.56 4839.49 7256.2
5112.16 4328.03 5305.97 6235.93 2192.82 195 4300.34
10218.64 5229.14 7114.27 6910.27 10495.34 6189.21 10161.76
9134.58 7484.71 9793.33 6987.7 4362.21 7331.94 10152.46
10910.3 8020.99 7001.0 11338.75 5127.15 4221.22 8583.85
2740.19 11884.47 8241.29 13008.91 7078.5 7805.51 9554.15
5362.26 7033.93 8126.46 1791.2 3430.35 10647.81 13651.38
8581.71 12452.93 5052.5 11808.94 10395.79 6234.3 8880.23
7081.79 8619.58 11027.6 10672.1 8468.67 10160.03 9011.26
8747.13 9908.14 10140.35 5903.83 4120.93 8287.87 12620.37
9221.45 7051.02 15178.72 2113.38 9424.32 10464.83 10020.21
4442.91 3241.96 10115.04 460.29 6553.3 8244.64 10389.27
5885.76 9882.6 2838.99 9380.08 12302.47 8393.71 3765.18
10053.35 5534.25 10112.91 4807.84 9703.55 12216.62 6494.9
2762.59 8756.71 1382.12 10181.64 7857.58 4904.2 12245.38
10300.42 12313.03 6023.81 11509.6 9739.39 12559.61 13202.49
5875.22 359 2788.11 7308.34 4320.62 8033.98 4305.09
8320.89 2299.52 8189.75 5332.81 5587.86 8950.52 6377.21
3249.92 3769.6 7606.24 7508.35 5554.9 3875.17 9740.97
6081.46 882.76 5512.93 3374.65 10605.69 6490.12 10450.38
5609.67 4447.11 7529.87 5791.55 6046.49 7024.45 2224.28
2610.02 7718.11 11145.51 7561.33 9271.09 1651.79 9064.25
8064.69 3995.99 9384.9 3184.37 5470.11 10580.67 8607.57
7231.85 6754.99 5594.85 7084.72 6046.35 7749.58 6096.9
4461.4 5032.66 10178.2 6606.79 5381.46 12660.91 3418.33
6591.13 10807.33 7214.1 4310.42 1646.32 9144.61 3754.78
3019.1 6018.44 6731.94 6629.0 8160.43 1065.77 8864.38
9757.43 4946.47 830.65 9376.16 4468.45 8339.73 1021.55
8596.13 10387.37 6022.23 1250.59 8957.17 3079.25 6322.99
5051.78 1304.71 9842.36 8715.55 9039.88 6779.97 8930.5
7549.42 9475.02 10326.5 2117.52 291 936.98 6873.08
2177.65 5579.12 3564.22 7178.52 4018.11 6886.15 6405.86
4179.24 6976.51 4223.59 1106.71 4398.2 6789.88 7710.07
4656.71 3801.02 8197.32 3622.45 1964.49 5297.66 1192.6
8883.17 4991.85 9652.49 3885.76 4680.07 6257.92 3345.88
4054.3 5130.16 1857.82 154.69 7302.05 10301.73 5640.13
9145.7 2378.92 8445.0 7052.9 2870.16 6992.37 4900.1
5359.11 8469.75 7380.15 5419.05 6977.02 5868.12 5537.24
7305.34 6788.87 3692.43 2000.11 5083.23 9274.69 5857.51
3791.02 11831.73 1621.16 6074.6 8464.1 6663.83 1885.51
827.03 7235.8 2974.09 3674.26 4896.52 7398.5 4172.62
6675.34 2013.9 6748.41 8945.36 5296.4 1677.94 7336.93
2425.63 6893.05 2679.89 6746.03 9005.63 3798.56 1668.91
6619.76 1995.96 7557.22 4523.54 2488.83 8903.14 7148.12
9036.09 4324.29 8148.38 6412.42 9228.48 9842.07 3389.45
352 7800.08 1854.07 7382.26 9843.15 5162.0 2934.8
7554.0 3543.03 5320.65 5043.2 6407.82 7017.75 7853.51
5525.18 2258.9 2370.73 4134.14 5246.9 4594.65 9568.75
8328.33 3599.36 9631.87 5717.4 4759.13 1992.94 5779.3
4716.32 3630.0 8805.31 6433.99 5913.73 10389.44 8677.52
1425.37 2615.68 5989.96 1008.72 7467.8 870.3 2572.46
5874.01 9464.32 7301.12 3641.68 7795.77 3195.93 5576.88
2836.9 3756.97 4677.05 5716.02 2566.76 8418.73 8928.16
4101.59 2186.73 2944.57 5573.9 3873.45 10233.37 2648.58
9698.08 2071.03 8398.62 8891.19 6128.89 11695.76 6162.52
4135.08 3881.36 9289.4 4220.23 9780.46 7148.92 1687.23
4355.04 8688.92 6876.01 7078.13 4055.62 8141.77 5742.14
4116.16 7341.54 9636.81 8707.25 10717.89 5630.94 4218.83
7806.04 2182.25 4530.52 1403.81 9324.65 1494.17 3199.53
682.2 1239.18 7189.39 290 4345.13 5755.69 2818.54
2740.47 4205.26 4335.47 7559.01 3751.89 8225.84 2744.58
2180.0 745.84 3921.94 6435.35 4872.7 7567.63 3903.69
5270.37 4132.47 3039.71 6323.93 5428.18 4946.06 4371.45
2460.22 6950.92 2049.72 5963.38 3483.84 2431.63 1234.12
1189.46 6677.88 4807.9 6056.46 7393.4 1266.02 7962.84
6050.44 6400.3 4570.87 3749.45 2788.84 8137.23 5643.81
3515.52 4261.45 1546.41 7120.55 6566.06 2426.06 9184.06
4536.49 1865.51 3505.59 5817.92 6418.85 4564.68 2424.63
8755.14 5532.39 5162.28 3856.02 5392.36 3237.83 5707.45
2533.09 7166.29 6213.49 3429.02 8216.51 2466.39 3149.85
6949.95 1798.37 6357.67 6409.05 6299.82 2433.26 2655.1
3388.67 6802.64 2240.1 5162.27 1165.68 6615.08 2113.07
6373.36 9333.12 4623.8 6417.81 6046.39 3253.77 8126.06
2441.92 5828.54 3905.01 7777.45 7766.68 6777.53 246
7115.93 3432.04 7505.16 11123.05 4857.57 5776.69 4992.8
6212.04 1949.26 5908.47 8882.55 8206.32 7408.84 3497.66
4575.77 1601.49 4726.99 4132.54 7798.79 10112.52 6615.76
3217.51 9003.23 8993.23 6245.87 5921.9 6684.33 3212.65
5873.28 9399.0 7537.64 7592.22 9031.49 7877.19 3449.08
6542.14 7923.17 3336.51 5770.18 4567.71 5286.65 5644.41
11376.76 4362.64 3017.75 10576.43 6162.8 7412.57 1591.32
2155.27 6543.32 1899.86 5032.37 9225.64 8915.51 2998.05
6048.51 4258.71 6331.71 7680.69 9469.55 3641.59 12080.9
3747.01 8408.03 7640.25 8746.98 10554.28 4272.08 5215.6
458.17 10131.08 6762.84 8085.07 9420.94 5518.07 2593.61
7065.52 9418.98 7293.95 6722.72 6124.17 8206.59 7666.71
8309.39 8081.34 10645.43 9646.06 1752.2 4095.45 5944.96
5944.53 7296.95 2882.29 10221.16 4974.72 5485.35 3779.06
4977.51 5022.73 478 2708.77 3825.44 3321.33 7311.94
1205.15 5021.95 2514.34 5011.7 3210.99 2843.77 6529.02
4678.92 3021.51 1180.53 4174.64 4280.49 2291.35 393.53
6698.33 5936.76 2687.92 2041.95 4601.42 7718.29 3674.79
6981.48 3305.08 1210.45 4367.75 5293.63 4084.76 4689.08
4870.4 3483.87 4238.25 7681.11 5194.19 5879.11 1833.68
5581.24 4701.95 1601.32 8053.61 2880.21 2027.95 8305.49
5352.53 4733.76 3533.67 2402.67 4245.12 4182.44 4372.45
5261.69 4581.56 1657.58 6734.46 3180.37 2945.65 9188.25
5090.63 3110.54 9158.95 3732.58 4103.12 3389.44 6598.93
6309.03 945.32 2877.42 3950.78 6111.59 5149.29 4151.63
6725.8 6295.52 1829.02 3058.1 7039.08 3192.0 5278.45
2565.39 6004.05 7181.32 4579.82 4034.56 7424.0 5358.11
4394.79 1618.58 2194.74 6412.94 5752.5 5701.81 6227.75
5469.4 4283.54 6041.73 6848.93 1841.11 383 2124.49
7939.06 3376.33 6394.83 4640.91 8377.45 4180.89 8100.17
6949.96 5389.79 8164.31 5382.19 2330.25 5068.21 7936.86
8605.21 5795.1 4693.76 9422.91 4350.19 2066.52 6281.21
1454.26 10101.2 6213.36 10811.86 5111.33 5505.33 7466.93
4248.08 5257.14 6340.66 635.04 1345.71 8367.76 11470.82
6844.21 10151.69 2817.71 9565.08 8234.0 4011.89 7945.17
5094.38 6313.52 9611.23 8588.89 6637.09 7856.18 6711.09
6761.83 7778.1 7960.61 4676.91 2842.52 5981.04 10449.6
6982.44 5013.1 13002.67 1345.11 7150.55 9464.81 7754.64
2906.32 937.21 8435.08 1993.43 4295.88 6077.51 8125.66
5003.6 7899.42 1185.09 7897.38 10104.26 6099.47 1618.14
8506.94 3638.75 8115.98 2750.84 7955.68 10228.19 4934.04
866.83 7640.24 1097.15 8044.86 5574.32 2742.67 10082.01
8373.71 10006.86 5156.48 9298.11 7607.06 10267.24 10941.16
3728.19 181 7805.83 6430.69 6349.64 5269.84 6737.9
4123.43 10427.69 3635.55 10148.73 5116.05 1551.53 4344.35
7443.92 8832.69 5283.03 8392.24 5814.45 7740.18 2302.99
6500.57 9633.43 7117.66 8613.71 1425.93 4267.63 5712.86
4892.91 8116.22 4014.94 6022.06 4485.3 3463.85 10308.49
8387.47 6507.76 5813.28 2927.83 7886.02 9174.51 6010.36
4602.75 6645.94 3814.67 10800.29 7344.31 1027.22 3769.4
3279.91 8259.97 8213.42 3714.59 10990.87 4823.35 5453.93
7177.53 7720.55 5176.32 5680.16 5165.04 6728.14 9204.44
6258.39 3198.74 6100.67 6899.08 9224.67 1356.55 10837.88
8885.75 5178.83 9542.01 5791.17 3103.34 10470.92 1959.48
5431.23 8340.22 9696.92 1251.27 6118.99 3123.18 9984.83
1941.36 3109.85 4820.8 10152.54 3291.48 10041.83 11058.15
6653.44 9575.31 4935.75 2548.32 8233.94 5705.23 5385.96
4369.4 7518.25 6943.48 9687.58 305 2382.11 8297.02
3000.92 5179.87 5018.22 8333.09 5426.86 7965.06 7965.46
5334.69 7530.64 4721.49 2278.46 5969.89 8095.56 9246.28
6008.1 5355.73 9085.02 3121.34 3292.69 6801.85 507.63
9615.82 6040.43 10908.19 4861.77 6245.41 7376.77 3196.18
4770.28 5860.8 1671.82 1551.3 8723.19 11529.19 6313.04
10613.15 3880.18 9785.58 8272.11 4261.73 6843.31 6332.59
6879.11 8809.64 8485.21 6207.27 8521.29 7426.2 6523.32
8851.68 8037.59 3707.0 1872.69 6628.68 10492.52 7213.49
4869.73 13046.56 163.22 7494.29 8405.87 8060.29 2174.26
2009.52 7848.36 1812.03 5238.38 6148.72 8971.03 3838.78
7652.04 2611.17 7140.22 10206.76 6863.61 2890.81 7802.98
3314.18 7886.45 4015.96 7434.75 9980.31 4230.87 2295.09
6633.3 1035.58 9107.55 5986.05 3915.53 10112.04 8051.55
10529.25 3987.43 9436.06 7594.0 10666.88 11206.9 4870.6
43 10856.55 5359.38 10046.74 11307.34 8389.06 4696.31
11259.55 5145.02 9113.21 7678.65 7150.35 8976.92 10783.73
9214.97 5040.04 6122.03 7176.64 8747.52 4803.03 11685.11
11772.94 7160.15 12506.0 5331.57 7025.02 2161.12 8210.99
8371.07 5665.66 10968.88 8576.55 7679.67 13586.14 11714.58
4989.18 1490.12 7482.75 4266.54 10955.88 3571.39 4746.3
8949.7 10326.11 11070.12 7255.85 7782.81 4606.86 7282.55
6634.53 7518.82 6639.87 9452.29 5002.98 10466.96 11497.9
7747.7 2521.83 6026.31 8152.15 90.24 13140.36 6022.48
9955.31 5402.77 11009.82 12122.63 6750.06 14725.2 9784.72
6896.87 7617.6 11201.52 5636.49 13149.31 7976.49 2864.78
8085.64 12082.39 7409.65 9728.23 5389.91 11693.6 6686.4
3765.72 9423.43 12955.87 9647.05 13759.17 9340.44 7559.04
11326.46 2901.25 5505.62 4736.45 11187.45 3686.52 5419.72
3818.76 2627.2 10822.57 380 7287.36 8302.69 5768.08
2807.26 7318.51 6315.97 10682.76 5712.99 11278.53 5773.94
2848.06 3826.97 6818.42 9554.48 7239.99 10243.26 6853.61
8388.49 5045.98 4659.89 9322.12 8366.16 7387.47 4471.94
5246.98 8475.2 5158.68 9037.14 5774.05 4516.19 4371.0
3924.42 9242.38 7575.02 8511.01 8695.83 3554.81 10216.96
9133.75 8425.32 6712.85 6887.22 978.22 11274.46 8591.68
2133.55 6067.82 4066.63 9911.96 9520.26 4943.24 12219.27
6813.25 4062.34 5910.04 8829.3 7918.74 7245.0 5529.07
9744.26 7861.9 7867.4 739.27 7936.88 5856.57 8537.69
3168.89 9340.42 9351.06 6291.79 11098.27 3900.39 5039.61
9738.67 2115.28 8058.75 9439.42 9237.69 2429.92 5675.41
5194.3 9855.24 3507.75 6024.03 4081.88 9388.45 1111.69
8735.2 12349.54 7638.45 9485.09 7614.6 4740.8 10480.97
3762.84 7794.0 6213.14 9927.04 9584.79 9899.98 70
5935.86 2981.64 4884.2 6274.69 3957.67 816.68 7565.28
206.12 6789.11 2675.57 2679.14 3715.69 5757.28 5730.75
1838.79 4952.23 2775.19 4774.1 1646.67 6421.78 7314.82
3798.55 7383.89 2762.27 1852.52 3377.81 3023.07 4928.45
699.13 5697.68 3304.29 2437.04 8689.75 6734.47 3094.92
3856.78 2349.13 4710.09 6650.48 2947.22 1215.77 4214.87
5726.88 7765.11 4014.84 4227.45 686.94 2046.46 4804.55
4829.85 1379.35 7588.04 1380.71 5205.67 6265.19 4444.72
2854.84 2285.4 3050.24 5292.03 8023.49 2826.92 5982.67
2645.76 5798.52 7323.33 2443.54 9656.41 5963.52 2207.38
6089.28 5976.0 472.97 8486.19 3400.95 2784.06 5041.84
7514.2 3174.59 4570.76 337.59 7468.73 2001.58 2197.48
4151.82 8230.02 4973.0 8718.93 7638.84 3540.35 7058.65
2476.6 907.91 4983.26 5976.2 2330.58 933.09 4428.76
4231.29 6904.88
