75 150
1.0 764000.81
1.0 554067.16
1.0 430728.26
1.0 595835.88
1.0 1615303.55
1.0 885898.79
1.0 391752.5
1.0 1040042.25
1.0 2557484.07
1.0 1647543.67
1.0 450891.49
1.0 1387735.53
1.0 909197.02
1.0 1283912.28
1.0 720516.42
1.0 534116.67
1.0 775982.28
1.0 1207644.18
1.0 715967.4
1.0 363228.17
1.0 563529.77
1.0 809562.25
1.0 568044.0
1.0 856812.58
1.0 222564.74
1.0 987113.15
1.0 1016678.96
1.0 371969.74
1.0 1191850.8
1.0 728242.01
1.0 536559.08
1.0 709458.84
1.0 836737.87
1.0 566386.56
1.0 164442.74
1.0 573869.22
1.0 392862.33
1.0 430326.0
1.0 676938.99
1.0 894164.68
1.0 821695.94
1.0 1057978.47
1.0 721512.15
1.0 749114.54
1.0 957200.75
1.0 1054217.88
1.0 1510876.0
1.0 1016709.95
1.0 1454347.29
1.0 729791.85
1.0 628753.7
1.0 314135.43
1.0 257406.35
1.0 358709.39
1.0 726535.81
1.0 414680.01
1.0 1870284.11
1.0 507644.02
1.0 559751.41
1.0 717755.55
1.0 670427.91
1.0 1187298.15
1.0 483989.07
1.0 2084135.78
1.0 525859.38
1.0 367446.84
1.0 815210.29
1.0 489674.36
1.0 663474.26
1.0 351045.8
1.0 555116.25
1.0 468251.93
1.0 798064.77
1.0 1580492.63
1.0 1570842.62
24 35707.61 11695.35 32442.21 40382.48 24631.11 9090.38
37953.19 11618.22 29814.92 21776.35 23301.54 28733.92 35474.48
28861.79 9698.98 17475.26 19234.98 26379.12 13959.79 40692.34
39757.31 19501.01 43244.56 18572.59 19267.73 3154.91 24447.97
25032.54 13296.41 37374.22 26570.26 23187.43 47831.51 39559.29
10357.95 6189.76 22881.01 11776.33 36157.43 4253.99 8705.12
27163.3 37485.18 37497.06 20042.01 28550.44 9394.28 21482.24
18821.39 21848.35 17991.35 32132.9 9671.52 35321.91 39096.43
22276.63 2381.6 14103.12 23989.53 12988.66 46051.39 14275.76
37571.02 11576.57 36844.6 41287.13 21801.92 53026.12 31173.28
18114.07 24094.78 38911.71 14409.36 45858.05 26866.93 358
20200.87 12403.66 22067.82 38913.63 10455.22 20984.55 14266.52
21936.46 8234.43 16384.38 31737.7 26253.36 21469.81 5341.71
15975.47 11436.33 11634.58 6861.68 29695.34 33765.02 19079.46
5543.67 28668.12 34794.55 18944.85 26858.4 19508.98 2769.81
19534.33 30674.46 23326.43 24612.83 29480.39 23686.74 13857.39
29998.34 26501.49 19442.2 15153.52 20244.15 19039.77 13793.77
41009.09 13400.17 4602.4 39669.99 22705.49 24233.66 8068.54
2892.88 20942.55 12397.96 17563.9 30118.45 28216.56 2783.97
26343.61 12371.74 17849.58 36352.24 30842.37 10514.12 45034.71
12772.77 25977.42 23019.83 31577.11 36079.33 8595.47 14362.17
9521.16 34094.49 23555.73 25755.13 33456.21 488 8736.79
30568.12 15572.21 32213.28 16529.06 34284.81 11443.84 33527.43
23969.24 21714.26 36356.59 24762.84 10786.53 16005.66 31438.52
32364.04 22070.9 15382.16 40244.49 23616.0 2043.74 22723.56
12031.64 43949.67 25704.59 44235.37 21563.09 18491.11 30595.18
22197.66 23356.98 27795.42 8825.38 8114.74 32441.28 47294.41
30180.66 39824.04 5829.74 38236.92 33276.98 14710.56 38150.75
15515.55 22672.68 43550.92 35481.34 28781.2 28991.91 23807.16
28334.69 27546.97 31917.08 23506.15 16365.69 20905.83 42888.53
27008.22 20632.52 54096.19 12730.38 27222.84 44481.86 29995.31
15576.35 4058.31 37269.34 15743.24 12529.38 23934.53 29592.59
25960.89 33218.96 4875.6 35887.12 470 29656.14 27187.01
23031.38 18481.85 26024.72 17657.34 42255.67 15062.3 42345.01
18711.35 2413.69 13937.2 27947.17 35727.11 22216.16 35976.99
22561.61 30675.56 11742.69 23450.36 38061.36 28891.21 32900.96
10159.8 15308.44 26957.17 17143.48 32814.12 15879.59 21272.35
14861.52 10674.52 40555.65 32076.59 27884.86 28013.2 8302.57
35043.99 36267.16 26909.74 19573.73 25150.13 13009.63 44223.0
29916.01 5646.9 16409.4 10279.03 34907.89 33962.65 13203.83
46312.87 20220.35 18738.28 26457.54 31356.3 24474.77 23030.6
18523.53 32964.54 35509.56 25762.25 12582.89 25601.36 25275.28
35919.14 3338.84 42771.42 35589.16 19782.98 40464.9 20333.94
12164.38 41481.02 3221.39 147 7588.86 23742.81 1420.4
18461.32 10862.86 22450.29 22625.51 20739.96 28451.67 9275.74
20364.54 8514.73 5918.12 19494.11 21924.47 29739.63 13326.17
14729.35 25957.22 12568.66 16373.55 18697.07 12543.44 28815.24
12160.61 34114.03 6902.16 18647.6 18155.4 9468.09 7288.71
12058.34 18990.06 10231.51 25553.15 36790.03 14341.68 34325.67
15457.56 29540.59 22331.32 7429.02 22738.23 25681.35 19382.28
27320.82 23069.31 13372.96 26910.31 22918.04 14329.65 32807.57
21401.01 9248.74 8248.65 19153.64 32162.37 18445.93 7040.35
43508.18 15395.03 20258.54 28590.95 22441.59 5897.38 13850.64
21466.23 22703.51 17567.4 13197.27 30506.17 13026.02 19387.52
19411.0 19643.29 411 26781.8 14796.28 21793.14 26993.87
18477.27 5002.66 34719.29 2384.96 31632.85 12365.97 10510.29
15999.43 25869.74 26688.26 9703.38 23584.33 13363.21 22295.97
6341.27 28070.95 33247.49 18238.1 32947.42 11072.75 8492.1
15918.94 13531.51 23169.56 4254.09 24904.5 14391.96 10209.18
39013.11 30252.82 15300.52 17865.73 9527.38 22408.1 30398.27
14445.85 6893.19 19375.94 24259.68 35733.1 19215.91 17343.56
4052.56 8439.15 22902.82 22913.13 6089.67 35239.49 7661.13
22639.1 27748.25 21085.01 13519.99 11559.56 13835.21 24087.85
35796.41 14033.86 25229.81 13292.31 25735.78 33039.0 9410.22
43120.88 27593.59 10714.13 28622.37 25947.52 1103.2 38301.57
13803.78 356 11813.49 28372.72 18286.57 35906.8 15684.71
33541.05 6376.17 33185.4 19377.34 22060.58 37780.41 27048.57
14029.87 12265.86 30024.58 28946.58 21184.76 13136.56 40378.27
27715.84 3243.74 20324.69 16893.18 44514.55 26085.75 42560.5
22723.1 15386.48 30251.14 25906.21 25182.19 29174.21 13618.91
12492.62 30166.26 45682.97 31572.24 36883.4 3670.84 36270.66
32254.77 14974.82 41235.42 10449.12 20065.05 45332.34 34913.11
29896.11 25593.41 20432.0 28747.55 22740.11 30811.73 26878.6
20493.36 18049.22 41457.93 25576.34 21499.4 52391.72 17777.1
25285.3 47228.45 28050.06 19315.03 8963.7 38476.02 20569.01
8962.99 23473.7 25479.88 29749.62 33336.58 8855.56 37788.81
48 26617.73 21792.81 20422.32 20611.82 21399.84 12520.89
37838.38 9842.71 37125.05 14154.9 3062.74 12220.1 25168.02
30849.36 16856.97 30575.63 17483.73 25912.63 8610.38 23534.64
34474.41 23626.88 31088.68 9728.68 10414.69 22747.85 13315.69
27771.93 10472.37 20788.18 12046.4 7204.5 38211.03 29490.13
22535.36 24216.89 5006.26 29919.98 32306.44 21944.42 14327.73
21007.8 16906.91 39545.63 24650.02 10731.32 11453.45 6082.82
29500.39 28658.41 8058.11 41034.03 14884.21 18286.09 25036.94
26174.87 20269.78 17638.22 14437.59 29795.53 33843.16 20360.57
17773.33 20200.47 23455.24 32996.06 2663.28 41226.04 30983.24
14663.74 35071.57 20846.74 6864.05 38519.3 6317.95 423
36188.2 19297.0 31156.28 33859.45 27288.88 9775.73 43007.41
9801.59 37791.78 21702.95 15131.19 24622.59 35288.94 34440.32
14753.2 27133.33 21848.56 30598.09 4705.56 36494.99 42384.11
25255.33 42298.61 7730.31 17902.2 11760.32 22930.81 30686.54
12744.02 33521.84 23455.17 18857.78 48431.23 39672.74 18839.26
12059.59 17462.85 22767.58 39345.13 14575.54 11631.0 28586.5
29250.65 43519.5 26104.02 18411.7 8175.19 17136.74 27583.93
29136.62 15493.41 40828.28 13113.63 31114.35 36905.43 28234.92
9498.7 18467.09 23251.87 16727.01 45142.64 20179.24 27937.11
18300.31 34980.04 42418.25 13326.21 52489.71 35868.76 19511.46
33279.95 34002.7 10414.78 47629.62 18800.53 165 14420.4
25807.92 7587.33 12566.58 16015.79 21459.77 29613.84 19141.42
34162.11 10985.38 14712.56 2231.53 12436.98 25614.34 22666.52
33143.56 16232.06 20535.89 22402.68 10162.89 23410.47 22726.76
16912.96 24161.13 11540.13 33405.04 7406.18 24076.37 17251.04
6892.33 4048.89 7929.22 24576.87 16274.02 27389.65 35692.92
9537.45 36168.85 22550.29 30016.34 22037.54 13281.01 15721.58
32502.57 23594.05 20857.23 21532.25 9677.01 30744.45 27541.79
12549.72 38509.02 21536.54 4824.49 10621.01 23940.71 31168.14
20308.18 8859.3 42085.77 19574.8 22709.43 21487.76 24277.79
9267.39 20349.77 16148.7 26909.44 24135.3 14825.98 35114.34
8708.62 16923.73 25866.99 13214.45 247 10543.38 34744.84
17002.81 31872.05 20366.65 37779.93 15438.54 36802.16 28410.71
24773.77 38348.43 26211.99 12085.6 20543.57 35293.58 36854.37
25797.98 19717.69 43155.04 22860.02 6536.0 27018.25 10145.84
46529.43 28647.34 48135.02 24069.46 22969.33 33905.41 22083.83
25270.08 29967.72 4468.44 8118.87 36635.9 51152.86 32295.22
44200.37 10363.83 42287.85 36927.72 18076.41 38488.88 19482.79
27024.34 45152.52 38867.76 31141.15 33484.38 28306.25 31206.6
31883.7 35621.68 23797.18 15873.5 25326.41 46679.28 30912.87
23380.62 57976.51 9859.81 31329.17 45126.99 34083.81 15751.7
4157.12 39426.85 11412.56 17066.97 27412.5 34126.94 25617.62
36213.12 1579.74 37470.01 382 27542.67 33853.49 20782.5
8996.51 28170.71 25811.16 42835.68 23075.47 46054.33 21531.97
11158.45 12305.41 25446.31 38109.52 29378.22 42313.64 26554.94
32917.31 21604.92 16277.21 36623.79 33354.54 28107.95 20206.81
19628.84 36361.1 18554.7 35985.98 22839.78 15331.24 14897.76
13616.42 36347.8 28827.48 34957.63 37717.68 12403.55 42981.98
35849.31 35312.19 27361.49 26049.82 3384.56 45567.05 34340.03
11445.07 24949.32 14576.97 40593.64 38475.56 18669.42 50305.39
27596.72 13217.79 21493.22 35242.6 33879.19 28849.51 20224.5
42957.28 30297.91 31602.18 8249.45 32212.18 21180.42 33113.14
12918.08 37034.0 37042.51 24212.69 45698.66 12872.84 20065.42
38479.1 7467.96 355 13054.32 39533.37 17259.24 27596.46
24776.49 40635.25 23443.37 39167.52 35874.29 27212.43 37978.89
25435.84 13288.19 27417.64 39127.57 42958.34 29641.91 25480.3
44532.02 18445.8 14086.92 32389.27 6367.76 47118.81 30614.74
51847.46 25458.27 29217.76 36446.07 18867.19 25431.78 30315.5
4005.95 9155.64 41446.55 54706.07 32410.91 49603.99 17442.21
46539.58 40189.04 21686.01 35102.39 27511.92 32603.36 43834.59
41434.39 31795.91 39641.9 34583.56 32900.4 39569.63 39054.23
21130.67 12901.61 31231.49 50107.82 35004.53 25295.62 61514.46
3894.84 35977.61 42083.21 38610.04 14025.51 8943.76 39346.75
4361.11 23992.37 30601.14 41032.8 21691.79 37971.73 9159.78
36349.45 273 31115.17 21539.92 34371.52 51778.22 23277.93
31789.56 17983.13 33363.83 5281.37 29410.28 44321.74 39263.2
32814.27 14473.56 26391.69 14542.25 24514.09 18972.43 40845.45
46059.6 26708.25 17872.69 39004.74 46135.38 31771.97 33912.26
32539.74 15215.51 31403.7 43141.26 36350.46 37566.35 37531.91
33959.33 22067.86 36767.89 39367.1 22675.62 23400.66 27643.63
29636.66 26326.88 54046.0 14345.73 16849.83 52150.27 33551.06
37082.19 13265.95 12772.69 33564.59 1243.9 28332.69 42819.67
39916.59 15705.06 34277.7 23978.38 30876.64 42012.59 40676.99
21454.36 57964.62 22678.78 37850.26 31976.36 43979.49 44476.99
17365.08 27120.01 7819.04 46712.82 35473.19 32787.44 46280.24
278 16126.17 10544.22 15754.32 31356.21 4315.24 15251.77
18049.69 15439.27 16247.08 8385.91 23908.34 18451.04 16664.66
9824.65 11424.22 15130.47 3749.81 5666.26 23125.44 27083.22
18788.27 4067.32 24522.65 27928.92 11004.48 24078.27 11654.32
6538.76 12678.5 23811.87 15485.23 16585.28 27516.97 20013.55
12454.91 27170.51 18506.98 20637.71 15184.85 18032.17 13758.36
7824.96 33038.78 18851.63 4830.76 31877.14 16784.43 16253.71
12282.38 8758.37 13175.07 20424.9 12282.98 22903.64 22481.91
5329.92 22873.79 6975.36 10033.21 33939.13 27089.8 7061.45
37007.97 9810.6 20114.81 20841.68 23884.83 33388.8 10909.91
6579.2 16317.11 26955.04 16453.33 25022.23 25472.42 188
10427.38 26803.41 16708.5 34511.76 13872.1 31752.01 6820.35
31364.8 18871.98 20215.34 35966.65 25347.36 12640.38 11159.83
28312.27 27755.32 19391.09 11512.01 38538.85 26503.36 3055.9
18780.19 16242.65 42669.07 24240.29 40905.9 20907.44 14028.4
28428.55 24549.93 23422.84 27364.75 13920.46 11577.37 28619.03
44019.84 29761.14 35531.7 1826.77 34664.96 30493.63 13132.45
39658.88 10798.58 18574.49 43543.47 33109.89 28068.99 24387.59
19201.89 26902.07 22462.7 29058.69 25412.54 19336.89 16623.01
39761.69 23858.42 19668.67 50749.64 17402.96 23653.95 45573.32
26426.63 18013.76 8527.55 36648.52 20842.82 7734.38 21651.33
24626.26 28405.53 31495.76 9556.2 36018.2 256 35534.23
12874.0 31872.52 38863.27 24811.99 8075.81 38807.54 10335.0
31325.96 21300.52 21392.47 27572.46 35159.04 29778.25 9985.68
19363.79 19298.95 26946.7 11780.03 39609.77 40075.78 20346.41
42823.58 16291.44 18460.36 4040.65 23726.67 25930.19 12400.85
36337.7 25569.12 21906.85 47755.33 39336.3 11777.63 6341.08
21404.57 14051.41 36577.18 6190.2 8249.98 27104.23 35651.34
38573.88 20975.95 26382.09 7979.62 20165.92 20465.75 23124.99
16921.66 33833.16 9475.43 34203.03 38397.69 23216.65 1722.14
14439.14 23419.1 13087.69 45652.48 15037.52 35501.72 12480.63
36195.56 41290.43 19833.06 52733.31 31899.86 17865.0 25888.95
37683.74 12921.03 46022.62 25005.12 460 28036.04 17331.61
22626.29 25955.01 20475.78 7267.09 36856.33 4868.37 34154.15
13945.07 8441.3 15914.33 26955.69 29005.3 12224.2 26106.02
15574.47 24484.31 4678.42 27860.98 34928.56 20721.2 33722.32
8773.49 9928.63 17120.29 14546.01 25551.36 6718.67 24831.79
14750.38 10131.97 40147.97 31354.56 17772.99 18714.35 8874.01
24597.24 32239.05 16457.41 9301.49 21055.58 22560.93 38011.35
21708.31 14870.17 5951.23 8407.97 25466.79 25447.79 7301.41
37788.7 10175.56 22454.35 28203.64 23536.35 14650.23 14097.15
15110.19 24562.23 36555.48 16596.19 23041.07 15843.17 26318.84
34370.03 7126.87 43928.1 29761.94 12833.72 31189.27 25494.68
2728.18 39730.67 11947.03 181 36342.95 10799.68 35611.31
48352.5 24591.27 18691.19 32194.26 21302.27 20419.84 25814.73
34163.3 35411.76 36947.06 23610.01 14622.17 7144.06 21034.68
23723.97 26610.65 46169.16 37164.61 16670.15 44795.52 31688.54
25382.47 14625.39 29317.67 20512.38 21146.17 42770.76 32620.61
30989.01 47117.9 40188.63 9250.93 16990.76 31656.92 2151.53
33234.22 10078.28 16809.12 28085.09 47370.37 30361.78 16467.51
40689.92 20049.7 29642.74 10320.81 15392.75 25525.44 21265.68
16400.62 41297.93 42489.16 18059.92 15857.1 16303.24 28148.55
21497.37 47325.06 14116.08 48891.12 12326.22 40105.49 40471.85
33043.53 53368.31 26850.58 21814.74 13231.07 45296.45 24275.22
43812.85 37305.96 321 18617.18 34735.9 13063.05 5594.96
24087.84 29865.38 35368.81 27373.19 41967.85 19861.14 19684.18
10309.83 16403.62 33028.09 31503.52 41975.62 25043.27 28230.42
29220.17 3999.65 27514.88 31352.93 16643.01 29703.72 20356.05
41699.89 16289.14 32064.84 25808.18 4494.22 12926.88 15782.44
24951.54 18605.21 36311.73 43778.15 16528.82 45078.04 27835.25
38737.88 30658.8 20874.42 12776.19 38759.39 32168.67 23202.37
29707.88 17522.66 39474.4 35985.52 21027.58 46326.92 30273.82
4438.87 10434.36 32287.39 39370.45 29235.97 17646.93 49913.68
18480.49 31620.48 19814.01 33203.72 11102.64 22962.99 21464.65
24877.21 30980.16 23748.89 43597.93 682.69 24830.98 27878.94
16757.1 245 32152.61 8255.43 29133.21 38162.07 20972.67
6769.77 34351.01 9499.69 26716.49 18447.98 22054.04 26047.86
31990.99 25281.25 6069.6 15064.41 15620.71 22699.62 13865.07
37848.65 36073.02 15882.29 39810.44 18960.95 16264.98 6801.16
21306.48 21440.85 10535.31 34488.88 23703.87 20721.59 44227.24
36022.27 7175.24 9876.02 20730.2 11147.26 32470.4 2829.83
5688.82 23574.26 35911.22 34006.49 16461.38 28098.56 7696.28
19094.48 15926.18 18501.65 15319.66 29302.09 6338.81 32542.97
35871.87 18701.54 5745.23 10432.5 20719.99 16661.04 42600.43
10621.05 36661.58 7963.26 33584.86 37660.73 20744.51 49510.86
27526.25 14658.22 21446.35 36257.12 12493.94 42191.23 25449.44
292 24456.28 9448.07 20653.38 29629.39 14493.53 3467.18
30102.5 3552.22 26117.66 10077.55 15408.87 17236.1 23974.86
21678.4 4582.99 18242.34 8969.42 17678.64 11317.02 28999.39
29757.92 12843.78 31597.36 16429.28 7434.87 14904.11 12588.28
18016.73 1977.08 25642.32 14854.38 12107.56 36737.4 28203.98
10246.25 17561.11 12515.62 18226.21 26556.11 11199.09 3183.11
16238.01 28200.86 30769.4 13791.18 22724.16 4771.64 10604.35
17370.11 17377.38 6602.79 29672.61 2825.69 23697.82 27246.83
15760.49 12933.93 6044.91 12194.91 24310.68 34429.37 8452.96
30052.5 7870.23 25011.9 30393.22 14613.28 41542.04 22958.25
6905.11 23065.91 27440.38 5697.36 35349.27 18277.23 315
37074.63 10575.98 35545.74 46890.09 25259.14 16113.46 34785.68
18830.71 23883.4 25243.99 31580.9 34235.1 37430.06 25889.97
13015.22 10420.57 20966.07 25190.92 23290.81 45507.53 38887.9
17868.11 45353.25 28192.89 24151.53 10394.78 28590.06 22464.39
19212.33 42100.62 31595.08 29375.55 48386.32 40976.38 8696.16
12703.74 29742.45 2141.76 34999.94 6760.97 14510.82 28558.15
45238.34 33325.54 17907.52 37667.01 17240.64 27887.5 13116.17
17764.31 23860.06 25139.58 14459.47 40425.45 42449.69 19807.22
11794.62 15770.93 27611.94 17396.1 47992.61 14152.97 46231.75
11771.61 40077.94 41702.58 30314.35 54368.24 28921.28 21185.25
16981.62 44333.23 21850.74 45447.8 34903.26 217 39729.89
13507.55 37347.87 46779.7 28090.23 15325.39 39205.04 18009.33
28981.16 26718.76 30083.46 34701.71 39814.07 30156.64 14037.25
15592.04 23189.08 28783.89 20732.49 46450.35 42510.78 21461.81
47721.15 25155.56 24846.22 5920.92 29766.48 26533.59 19196.25
43076.57 32317.47 29375.06 51480.01 43640.19 11641.65 7590.96
29306.1 7442.01 38703.58 6424.01 14341.83 31100.67 44206.43
38042.09 21701.88 35334.16 15956.68 27733.59 18002.9 22262.63
23980.96 30431.26 14838.96 41172.25 44177.42 23782.75 7997.07
17810.36 29048.71 12075.44 50455.17 16926.52 44390.47 14207.9
41851.45 44816.66 28608.09 57139.42 32972.07 22763.35 22250.08
44910.3 20932.62 48929.74 33618.99 165 13657.43 24365.08
19163.64 37320.33 13312.59 30564.3 3491.63 30553.19 14536.23
20388.29 36686.17 27076.97 15776.56 7575.86 26569.48 24228.35
18422.32 9658.48 38047.41 29797.69 7440.02 16332.01 20372.01
42517.71 24281.38 38771.38 21797.12 11027.07 27676.81 27540.3
24806.97 28223.77 18281.36 15518.09 26080.95 41916.97 30571.35
32352.21 4515.94 32331.3 29072.29 13748.59 41843.45 6864.68
15924.67 44488.01 32059.97 28669.38 20901.29 15796.0 26890.37
18068.84 27587.36 28091.66 22810.06 13784.22 37851.75 22200.05
20351.66 48526.36 21698.96 21519.05 47384.22 24226.24 21221.61
12852.62 37159.73 25217.59 4627.55 20995.98 20574.54 31390.06
31103.9 13718.35 37171.33 447 13186.9 28465.68 19578.78
37287.28 16298.19 34042.08 5133.7 33793.98 18515.04 22895.49
38784.71 28242.11 15404.63 11933.15 30351.42 28597.89 21719.92
13380.36 41084.93 29138.59 4668.76 20407.55 18316.98 45315.84
26903.09 42766.78 23727.77 15272.04 30871.17 27296.85 26301.8
30193.08 14773.08 13934.22 30224.29 45901.4 32585.82 36687.46
4590.31 36404.51 32684.15 15867.41 42532.08 9188.19 20077.97
46396.09 35456.29 30858.11 25268.1 20150.79 29559.13 21725.3
31223.93 28230.85 21922.41 17993.74 41740.01 25922.75 22452.01
52569.74 19150.64 25479.34 48466.74 28225.1 20717.84 10370.88
39433.31 21708.37 8810.17 24102.48 24845.03 31144.52 34059.82
9846.33 38887.98 350 35006.53 30329.46 28387.99 22233.85
30913.91 20144.81 47285.08 17868.21 46566.66 23623.35 7278.14
19272.31 33303.99 40423.81 25224.13 39105.56 27043.68 35470.75
12263.28 28224.06 43359.06 33046.25 38165.73 8399.33 19977.89
27519.05 22335.88 37330.8 19373.89 26284.19 20202.01 15880.44
45883.31 37428.54 30747.4 27982.67 13481.69 37073.8 41475.01
28725.32 22254.09 30276.53 15384.24 49090.95 34063.88 2539.6
18613.05 15271.28 38405.9 37999.69 17623.31 50391.76 23175.39
23778.01 31670.6 35669.28 25119.38 26773.72 23645.04 32027.29
40739.51 29402.55 12248.32 28827.82 30565.01 41275.48 6913.59
47956.13 40501.79 24216.67 44092.29 24980.06 15347.27 46837.4
8185.8 258 14604.76 26725.9 7812.12 11751.6 16778.32
22326.4 30089.09 19984.68 34910.77 11886.96 15106.9 2872.96
12559.08 26299.31 23580.86 34040.42 17121.92 21250.98 23076.6
9301.68 23658.5 23587.17 16612.59 24686.22 12449.97 34265.45
8307.81 24840.67 18132.7 6080.38 4962.15 8674.43 24410.79
16249.68 28309.02 36531.45 10158.36 37088.3 22941.88 30920.63
22929.39 13954.92 15251.36 33047.16 24446.63 20990.53 22371.38
10436.14 31624.13 28376.33 13415.42 39262.26 22440.87 3927.19
10197.91 24758.16 32017.42 21225.66 9738.61 42899.15 19222.65
23621.15 21200.49 25196.76 9021.47 20399.92 16601.58 26517.91
24738.94 15740.92 35957.88 7789.18 17721.6 25884.56 13403.07
138 35620.45 9529.46 33274.51 43226.07 24000.93 11926.04
35582.06 14660.26 26106.61 22672.11 27188.41 30915.32 35702.47
26483.66 9996.53 13108.78 19076.71 24837.68 18563.46 42549.16
38537.43 17560.85 43611.14 23415.71 20957.99 6289.08 25780.92
22781.65 15500.37 39162.51 28448.58 25734.78 47398.01 39530.15
7721.62 9135.94 25846.52 6711.16 34760.51 2491.35 10644.59
26990.36 41079.18 34647.46 17871.59 33021.16 12842.37 24146.8
15003.59 18813.28 20269.66 28002.52 10958.83 37315.85 40119.53
20009.38 7199.62 13698.04 25013.58 15027.88 46343.32 12870.42
41744.97 10128.58 37785.65 40741.16 25839.84 53030.94 29176.02
18691.85 19838.84 41109.79 17660.24 44913.81 30608.16 193
11795.41 32679.18 18630.3 35020.88 19071.46 36944.77 10968.08
36295.24 24366.46 24600.6 39412.91 27831.76 13812.21 17171.97
33871.35 33805.03 24643.38 17376.06 43131.61 26277.89 3751.57
24707.88 14147.77 46917.29 28611.78 46595.98 24577.67 20078.19
33355.46 25035.51 26425.21 30842.08 9073.6 10824.22 34520.85
49683.87 33230.61 41572.91 7458.68 40467.8 35848.99 17533.18
41115.43 14953.43 24554.0 46622.95 38193.66 31804.27 30439.13
25255.57 31254.64 27623.71 34458.38 26437.35 19067.19 22646.96
45339.61 29419.37 23605.22 56456.8 14328.73 29435.62 47497.57
32214.63 18446.66 6496.86 40309.69 15935.4 13778.3 26641.08
30492.55 28752.78 36091.83 3971.69 38959.72 42 12380.61
27876.43 5915.5 12364.66 16543.18 24408.86 28522.65 22203.83
34441.92 12849.71 18037.21 5638.28 10229.88 25560.34 25153.7
34715.27 17831.8 20702.21 25777.16 7520.31 21500.37 23931.87
13696.55 27561.54 14204.93 36360.56 9403.84 24516.97 20129.3
4113.16 6898.25 11261.01 21576.55 13610.5 29554.73 38742.93
12941.96 38382.88 21163.29 32642.95 24817.31 13338.29 17187.14
31702.03 24717.76 23849.97 24603.35 12982.14 32103.7 28478.74
15549.57 38802.34 24192.3 3163.56 7264.71 24763.83 34179.31
22388.05 10521.16 45217.33 16290.33 24599.73 23509.53 26415.38
6162.53 17858.78 19515.58 23583.35 23663.9 16876.63 36093.38
7103.58 20130.41 23272.02 16303.48 369 28070.55 15227.07
23058.29 27780.63 19681.25 5003.52 35861.23 2824.51 32449.44
13647.62 10697.08 17088.05 27154.54 27738.23 10108.27 23963.56
14496.89 23424.13 5177.89 29143.7 34508.34 19137.42 34210.74
10113.55 9780.86 15140.17 14806.7 24173.34 5278.72 26010.39
15577.43 11276.95 40300.67 31538.8 15579.57 16938.33 10411.64
22307.59 31632.55 14179.89 7086.09 20642.61 24713.41 36802.14
20099.17 17107.2 3666.92 9505.81 23452.02 23707.31 7364.94
35979.92 8061.22 23713.12 28966.62 22021.26 12700.8 12374.49
15123.37 23040.36 37058.75 14741.49 25327.72 13783.91 26972.64
34326.79 9415.91 44389.24 28726.07 11895.8 29200.23 26947.07
2306.66 39585.26 14145.31 376 16989.05 9727.39 15420.01
29756.3 5550.07 12662.81 20780.47 12665.02 18796.66 6412.81
21191.01 16675.9 17164.89 12679.47 9386.95 15894.99 1135.74
8335.88 20308.72 26233.07 20801.81 5670.09 25094.01 25080.01
8386.59 22223.91 9937.91 9342.32 9860.77 22877.42 13696.27
14181.01 28860.2 20900.2 11605.33 25251.5 15969.01 20247.32
17388.29 16532.66 11342.56 8363.27 30886.46 21694.14 6652.46
29143.35 14124.09 13689.82 13440.98 10790.83 10412.95 22875.55
9919.61 21699.93 22306.02 7790.14 20823.25 5020.26 8456.89
32069.48 27778.91 6166.95 34559.56 8619.3 19922.66 22254.78
21104.74 34398.45 13633.0 3806.09 18096.93 25763.72 13600.36
26782.2 22906.46 299 25398.51 11536.68 26941.31 43209.87
15137.62 21585.48 18048.72 23109.15 7179.42 20098.78 34237.7
30283.66 26617.94 9980.09 16208.4 7071.71 14914.57 12027.38
30624.27 38567.6 24009.28 8109.23 33878.62 35900.86 21964.87
25036.84 23484.16 7975.79 21169.3 35394.48 27308.64 27901.14
34566.52 28901.36 12376.05 28079.58 29541.46 15717.5 20119.44
18471.46 19451.34 18645.76 44665.53 16176.73 7144.55 42000.12
23349.19 27250.75 4101.81 3112.0 23559.33 10086.07 18115.01
34657.92 33262.29 6847.04 24997.99 13749.97 21880.34 33990.53
36056.49 11198.4 48159.88 12531.89 30987.28 28169.26 33819.24
41225.0 13434.5 17306.44 4509.69 38685.4 25233.98 30667.54
36369.65 457 8813.7 35339.85 13177.55 25394.67 20592.12
36377.5 20985.78 34939.53 32638.44 22956.76 34224.05 21708.29
9030.14 23895.8 34861.66 39021.0 25387.44 21558.66 40431.78
16242.69 11456.21 28316.15 3290.79 43167.79 26402.86 47575.42
21287.84 25408.93 32201.14 15990.91 21469.46 26349.43 5106.75
4902.43 37251.76 50434.07 28507.97 45483.14 14277.99 42287.54
35918.2 17442.29 32463.56 25039.09 28574.73 40387.58 37194.36
27776.79 35734.16 30742.28 28725.16 36507.08 34781.85 18031.26
9751.81 27296.31 45836.66 30755.35 21069.45 57243.25 3115.5
31775.83 39311.38 34389.48 10385.99 5775.21 35523.39 8610.38
20551.4 26328.79 37415.56 19234.91 33803.09 8507.94 32805.61
262 37223.99 23494.36 31575.8 31516.54 29545.57 13305.7
45753.08 12391.91 41677.16 23194.88 12704.12 23972.87 36059.53
37543.17 18642.98 31673.66 24389.26 33312.09 4728.55 35318.95
44174.78 28686.81 42542.03 3240.27 19183.98 16652.7 23686.93
33909.07 15146.05 32609.88 23398.15 18541.28 49247.88 40453.52
23257.6 16630.16 16664.16 27695.45 41427.51 19436.92 15404.08
30295.88 26026.01 46626.11 29603.06 14161.86 11549.28 17002.85
31863.86 32939.36 16554.6 44930.49 16786.22 30104.67 36705.02
31631.28 14449.83 21837.33 24339.92 20405.97 45344.12 23887.69
23853.53 22331.59 34992.4 43579.1 10873.64 52737.15 38614.96
21780.4 37614.2 32529.53 11758.26 48966.43 16126.32 372
38416.97 17996.45 33989.94 38364.99 28488.0 10627.13 43342.79
11858.07 36586.33 23870.74 19858.03 28338.73 37764.35 34445.57
14347.35 24819.47 22916.35 31179.31 9410.2 40372.66 43800.89
25024.85 45124.95 12591.87 20435.99 7239.91 25692.65 30605.78
14602.69 37266.44 26810.65 22522.99 50717.85 42079.79 17077.32
7105.46 21454.57 19223.36 40493.29 11642.12 11782.99 30325.87
34089.53 43388.46 25746.3 23373.46 9599.38 20755.24 25837.54
28221.22 18354.55 39213.44 13247.93 34947.31 40128.84 27968.33
5388.72 18628.3 25725.18 12038.69 47976.21 19723.56 32909.95
17378.63 38069.67 44451.31 18094.94 55230.47 36305.53 20998.48
31317.97 38074.65 13517.22 49442.77 23547.42 212 14535.24
40879.2 19041.11 29373.36 26130.53 42270.42 23667.26 40853.54
36455.88 28855.26 39846.03 27302.91 14933.88 28212.41 40630.47
44021.94 31112.9 26570.8 46313.66 20245.73 14541.33 33598.54
8242.33 48952.71 32319.25 53390.22 27196.97 30205.92 38107.66
20736.53 27257.7 32142.26 3764.45 10687.59 42792.63 56274.4
34253.16 50845.65 18106.73 47992.57 41773.5 23143.17 36933.39
27710.95 33768.08 45719.39 43103.44 33607.48 40684.84 35581.84
34636.54 40036.56 40613.62 23010.48 14786.35 32315.16 51687.2
36456.96 26984.71 63091.68 5761.94 37339.46 43926.43 40000.6
15892.93 9838.52 41204.87 3258.62 24754.95 32167.75 41849.74
23516.16 39713.04 8939.47 38231.94 255 15633.43 11902.77
13179.07 26991.58 5485.18 12641.23 21815.82 12045.47 21216.71
3645.81 19043.84 13908.51 15494.36 14385.36 10493.74 18595.17
1667.59 9532.74 19340.09 23649.62 20598.44 8390.25 23372.9
23808.32 6101.23 23227.68 7178.19 11421.97 9108.08 20272.21
10928.79 11620.94 27797.71 19493.45 13704.03 26143.69 13541.05
22488.97 17505.21 18005.41 11750.5 7142.75 28196.05 23170.5
9347.11 27021.44 13866.9 11296.71 16200.97 13464.82 8450.3
25377.63 10494.27 19010.01 20083.25 10260.39 21592.01 6628.16
5734.45 32972.76 26130.4 8469.72 32042.05 10595.41 17711.42
21334.47 19126.85 32982.18 14753.59 2331.49 20841.51 23069.18
12372.78 26191.54 20508.86 348 22206.07 25170.01 27220.47
45414.38 18860.76 33583.84 6177.41 34245.44 9024.52 26145.91
42516.53 34328.82 24265.16 9214.28 28742.22 21920.86 22712.86
14159.37 42008.59 38253.72 15636.94 18087.84 28978.81 46923.69
29621.43 39500.56 28336.97 12719.13 31614.24 35832.99 31766.41
34467.88 26080.04 24164.83 26505.43 42616.31 36680.21 30651.4
13166.58 32867.25 31728.44 20568.27 49337.19 2160.13 17273.51
50477.81 35262.49 34569.39 19061.92 15008.41 32021.9 11021.53
30233.69 36163.3 31374.39 15107.03 39112.08 24887.04 26733.23
48778.04 30170.74 23287.25 54422.54 25596.18 29685.23 21292.73
42691.32 33006.48 9577.17 25535.77 16383.87 39651.08 35469.82
21074.91 43556.11 235 24270.03 22444.72 28511.78 46523.7
18754.79 31578.2 9849.71 32543.88 4895.02 25780.94 41838.03
34760.62 26176.03 8810.29 26477.73 18199.65 21695.92 13997.47
40307.16 39941.13 18840.4 16149.63 31674.25 45387.52 28902.29
36459.21 28388.01 11408.29 30094.34 37282.51 32024.43 34180.19
29569.37 26706.19 23589.37 39530.61 36264.72 26947.89 15819.68
29851.14 29599.75 21105.04 49800.88 6242.51 15216.26 49812.77
33307.24 34062.54 15581.21 12202.51 31121.61 6905.65 28138.01
37331.88 33351.6 13260.05 36272.34 22985.88 26730.3 45489.8
33126.58 21041.19 54465.95 23088.05 31470.7 24301.71 41829.7
36520.36 10639.11 24519.07 12308.89 41020.63 34081.37 24725.91
43222.56 426 34173.24 12635.72 30322.21 37042.79 23690.13
6456.78 38117.83 8582.25 31243.25 19820.97 19605.19 25815.46
33724.42 29164.09 9120.59 19767.12 18134.84 26077.94 10171.49
37866.45 38999.49 19728.26 41327.94 14889.66 16840.76 5860.63
22126.76 25317.73 10778.56 34609.08 23861.12 20126.33 46431.33
37943.12 11783.63 7986.17 19590.96 15158.81 35575.02 6935.76
6942.6 25827.39 33848.09 38066.79 20424.07 24756.16 6204.59
18379.48 20577.7 22854.01 15208.77 33946.26 8293.36 32452.67
36785.16 22653.89 3468.44 13508.02 21886.74 14607.83 44164.71
14413.38 33791.18 12018.81 34605.48 40018.94 18066.54 51291.53
31129.97 16524.53 26139.01 35905.59 11112.46 44840.51 23206.18
472 15440.21 41312.39 20596.14 31859.63 26648.81 43324.21
22477.99 42041.88 35665.97 29971.05 41701.15 29179.09 16176.23
27777.94 41383.32 43941.49 31833.04 26617.87 47779.36 22701.48
13807.02 33807.37 10296.71 50617.96 33581.01 54204.46 28574.64
30059.62 39238.38 23014.69 28928.41 33802.78 3252.97 11793.45
43220.78 57143.05 35977.73 51058.97 17592.92 48622.1 42706.19
23886.34 39326.0 26458.66 33897.84 47786.35 44241.98 35204.09
40580.35 35423.85 35981.0 39075.43 41491.47 25215.99 16931.51
32313.83 52588.45 37116.68 28226.72 63972.79 8108.14 37815.29
46286.27 40523.73 17817.33 9935.78 43001.44 4707.01 24300.38
33089.77 41383.47 25927.6 41060.77 7540.68 40237.02 124
39309.72 21448.55 34280.05 36443.36 30273.13 12545.15 45821.19
12842.33 40060.7 24809.93 17589.93 27627.36 38417.99 37144.6
17211.69 28829.85 24789.86 33453.77 7477.11 39424.68 45426.13
27855.62 45419.19 8916.13 21026.93 11716.23 26059.62 33354.64
15781.4 36499.86 26536.85 21893.53 51557.63 42801.14 20775.06
11180.85 20409.5 23645.34 42339.12 15827.95 14229.01 31658.78
31424.73 46197.51 28664.74 19848.78 11055.07 20189.4 29577.05
31501.91 18622.82 42918.55 15732.36 34069.09 39990.17 30834.76
9852.05 21153.12 26378.11 14733.88 48262.05 22673.22 29529.45
20601.93 38082.53 45530.02 15750.75 55612.77 38698.45 22524.47
35183.05 36858.31 13543.81 50724.54 21193.64 445 18438.93
15824.67 13359.63 21908.07 11881.5 10905.96 28327.46 8870.84
28304.89 4666.65 11933.61 9133.93 17435.13 21454.98 12099.51
23974.0 8438.03 16438.24 14276.22 20837.26 25476.53 15098.51
24513.7 17898.7 1186.09 22846.38 5076.72 18580.21 6608.07
17491.0 6690.81 4830.77 30605.69 21827.04 17199.54 25290.67
6441.51 25807.25 23017.74 19322.25 11334.77 11705.26 21739.04
30048.12 16110.29 19905.77 11252.12 4163.76 22151.54 20245.14
2371.19 32403.3 10845.81 15531.89 19532.83 17304.26 20698.78
10533.27 5503.34 31868.14 27364.69 13235.54 25048.88 14208.66
17424.34 24763.41 12169.03 34673.32 21467.35 5837.48 27297.65
19307.62 7451.83 30128.54 13385.76 18 35385.16 11372.03
35269.32 48996.52 23839.14 20506.87 29870.68 22985.81 17544.97
25991.75 35774.96 35923.63 36173.42 21609.82 15901.05 4949.98
20937.73 22362.9 28864.31 46204.26 35450.77 15726.18 43908.51
34051.13 26067.63 17733.49 29557.17 18831.97 22440.54 42833.72
33045.6 31882.52 45685.45 39157.58 10237.32 20201.23 32773.47
5415.59 31519.08 12656.26 18480.14 27422.48 48546.99 27779.26
15333.23 42616.59 22002.26 30660.65 8322.92 13513.02 26534.88
18110.56 17836.91 41526.9 42070.83 16613.54 18798.33 16728.59
28259.77 24778.52 46341.15 14228.09 50486.15 13004.6 39695.38
39104.73 34779.21 52108.45 24968.96 22123.85 10214.12 45569.28
25872.87 42125.18 38753.53 486 15018.44 38467.87 13441.28
15244.62 24986.96 36215.87 31197.28 34101.61 40861.82 23766.86
29125.02 17418.49 13336.41 31673.56 36431.91 44204.27 28050.39
27857.73 37623.73 6601.71 22018.92 33084.98 8587.99 38999.77
25872.0 48134.22 20723.75 31965.35 31900.62 8669.78 18818.18
23178.5 16067.28 12812.1 40272.24 50601.47 24689.75 49051.39
23756.72 44029.53 36456.77 21368.67 23169.17 35080.69 33662.53
33559.07 36500.94 24918.48 41221.87 36822.25 27436.65 45064.54
35696.89 11204.33 6606.22 33067.93 46011.4 33142.75 21416.05
57132.18 9202.55 34981.73 30247.01 37153.42 8975.97 16473.43
30776.92 14561.58 28812.43 27793.84 44218.57 9996.88 32086.74
20138.38 26666.14 144 30745.01 7757.88 30694.28 44857.72
19204.19 17878.35 25970.85 20102.92 14712.81 21660.98 32607.92
31740.37 31531.77 17379.12 12764.95 1409.39 16504.45 17779.81
26715.12 41739.94 31032.97 11085.06 39266.31 32018.33 22080.09
17974.16 25239.47 14372.85 19095.24 38386.56 28820.18 28011.81
41146.46 34524.43 7244.55 20839.9 29097.37 7642.06 27098.78
11824.45 15726.04 22794.24 44838.63 24250.87 10694.29 39806.88
19526.65 26910.98 4087.98 9170.23 22823.55 16297.69 14803.21
37160.32 37470.93 12043.56 18436.81 12698.78 23880.13 26323.01
41705.09 10035.77 47208.64 9371.81 35099.13 34540.56 31777.23
47520.04 20648.29 17909.06 8125.39 41216.26 22816.67 37697.26
35372.26 380 13401.64 37670.43 12636.22 16904.35 23855.4
35970.37 29310.12 33961.38 39278.38 23203.08 29761.2 17702.79
11876.32 30113.95 35883.77 43101.78 27236.49 26478.67 37875.92
7929.61 20060.67 31983.43 6547.92 39520.52 25583.19 47828.85
20344.69 30583.38 31642.88 9349.84 18795.99 23351.71 14046.7
10935.41 39503.81 50375.39 25016.09 48233.16 21925.83 43498.7
36088.6 20244.8 24671.62 33225.13 32515.61 34581.96 36353.45
25056.87 40057.49 35542.81 27309.56 43443.3 35256.77 11881.14
5746.75 31811.38 45764.43 32428.64 20887.07 56977.99 7188.74
34146.75 31730.93 36407.9 8103.44 14472.69 31356.05 12957.41
27168.44 27178.39 42861.0 11316.1 32090.63 18077.18 27495.72
78 25733.31 30678.95 18902.11 10563.67 25410.35 22692.38
40473.33 19956.46 43149.58 18598.06 8471.55 9944.33 23722.77
35377.15 26202.12 39156.09 23531.75 30178.43 18918.41 16272.39
34712.31 30317.89 27193.73 18060.22 16520.21 33411.7 15777.86
33120.26 19666.58 14686.93 12267.94 10521.35 35287.71 27379.85
31779.52 34871.35 9229.08 39819.5 33673.38 32191.72 24210.69
23491.7 6559.63 43058.15 31311.24 10720.75 21877.04 11417.23
37470.87 35451.29 15498.69 47372.89 24427.22 12312.19 20559.15
32278.42 30936.97 25696.44 17433.61 40283.66 29565.85 28453.99
10411.91 29037.68 19911.46 31567.27 10298.72 36558.39 34470.99
21132.01 42619.94 12964.2 16955.84 37033.31 4865.5 299
25244.59 5391.26 25181.02 39835.74 13655.93 15550.11 22025.65
17249.35 13247.09 16497.22 28971.57 26713.11 25992.28 13007.4
10146.71 5736.11 11233.04 12502.81 24613.35 36334.25 26054.42
5547.4 33751.48 29917.09 17443.44 19336.2 20066.19 9529.01
15579.56 33004.1 23752.84 23455.43 35892.04 29050.65 6390.91
22446.45 24804.55 12028.76 22140.77 12704.56 13390.33 17245.32
40363.8 21000.96 5245.24 36547.99 17309.17 22545.93 3563.56
5172.72 18598.64 16183.12 12110.51 31875.99 31935.08 6911.62
19073.52 8365.84 18627.2 28667.36 36218.19 5605.37 43274.16
6430.21 29566.34 29243.88 28381.38 42153.9 15984.94 12989.32
9164.5 35940.23 19581.15 32669.86 31405.83 359 6193.76
25033.52 648.08 18777.65 11585.42 24119.86 22001.89 22451.33
28676.11 10849.19 21968.95 9878.01 4322.71 19588.57 23428.49
30708.46 14599.8 15059.58 27703.6 12113.82 15199.23 19605.46
10820.52 30529.39 13870.15 35726.3 8633.34 19082.92 19838.69
9277.87 8929.18 13746.86 17275.79 8546.36 26870.47 38431.17
16002.32 35596.74 14642.26 31037.47 23945.07 8005.53 23593.55
25238.16 20229.51 28789.37 24770.8 15094.05 27788.19 23598.01
16068.38 33013.34 22978.05 9532.31 6949.89 19823.12 33803.91
19821.98 8680.61 45166.15 13671.92 21510.68 29660.45 23782.27
4566.63 12301.06 23113.68 20965.04 17397.11 14686.63 31133.81
13026.88 21130.24 17860.83 21103.66 109 41755.23 20559.36
37341.86 41284.96 31710.88 13921.99 46312.54 15212.6 38985.02
27216.09 22583.35 31577.82 41115.48 37341.82 17317.0 26719.39
26137.78 34257.73 12143.84 43581.62 47031.8 27902.24 48478.57
14400.48 23790.12 7762.95 29044.13 33493.38 17948.7 40508.14
30114.18 25763.23 54055.26 45427.04 19443.6 6192.97 24603.16
20278.65 43677.27 13515.16 14947.7 33625.49 36659.07 46204.22
28574.18 25332.84 12947.02 24001.15 28055.0 30811.76 21694.19
41388.23 16379.12 38164.49 43458.38 30810.3 6881.11 21685.7
29079.15 9325.32 51329.9 22583.55 34998.32 20109.94 41409.88
47769.2 20775.36 58584.98 39325.94 24291.04 33355.54 41218.17
16817.45 52731.01 26249.94 445 28601.66 25968.16 22032.9
18516.47 24750.9 16560.12 41010.87 13930.31 41042.55 17437.28
1126.87 13037.69 26932.97 34435.68 21023.5 34750.16 21258.94
29391.76 11129.69 22996.51 36929.27 27591.49 32074.75 10152.84
14009.41 26162.48 15942.79 31513.26 14645.43 20680.04 13787.89
9475.15 39639.48 31104.11 26699.04 27335.36 7086.14 33964.0
35078.74 25883.32 18436.2 23927.64 13555.21 42950.26 28616.33
6927.72 15369.81 9009.26 33645.95 32666.14 11901.74 45013.32
19040.63 18136.74 25692.19 30053.29 23676.02 21757.42 17296.36
32464.71 34716.99 24494.87 13661.55 24375.32 24427.7 34893.39
2463.53 42013.87 34321.39 18479.81 39190.22 19963.55 10995.45
40454.56 3130.34 252 33050.01 17158.3 35022.66 51330.46
23259.4 27608.63 22756.88 29567.97 8953.24 28124.66 41483.83
38355.83 34425.57 16672.97 22263.97 8844.37 22872.18 19842.11
36612.71 46681.99 30393.56 16112.39 41403.56 41937.59 29693.77
27931.65 31562.82 15734.75 28067.85 43528.46 35375.69 35691.74
41219.97 36362.57 17185.19 30634.43 37185.31 16126.42 26695.51
22014.18 25424.15 26727.01 52554.06 19699.28 15199.45 49037.0
29325.24 34906.69 8976.49 11261.05 31042.78 7782.98 24302.39
42807.55 41222.77 14979.62 28586.55 20865.61 29978.01 35525.17
43414.85 18116.16 55732.6 18575.58 38983.13 35127.96 40880.63
48059.33 20076.05 25088.7 3660.97 46834.35 32032.19 36871.18
43875.34 29 14401.32 27397.79 20515.96 38450.16 16013.39
33488.62 3148.6 33397.77 16603.01 22901.82 39034.85 28906.04
16606.94 10503.23 29570.81 27057.07 21269.25 12619.97 40821.63
30504.67 6450.29 19365.7 20062.66 45197.32 26859.44 41803.91
24027.22 14041.59 30501.19 28514.3 26813.65 30492.49 16765.4
15524.63 29109.61 44949.07 32868.02 35281.14 5247.64 35364.68
32034.38 16031.79 43423.56 7216.71 18954.72 46748.83 34959.5
31049.99 23757.87 18703.72 29495.27 19746.81 30555.08 29310.38
23341.41 16805.87 40874.25 25185.41 22663.92 51560.05 21013.24
24546.74 49199.86 27257.82 22002.17 12176.53 39595.13 23703.3
7661.28 23775.31 23069.65 32372.55 33838.83 11838.53 39323.98
180 14799.66 40769.83 16299.52 22076.01 26343.2 40134.69
28643.02 38299.94 40006.1 26967.08 34953.41 22684.65 13981.77
31071.23 39518.37 45392.11 30427.69 28164.78 42700.17 13280.85
19114.31 34398.03 6275.02 44602.65 29773.81 51832.12 24476.57
32177.74 35820.1 14673.1 23445.89 28168.97 10578.85 11293.74
42652.18 54501.25 29975.44 51207.64 21807.47 47112.72 40049.17
22856.8 29974.0 32693.21 34797.64 39951.88 40666.29 29821.73
42200.93 37393.33 31719.8 43970.59 39097.3 17179.08 9992.58
33784.69 49874.11 35763.17 24759.18 61199.03 4543.23 37196.61
37046.62 39633.91 12011.1 13416.52 36503.5 7746.14 27837.09
30780.06 44381.44 16681.01 36641.64 15438.08 32802.68 367
16249.43 18118.11 19862.84 37788.34 10217.17 25395.35 8228.53
25815.91 9628.92 17452.44 33792.93 26054.53 17954.71 933.12
20901.84 17601.41 14043.73 5460.56 33535.63 31422.24 13207.66
10274.21 24282.44 38349.36 20892.36 32621.26 19805.77 4698.62
23094.99 28657.62 23365.12 25811.53 23919.35 19220.53 19742.98
35772.74 27992.9 25716.12 9381.74 26080.82 23682.37 12357.19
41101.6 8428.87 9689.02 41758.31 27013.0 25861.63 14262.81
9149.92 23301.16 13828.27 22177.6 28617.37 25083.59 7460.64
31883.37 16745.35 18170.12 42272.57 26139.08 15589.5 45925.85
18175.63 23071.55 17752.33 33962.98 30708.65 2701.0 16850.87
14417.23 32355.05 26867.1 19838.93 34897.66 256 29208.64
16791.57 31643.89 48494.18 20081.55 27096.66 18470.45 28747.7
4717.81 25630.02 39997.72 35711.67 30692.18 12618.39 21691.93
9925.46 20537.8 16250.24 36160.39 43356.42 26160.02 13756.96
37458.63 41463.15 27673.65 29238.21 28922.92 12200.93 26891.24
40291.76 32754.16 33576.11 37005.35 32401.8 17294.08 32135.41
35262.13 18348.93 22506.81 22910.61 24933.54 23399.42 50265.04
15498.48 12757.61 47754.15 28854.81 32971.16 8492.73 8616.89
29312.07 4999.86 23655.43 39743.93 37619.56 12005.26 29542.24
19484.6 27287.42 37544.41 39388.26 16882.5 53883.84 17968.09
35435.01 30992.07 39572.37 43869.27 15951.94 23009.64 3224.36
43722.66 30947.5 32604.67 42111.6 191 25951.45 5469.74
23090.83 33567.57 14866.55 5106.02 29092.29 6998.08 23326.65
12438.01 19541.28 20892.64 25808.51 20216.82 379.87 14245.31
9438.87 17012.69 14167.98 32339.67 30088.63 10840.18 33650.92
19474.55 10824.67 12948.96 15522.32 16389.62 6176.32 28943.78
18303.23 16083.53 38039.75 29822.31 6060.1 15942.85 16662.27
14139.39 26582.71 7859.42 2969.08 17378.0 32385.74 29214.51
11629.88 26675.91 6867.57 14672.75 13731.42 14620.61 10578.97
26571.74 1699.49 27163.42 29899.44 13812.75 11508.4 4452.66
14765.39 22768.59 36430.1 5646.29 34223.19 4048.62 27581.14
31491.09 18651.57 43314.03 22073.07 8527.81 19497.27 31026.04
9690.8 36098.62 22472.68 214 20777.73 9681.44 21775.81
37913.27 9937.82 18307.47 16786.24 19365.21 10400.48 14880.28
29614.62 25015.12 21801.47 7695.75 13239.1 9950.26 9801.27
7530.42 27098.49 33343.05 20782.37 3136.5 29317.42 32244.55
17019.22 24169.49 18216.26 4166.98 17064.86 30141.64 22045.55
22859.09 30843.97 24452.22 11196.07 27314.89 24616.27 17343.81
16854.27 17573.21 16331.67 13507.77 39510.21 16126.78 2113.09
37494.13 20040.5 22329.4 6652.16 2192.65 18832.06 14288.22
14866.23 29366.51 28234.48 1793.74 23607.69 9773.76 16600.4
33726.02 31646.19 7783.06 43225.65 10014.21 25923.75 24254.0
29352.17 37264.42 10615.82 12363.65 9792.86 33399.55 21118.74
27429.22 31523.42 54 34211.29 14200.6 35231.74 50484.07
23414.1 24398.27 26082.27 26611.12 12775.01 27130.53 39032.63
37367.93 35327.48 18775.26 19262.65 5401.77 21841.5 20832.84
33205.89 46660.64 32813.58 15513.11 42723.84 38497.76 28050.87
23363.02 30685.97 16852.61 25507.0 43384.32 34401.83 34048.58
43451.01 37775.17 13762.57 25952.92 35285.19 11267.95 28958.3
17774.55 22246.24 27017.35 50945.73 23464.49 14794.14 46303.38
26041.56 33057.09 7329.68 11613.76 29025.32 12561.26 21306.58
42388.04 41772.56 15309.56 24212.28 18776.95 29207.42 30644.85
44945.2 16017.77 53567.98 15777.42 39450.11 37083.59 38247.17
50136.19 22251.95 23649.89 5475.69 46451.68 29292.72 39440.65
41707.42 414 10067.45 24402.6 15765.86 33850.92 11621.18
29444.43 6883.09 29126.32 17307.57 18201.76 34193.03 24007.32
12201.36 9076.18 25932.16 25526.24 17093.49 9108.62 36383.76
26219.99 4986.54 16385.15 16930.33 40610.4 22202.67 38506.9
19158.02 11721.9 26197.39 24014.04 21903.37 25627.33 15669.44
12002.88 26221.37 41622.7 28010.51 33201.4 1137.05 32261.55
28150.3 11214.75 38597.83 10460.71 16194.99 41870.79 30827.63
26232.91 22153.96 16963.24 24856.84 21119.82 26707.41 24648.42
19214.74 14272.48 37374.76 21481.02 17830.76 48348.82 18419.67
21251.26 44309.72 24023.54 17647.43 9705.27 34797.76 22500.94
5600.26 19422.84 22676.4 27869.63 29355.26 11659.79 34424.34
116 4886.57 22228.82 8774.18 26973.71 7523.54 24836.92
13898.94 23993.02 21228.31 12186.43 27439.36 16847.86 6325.23
12029.64 22358.75 25815.33 12830.62 8498.15 30719.02 19917.71
8834.83 15032.64 13399.36 34540.91 16197.95 35204.9 12401.88
12545.94 21066.64 17366.6 14838.18 18827.08 15877.12 8537.28
24141.4 38200.09 21227.52 32224.97 6901.06 29504.77 23946.01
5169.2 31447.9 17042.36 15303.94 34964.03 25981.47 19616.93
22574.19 17723.8 18844.06 25475.92 22640.36 17724.77 13430.76
14136.49 33707.29 18026.95 11278.79 45028.83 15728.27 18706.41
37141.42 21401.57 11453.12 9247.97 28188.21 21721.21 9395.57
14465.08 24811.79 21174.83 23683.52 13979.64 27429.72 378
13180.87 32645.14 20003.32 36679.77 19485.3 37400.83 9664.15
36877.94 23313.98 25372.96 40518.17 29141.1 15268.59 16608.61
34107.4 33294.13 25049.12 17356.57 43865.79 28000.07 4419.17
24614.42 15961.3 47784.17 29402.79 46738.54 25577.65 19744.26
33935.41 26674.22 27610.27 31919.45 10723.6 12511.47 34455.89
49847.99 34316.59 41244.88 7511.34 40509.4 36214.61 18258.67
42649.45 13544.96 24386.01 47835.01 38706.27 32810.68 29945.32
24789.8 32059.43 26403.4 34796.67 28006.06 20770.13 22393.88
45567.65 29650.75 24521.26 56586.32 16145.33 29496.07 48959.07
32269.73 20061.89 8235.17 41355.58 17495.53 13325.49 27179.0
29673.3 30418.95 36815.16 5515.84 40193.97 304 16282.14
41850.22 21672.98 33230.56 27259.35 44149.93 22203.68 42928.85
35578.72 30843.71 42865.4 30361.01 17150.59 27906.05 42073.27
44218.96 32523.86 26999.38 48781.68 24067.65 13869.22 34248.77
11581.07 51701.98 34510.4 54910.52 29561.42 30331.42 40103.01
24335.98 30032.61 34896.96 3982.37 12752.29 43753.54 57872.48
37095.15 51476.87 17734.72 49245.65 43477.64 24610.62 40673.99
26130.2 34299.72 49027.32 45104.72 36271.16 40850.53 35676.08
36942.45 38885.5 42239.21 26514.13 18220.78 32653.54 53336.26
37769.23 29157.29 64704.05 9466.49 38379.18 47624.25 41106.1
19035.0 10499.63 44142.19 5655.24 24431.71 33870.35 41462.37
27283.0 42018.06 7348.38 41458.35 397 37010.07 12154.55
33972.02 42267.65 25742.35 10902.2 38499.93 13480.87 29740.87
23288.24 25227.35 30523.31 36861.1 29384.26 10914.64 16991.3
20454.66 27201.93 15806.95 42442.47 40724.59 20144.07 44679.02
20306.22 20942.91 2440.42 26068.88 25590.56 15035.82 39109.0
28304.3 25021.47 49054.48 40884.64 10605.19 5541.3 24765.01
10518.56 37058.46 4218.36 10329.71 28418.91 39412.65 37844.42
20603.48 30407.59 11291.74 23328.69 18656.46 22069.99 19769.84
31824.87 11158.14 37089.72 40680.61 22814.97 3354.68 15198.24
25540.45 12060.05 47470.3 15052.02 39472.17 12288.5 38407.23
42468.22 23721.76 54376.92 31848.61 19526.07 23697.38 40715.3
16305.84 46923.67 28794.63 148 38243.13 11878.19 36053.11
46030.42 26547.73 14658.62 37432.04 17382.93 27202.43 25477.83
29755.65 33757.92 38386.65 28394.24 12817.28 13836.24 21757.77
27107.57 20765.87 45393.54 40842.9 19771.36 46306.26 25406.91
23804.01 6764.37 28612.8 24789.5 18324.52 42005.88 31294.73
28553.62 49913.61 42155.99 9989.55 8923.55 28619.6 5921.29
37020.18 5329.62 13462.79 29623.97 43749.62 36250.2 19984.4
35328.3 15468.05 26952.86 16211.66 20477.14 23099.75 28703.93
13804.48 40162.03 42911.39 22046.27 8471.02 16388.98 27825.37
13815.11 49021.3 15351.39 44216.63 12672.81 40570.89 43241.64
28350.18 55642.56 31235.69 21479.66 20516.3 43954.14 20361.91
47289.52 33226.84 373 31830.54 39877.57 25313.18 9208.97
33749.17 31689.78 47791.7 28959.42 51773.89 27344.02 16605.16
17660.31 29649.57 43612.37 35379.45 48333.14 32449.59 38447.21
26830.08 18251.13 40945.94 39254.91 31007.1 24664.24 25616.02
41915.31 24216.62 41671.86 28833.02 18392.43 20453.23 19602.2
39321.4 32551.1 40972.05 43087.42 18427.5 48940.0 40573.88
41182.1 33300.11 31385.45 2699.75 50728.0 40230.31 14441.79
30748.34 20599.86 46583.57 44356.37 24694.39 56057.35 33577.94
16828.32 24639.12 41054.3 39428.37 34867.04 25887.79 48005.29
32842.68 37615.99 6475.86 38236.29 24841.64 36915.46 18230.02
39001.11 42327.44 30169.88 51639.34 15050.06 25940.33 42052.62
13010.62 255 33099.6 31104.72 26355.47 18942.64 30073.23
21302.3 46214.11 18809.0 46474.3 22766.15 6536.49 17117.05
31286.39 39821.72 26076.58 39906.62 26690.05 34749.5 14331.57
25255.39 41701.86 33014.38 35686.39 11257.76 19427.56 29735.9
21020.46 36936.67 19857.23 23506.68 18447.19 14585.74 43569.7
35281.65 31715.25 30455.71 12269.35 38573.67 40069.77 30320.42
23306.35 29062.17 12042.23 48261.72 34039.05 1831.61 19925.21
14338.58 38932.32 38077.67 17332.79 50435.1 24054.53 21044.33
29114.42 35486.67 27286.08 27090.25 22461.43 34851.4 38184.64
29805.64 9518.19 29539.8 28171.68 39261.94 7058.16 45313.19
39616.24 23913.36 44521.63 21955.18 16016.72 44812.15 5870.5
357 31720.57 18715.6 26330.29 28652.72 23795.5 8264.01
40026.46 6820.35 36420.42 17516.82 10135.31 19401.02 30659.48
31902.87 13660.99 27267.14 18663.24 27593.19 1023.75 31214.66
38476.2 23214.78 37416.69 6133.41 13535.66 15388.87 18248.83
28319.12 9450.09 28272.44 18395.72 13687.51 43850.49 35058.2
18790.47 16455.19 12187.78 24543.33 35689.09 16177.64 10447.6
24594.45 24426.97 40971.2 24160.48 14823.23 6535.8 12006.86
27062.94 27667.07 10948.35 39846.98 11676.37 25847.23 31840.01
26124.31 12915.16 16400.23 18778.27 21776.87 40246.84 18636.3
23866.55 17391.58 29987.34 38042.4 8417.71 47623.51 32894.25
16034.32 32833.26 28703.68 6029.32 43380.17 13825.59 451
35838.03 19680.56 30690.97 33030.23 27167.36 9898.75 43016.5
9663.08 38094.77 21407.65 14263.37 23980.13 34890.12 34527.65
15021.44 27654.05 21777.25 30586.19 3899.85 35800.94 42185.73
25415.57 41818.47 6830.79 17550.02 12651.62 22503.47 30799.75
12592.76 32859.3 22896.12 18243.55 48053.74 39281.07 19303.64
12994.13 16775.92 23497.71 39203.95 15251.93 11846.0 28352.8
28347.2 43615.69 26284.24 17477.91 8230.03 16540.95 28006.6
29407.72 15085.52 41199.8 13305.74 30435.48 36349.47 28390.45
10360.33 18594.04 22885.07 17624.67 44658.16 20407.75 27001.24
18625.37 34454.62 42098.04 12449.46 52017.95 35871.31 19370.16
33725.69 33268.78 10008.66 47346.83 17923.69 128 41980.91
19513.83 37897.79 42831.79 31535.4 14119.98 45616.34 15792.11
37667.54 27542.05 24313.79 32634.53 41467.98 36566.84 16800.6
25076.07 25987.62 33772.69 13853.14 44694.88 46833.33 27147.33
48980.29 16603.37 24333.87 5764.47 29627.72 32722.02 18342.9
41548.42 30985.44 26827.26 54255.95 45723.23 18228.91 3750.99
25850.28 18219.51 43371.64 12035.63 14800.58 33677.62 38516.09
45299.9 27751.6 27509.25 13425.37 25055.65 26634.71 29709.82
22419.94 39879.83 16140.35 39264.06 44192.58 29992.61 5568.37
21245.93 29524.43 7573.28 51826.1 21849.08 37129.82 19249.07
42079.51 47866.81 22540.18 59011.12 38726.14 24361.22 31772.9
42458.9 17748.44 52698.51 28001.02 163 28362.08 33160.81
21549.98 10773.21 28265.51 24772.74 43293.34 22044.87 45973.43
21421.94 9762.1 12735.98 26311.6 38233.22 28562.66 41720.52
26305.2 33034.48 20135.7 17807.53 37390.13 33076.08 29360.81
18529.72 19218.83 35060.96 18633.75 35957.65 22007.96 16652.57
15118.98 13257.14 37549.44 29842.42 34188.97 36325.32 11777.1
42055.59 36442.53 34261.4 26407.95 26340.31 4553.66 45904.22
34074.94 9671.5 23824.41 14025.32 40121.95 38216.27 18039.04
50185.56 26727.13 14426.89 22725.38 35081.07 32575.01 28287.8
20287.98 41448.27 31624.38 31056.14 7579.44 31521.74 22267.12
34082.79 11460.99 38457.96 37323.09 23857.42 45331.66 14413.17
19024.84 39504.08 6113.16 369 32053.16 5532.33 30528.49
42395.58 20246.63 12610.35 30624.84 15183.35 20922.05 20313.49
28039.97 29565.67 32388.45 21575.73 8527.44 8163.6 15931.76
20408.11 20859.02 40638.33 34144.13 13058.06 40312.98 26059.47
19485.52 11314.11 23717.58 17974.3 15017.59 37230.76 26848.07
24955.87 43456.89 35958.64 3656.58 14283.77 25548.28 5306.36
30292.07 5081.39 10679.41 23520.21 41239.04 29539.16 13209.18
34687.4 14041.93 23566.39 9817.73 13719.2 19464.46 22932.66
10260.73 35627.7 37433.81 15239.19 11682.28 10790.19 22677.98
20188.45 42958.62 9110.43 42770.04 6763.9 35059.08 36772.8
26952.39 49373.4 24425.94 16258.02 14823.69 39577.73 18142.44
40647.4 31162.89 253 39734.78 13311.51 37585.52 47498.18
28018.93 16088.39 38623.65 18802.36 28076.41 27013.68 31065.18
35268.7 39896.7 29623.76 14353.17 14631.83 23270.37 28480.93
21885.18 46921.73 42219.76 21134.65 47818.64 26397.05 25328.34
7287.43 30147.63 26065.12 19815.67 43535.34 32817.69 30037.0
51366.82 43647.98 11410.04 8972.6 30065.35 6238.52 38381.25
6844.5 14951.54 31120.94 45117.79 37334.93 21311.38 36477.66
16834.17 28425.25 17193.65 21625.85 24595.38 29385.04 15324.02
41684.15 44445.63 23339.28 9283.48 17906.27 29361.48 13166.43
50528.53 16813.6 45457.36 14157.97 42104.23 44690.87 29626.87
57128.31 32522.09 23013.97 21224.86 45468.21 21764.39 48691.13
34565.77 427 35316.45 25366.44 38785.48 56263.53 27769.75
35748.32 21240.91 37450.17 9688.92 33892.41 48657.05 43761.77
37077.65 18801.51 30342.68 17666.07 28959.43 23425.4 44813.21
50452.38 30366.75 22269.32 43036.35 50125.96 36192.68 36916.6
37035.87 19707.77 35604.07 47567.94 40847.95 42018.37 41077.68
38018.64 25695.59 39636.46 43790.12 25085.37 27268.28 30897.2
33575.48 30788.44 58534.94 17328.81 21250.77 56444.15 37500.75
41502.26 16992.02 17137.17 37930.25 5337.43 32326.16 47284.26
44212.34 20180.07 37504.31 28192.85 35373.51 44470.31 44589.9
25596.78 62400.29 26612.24 42183.9 35798.38 48264.53 48026.91
21523.84 31533.12 11254.24 51161.88 39661.65 36176.16 50684.9
497 37116.95 15937.41 32955.03 38334.44 26892.23 9232.33
41482.17 10847.69 34501.5 22636.07 20165.06 27785.62 36562.1
32536.22 12476.73 22696.31 21321.72 29405.36 9926.37 39858.03
42213.33 23101.0 44045.31 13791.65 19389.2 5692.62 24682.24
28690.2 13411.26 36681.58 26071.7 21994.39 49405.89 40835.59
14976.02 6407.51 21136.19 17235.01 38836.82 9531.05 10116.0
28889.36 34473.95 41438.08 23796.0 24328.76 8479.5 20223.24
23724.08 26178.58 17484.74 37099.4 11533.91 34426.21 39250.07
26026.46 3507.37 16833.6 24592.93 12300.9 46892.34 17786.31
33717.33 15376.36 37133.76 43061.71 18472.23 54091.28 34481.69
19554.63 29194.97 37697.1 12888.18 47966.97 23847.57 16
20603.64 6752.49 18436.36 31202.36 9290.31 9360.62 23924.98
9893.44 20032.27 8277.08 20240.45 18102.84 20640.78 15341.35
5647.15 14348.35 4019.29 11618.19 17667.34 28636.72 24503.54
6566.74 28552.95 22705.96 8471.65 18483.81 11789.6 11652.65
7437.25 25235.65 15216.99 14470.75 32567.72 24504.2 8487.31
21511.67 15809.6 17309.54 21025.42 12882.96 7799.94 11976.38
31375.25 24432.16 7554.34 28012.35 10961.82 13545.42 12551.96
11402.67 9645.94 23794.6 6325.58 23777.86 25337.59 9425.2
17096.68 1369.55 10619.45 28328.8 31281.48 3633.92 34334.59
5355.18 22969.22 25979.1 19836.8 38012.09 16813.55 4302.11
17890.74 27796.13 11481.16 30521.34 22483.48 367 6988.16
23222.97 12252.66 30392.14 9256.71 27145.45 10354.88 26578.15
19137.99 15185.58 30883.35 20477.45 8984.99 10155.33 24098.24
25571.46 14829.07 8202.66 33606.16 22969.63 6065.03 15467.92
14728.56 37644.01 19218.15 36873.7 15824.12 11747.01 23635.58
20628.62 18427.83 22286.03 15205.69 9667.64 25105.58 39941.65
24680.54 32677.69 3320.24 30863.05 26034.31 8074.8 35051.4
13699.44 15500.03 38486.73 28422.44 22980.49 22226.76 17121.44
21881.02 23219.59 24646.41 21167.02 16129.41 13899.12 35560.43
19656.87 14581.03 46735.96 16621.38 19853.89 40772.18 22624.15
14398.79 8624.51 31560.07 21673.65 6955.15 16883.71 23630.3
24473.12 26555.06 12203.71 30991.43 296 19435.85 17830.86
13769.99 20145.65 13972.37 11757.24 30314.96 9370.5 30639.6
6661.92 9769.53 7888.83 18205.89 23679.44 13783.09 26140.42
10776.31 18611.55 13504.36 19914.24 26961.07 17438.19 24855.77
16567.65 3508.92 23666.76 5903.02 20878.24 7700.33 16665.67
6041.74 2683.17 31392.01 22598.16 19103.8 25919.43 4099.62
27561.23 24718.62 20696.19 12563.98 13415.88 19517.78 32171.08
18451.01 17709.38 11758.68 1833.55 24408.41 22584.43 2918.17
34744.52 12312.72 14506.48 19435.54 19641.94 21404.53 12673.14
6869.15 32329.52 27689.85 15413.4 22707.94 16197.61 17485.02
25816.73 10182.83 35061.46 23552.11 8173.2 29605.81 18069.8
7255.95 31275.86 11053.14 314 20656.04 7415.96 20732.96
36056.89 9085.64 15437.62 18968.8 16468.27 13255.38 12763.14
26894.55 23015.48 21402.55 9877.51 10453.79 10172.92 7500.07
8175.46 24202.57 32053.35 21895.08 955.6 29158.43 29348.13
14491.09 21888.37 16241.9 6046.72 14188.58 28766.21 20033.87
20428.34 31459.37 24472.95 9139.77 25039.76 22073.61 16360.6
18034.89 15388.08 13491.28 12690.93 37222.39 18686.68 1056.05
34733.95 17163.43 19782.61 7305.81 4654.74 16150.52 17034.21
12013.83 27785.97 27425.88 3296.62 21150.53 6876.7 14696.44
31589.12 31633.17 4997.92 40694.76 7447.16 25066.8 24789.26
26573.14 37634.94 12329.92 9831.21 11731.93 31846.78 18249.96
28432.99 28925.34 494 33986.21 21810.4 28285.93 28686.45
26624.49 11374.76 42957.16 9942.02 39562.19 20087.65 9812.74
20700.31 32792.28 34943.92 16779.44 30298.51 21617.94 30549.05
2325.73 32142.53 41068.18 26333.9 39242.91 3005.1 16059.01
17174.75 20440.55 31393.39 12483.04 29383.53 20098.55 15242.48
45975.63 37183.38 21819.47 17740.97 13387.41 27187.01 38405.4
18812.31 13552.86 27205.78 23657.85 43995.78 27285.22 12778.54
9629.11 13704.94 30170.91 30809.05 13408.19 42988.08 14807.56
26889.84 33412.58 29232.41 14780.66 19531.35 21141.53 22338.49
42044.52 21779.56 22233.87 20510.18 31693.27 40351.29 7968.0
49437.58 35841.95 18929.0 35941.83 29414.38 8803.97 45760.64
13389.17 32 33026.33 26395.83 26650.35 23296.98 27869.8
16155.21 44343.83 13929.58 42942.47 20679.72 5383.87 17914.4
31484.27 37136.85 21281.93 35154.66 23663.82 32297.66 8378.18
28123.17 41019.86 29430.4 36984.28 5459.35 16841.63 23748.67
19858.72 33913.97 15589.27 25792.21 18281.51 13589.56 44385.6
35746.11 26772.25 24401.83 11237.64 33076.79 38876.81 24736.27
18276.72 27575.92 17426.22 45943.26 30439.95 6228.95 14609.96
12630.01 34530.91 34309.46 14336.26 46692.25 19232.05 23247.82
30685.49 32127.83 21317.32 23013.6 21006.89 28850.54 39666.79
25594.27 15572.67 24914.34 29323.15 39382.8 4106.72 46997.46
37432.6 20830.4 40241.92 25071.79 11525.81 44927.23 8023.18
368 12615.44 16393.19 8901.53 22786.93 6492.4 15369.49
22456.35 14036.71 24373.14 1954.52 17598.58 9913.17 11978.75
16462.51 14418.46 23069.61 6170.01 11267.61 20360.53 19102.86
19238.77 12485.45 19614.68 24139.54 5814.1 26764.41 3186.74
14270.97 11222.48 15728.81 6981.51 9216.18 24910.68 16257.81
18155.83 29528.39 11514.89 26971.73 16813.0 22032.57 15004.12
5493.87 24736.07 24524.12 13353.94 25432.07 16225.89 9583.52
20547.55 17332.84 8441.71 28667.83 13982.01 14529.78 15753.23
13802.28 24909.11 10997.91 1514.45 36305.61 22437.19 13006.45
29241.75 15023.03 13410.84 18799.32 18113.38 29536.99 15867.07
5683.95 24882.75 18594.6 13363.17 24052.45 18284.43 44
35426.34 11524.93 35351.57 49133.64 23899.43 20703.36 29803.48
23176.59 17423.35 26108.71 35960.12 36055.85 36227.11 21575.66
16079.43 4939.45 21041.79 22380.46 29073.33 46307.31 35435.08
15780.91 43952.65 34262.77 26212.13 17952.67 29676.16 18827.1
22615.6 42939.01 33173.82 32035.63 45689.67 39192.61 10411.4
20416.11 32937.19 5622.64 31504.43 12875.22 18672.25 27486.82
48711.17 27687.04 15374.85 42813.4 22203.01 30820.18 8310.48
13497.8 26695.31 17947.83 18020.31 41642.12 42146.58 16629.78
19019.6 16865.88 28371.92 24976.03 46378.09 14351.65 50669.09
13159.56 39772.17 39115.18 34969.52 52124.65 24943.15 22250.38
10078.22 45686.31 26059.43 42110.12 38931.29 122 12161.8
38610.85 15071.21 24086.13 23956.72 38848.11 25011.31 37206.87
36682.95 25476.52 35140.69 22634.69 11807.53 27879.84 37765.95
42714.67 28436.66 25317.37 42171.61 14958.85 15483.01 31865.08
3953.45 44492.22 28625.83 50320.97 23368.69 29244.28 34584.82
15570.57 22919.33 27773.15 7048.4 8363.22 40513.74 53094.15
29767.82 48906.54 18346.44 45292.43 38570.95 20619.07 31662.37
29072.83 32186.74 40726.3 39526.68 29330.07 39463.18 34539.32
30773.39 40571.02 37520.54 17915.68 9856.05 31019.8 48472.68
33813.38 23406.82 59861.37 1180.14 35032.6 38669.64 37571.58
11323.85 9838.3 36578.11 6474.45 24566.97 29094.25 41339.36
18242.07 35802.29 11738.34 33329.69 37 32266.04 11161.95
32856.84 47712.19 21119.02 21373.89 25567.17 23572.7 13069.82
24387.48 36000.76 34585.58 33250.33 17593.66 16223.0 2373.67
19126.8 18973.82 30214.42 44154.43 31584.02 13058.35 40806.1
35515.47 25141.73 20923.71 27958.72 15172.35 22475.82 40844.22
31632.34 31123.92 42028.95 35931.46 10743.82 23650.83 32314.39
9403.98 27673.07 15055.71 19217.09 24737.39 48005.39 23352.23
12443.45 43263.23 23026.48 30097.73 4889.86 9799.44 26047.21
13834.4 18267.51 39758.63 39505.4 13281.76 21595.7 15820.72
26519.74 28726.64 43123.92 13078.72 50552.26 12743.72 37158.59
35539.01 35208.25 48592.97 21024.11 20806.77 5778.11 43823.53
26253.03 38253.87 38696.67 62 32314.91 16670.34 27352.81
31120.68 23503.24 6466.92 39385.05 5999.02 34829.55 17825.28
12900.94 21142.29 31433.95 30957.11 11786.35 24993.59 18119.13
26947.14 3198.86 33132.29 38539.76 21938.78 38504.47 8342.27
14033.38 12483.97 19100.32 27258.2 8929.44 30071.04 19792.64
15333.04 44565.01 35813.37 16530.05 13688.25 14165.5 21786.9
35541.86 13409.18 8547.73 24723.55 27215.24 40048.69 22833.38
17725.21 4726.42 13579.01 25046.97 26098.9 11658.18 38075.37
9941.15 27716.9 33216.13 24902.03 10003.96 15092.37 19385.94
19308.01 41352.01 17053.21 26794.8 15479.82 31245.54 38540.63
11244.75 48684.23 32238.01 15706.9 30807.78 30786.39 6597.09
43754.15 16575.52 453 45394.87 20656.04 41968.38 48368.65
34284.33 18199.6 46954.17 20361.19 37446.89 31351.47 30116.02
37565.48 45131.04 37838.71 19374.97 24158.03 28921.23 35794.18
19718.45 49631.71 49318.49 28692.16 52862.59 22693.76 28585.89
6536.8 33848.95 34079.47 22526.02 46390.82 35653.85 31828.67
57522.15 49240.25 18997.37 3808.47 31107.56 16039.46 45656.02
12686.99 18245.24 36854.91 44391.8 46112.14 29110.17 33591.51
17968.23 30066.73 26377.82 30279.12 27001.53 39041.1 19321.4
44209.66 48521.07 31300.02 8404.54 23739.35 33509.23 3557.01
55680.4 23645.28 43193.69 20876.55 46312.08 50970.23 28381.48
62694.45 40391.3 27775.21 30852.26 47592.98 22733.86 55492.49
33806.27 226 30430.65 28303.96 23755.7 18287.09 27058.43
18725.17 43244.29 16147.84 43454.96 19747.8 3537.14 14589.18
28681.78 36790.58 23324.4 37096.05 23658.66 31724.99 12539.88
23666.72 38914.78 30008.05 33446.22 10529.35 16392.61 27840.76
18087.47 33902.05 17001.87 21618.56 15675.96 11628.7 41183.29
32765.73 28989.71 28816.93 9282.64 36097.2 37185.74 27935.78
20659.57 26114.14 12408.53 45252.41 31032.9 4638.99 17449.16
11316.12 36034.86 35083.31 14315.83 47429.92 21323.96 19100.36
26952.58 32462.9 25363.26 24158.25 19497.4 33636.17 36020.41
26889.75 11558.36 26720.62 25849.8 36659.97 4375.8 43243.91
36611.75 20886.55 41592.53 20484.73 13266.85 42219.99 3478.59
141 26247.13 22706.95 19915.51 19406.19 21582.48 13635.65
37947.85 10934.12 37669.98 14285.36 2269.76 11441.95 24722.97
31170.3 17829.74 31466.32 17916.01 26169.3 9776.58 22527.27
34281.75 24209.63 30429.6 10514.49 10712.82 23974.73 13137.41
28187.55 11369.57 19853.0 11532.25 6809.78 37683.97 29006.66
23510.58 25448.14 4464.39 31013.97 32235.95 23089.86 15390.36
20983.03 15700.09 39770.65 25234.39 10221.48 12620.43 5960.55
30297.48 29281.16 8529.35 41631.1 15884.14 17333.81 24281.94
26687.3 21497.66 18393.86 14364.89 31009.18 33158.91 21139.74
16772.74 21100.35 22776.4 32607.2 2674.61 40528.13 31169.17
15122.95 35821.94 19776.81 7928.36 38149.06 5157.28 37
18036.24 11279.04 19239.56 35787.65 7455.89 18681.2 15142.05
19363.62 11409.75 13173.35 28664.21 23064.93 19087.4 6108.43
14002.61 12676.98 8504.32 4808.1 27136.47 30878.17 18277.81
3335.31 26574.76 32133.04 15809.34 25739.78 16307.87 2264.79
16812.58 27727.73 20129.7 21421.65 28179.13 21707.2 12989.44
28890.54 23338.67 19808.95 14372.89 19250.92 16872.67 10943.88
37798.05 15097.83 2832.07 36617.51 20350.85 21079.54 9395.47
4670.05 17886.0 15606.81 15370.43 27073.16 25598.58 951.66
24951.76 9982.79 14652.2 35451.73 28901.23 8652.41 41844.29
11247.18 23307.15 21564.82 28566.42 34553.83 8474.11 11280.32
12200.41 31076.2 20767.16 24887.38 30301.16 54 27563.87
12832.74 23014.43 29285.6 18404.38 2624.51 34296.24 919.53
30286.02 13002.11 12904.98 17923.42 26826.59 25951.79 7716.16
21553.28 13008.79 21852.51 7053.53 29987.54 33502.33 17109.85
34147.19 12248.29 9459.0 13711.58 14718.94 22302.25 3856.23
26755.3 16069.54 12221.15 39856.77 31166.61 13163.16 15839.42
11784.76 20016.81 30454.84 12014.5 4670.15 19742.92 26689.07
35040.61 18044.61 19510.96 1714.39 10476.97 21093.79 21532.98
7458.75 33738.24 5676.5 24566.2 29229.98 20038.92 11372.76
10276.84 14766.32 22254.92 36998.46 12510.35 27603.67 11413.75
27131.38 33703.73 11728.24 44258.59 27148.54 10619.57 26851.85
28000.3 3324.66 38836.71 16232.95 78 16247.49 16750.68
19398.67 37152.36 9199.03 23995.25 9609.67 24442.09 9763.55
16338.68 32610.03 25200.29 17829.92 779.87 19492.04 16581.24
12742.23 4430.3 32172.07 31045.42 13997.36 8872.57 24465.6
37011.55 19684.62 31245.9 18829.67 3314.62 21738.01 28193.65
22455.22 24725.25 24563.01 19411.31 18396.31 34397.44 26871.97
24548.73 10097.04 24719.06 22275.07 11625.14 40235.54 9793.6
8307.29 40582.95 25617.97 24715.04 13219.11 8048.97 22055.41
14073.57 20770.24 28036.07 24889.01 6090.05 30488.57 15339.2
17177.42 40916.17 26438.19 14185.21 44930.81 16781.94 22806.13
18248.64 32739.49 31275.73 3447.78 15562.08 13846.11 31839.11
25536.48 20666.05 33800.76 86 32828.88 39142.8 26171.0
11187.46 33912.4 30556.66 48443.28 27846.24 51782.75 27245.85
15202.13 17993.98 30681.73 43848.1 34502.69 47717.3 32218.74
38657.18 25176.3 19993.65 41945.29 39006.83 32553.6 22699.38
25191.31 40413.47 24296.47 41722.1 27949.16 19806.63 20633.22
19205.18 40866.03 33800.45 40145.36 41454.43 17775.5 47910.3
41359.24 40007.38 32263.65 31757.3 3322.96 51241.97 39999.59
12233.75 29514.26 20020.55 46114.55 44139.26 24036.43 56025.02
32640.39 18027.56 26073.25 40946.54 37929.18 34286.22 25965.95
46187.42 34507.78 37054.35 4116.97 37504.92 26085.99 38143.3
16714.21 40846.67 42745.37 29815.65 51300.6 16692.65 24830.08
43383.48 11766.78 412 24228.42 7269.21 21005.38 31202.1
13593.07 4654.98 28641.28 5634.98 24036.82 10320.43 17588.52
18525.64 23948.26 20011.18 2717.07 16044.36 8027.59 16313.45
13294.95 30022.71 28912.9 10929.31 31722.33 18492.2 8468.8
14667.54 13268.1 16270.12 4068.17 26632.35 15956.25 13731.62
36423.87 28058.11 8200.34 17532.72 14384.54 16492.41 25552.11
10088.7 3185.45 15767.28 30140.74 29093.22 11837.76 24949.71
6305.2 12351.43 15142.6 15284.42 8239.83 27524.8 1870.39
24821.55 27758.58 13889.06 12966.23 4079.63 12604.01 24356.73
34525.39 6285.69 32189.15 5668.98 25462.88 29954.43 16829.39
41506.93 21527.47 6588.3 20844.21 28669.32 7925.7 34731.5
20375.98 394 21170.47 17146.73 24394.89 42020.38 13700.22
25963.05 10848.06 26882.36 4742.62 20441.93 36296.71 29816.65
22815.91 4463.7 20933.68 14334.52 16126.09 9124.25 34649.09
36059.62 17798.09 10492.52 29241.6 39720.35 23388.14 31443.89
23256.41 5896.99 24426.32 33182.69 26987.55 28816.95 28627.03
24179.72 18451.54 34559.98 30834.88 22938.23 14117.97 24810.58
24014.83 16481.21 44788.64 8994.31 9575.09 44262.48 27682.82
28604.48 11246.7 6951.88 25542.52 9056.62 22541.17 32959.6
29899.7 7591.81 31077.02 17338.11 21585.13 40747.31 31081.24
15476.53 49193.44 17650.3 27827.28 22612.94 36238.11 35481.73
7604.83 18933.26 9944.06 36800.69 28417.02 24304.95 37803.49
485 17839.15 12280.85 19439.9 36276.51 7802.92 19786.04
14090.98 20450.22 10632.27 13922.79 29599.28 23668.01 19004.36
5023.21 15102.61 13115.87 9426.92 4464.7 28221.53 31127.38
17570.62 4418.39 26355.42 33202.61 16706.66 26767.21 16953.44
1174.35 17879.62 28026.39 20757.42 22234.75 27646.71 21430.11
13955.47 29918.67 24196.8 20530.52 13645.68 20252.96 17979.01
11155.08 38486.46 13992.16 3828.25 37562.4 21453.53 21950.35
9776.36 4767.97 18840.36 14895.66 16476.84 27466.0 25658.34
1647.29 26012.4 11087.95 15287.0 36453.54 28615.74 9736.86
42649.75 12304.6 23398.86 21076.62 29537.08 34106.94 7542.68
12231.07 12052.85 31441.33 21817.4 24213.19 31164.81 380
27928.64 34907.22 21218.88 8323.38 28956.65 26927.39 43425.56
24191.46 46902.36 22413.62 12272.77 12979.64 25805.07 38872.62
30460.01 43339.32 27481.3 33687.79 22710.82 16064.15 37032.6
34285.3 28156.22 21229.26 20616.98 37487.3 19365.98 36817.81
23927.4 15353.86 15658.94 14602.98 36430.53 29071.38 36028.15
38837.17 13462.51 44080.66 36367.08 36428.4 28467.0 26746.21
2314.67 46220.16 35265.38 12194.68 26072.87 15613.46 41584.69
39396.4 19718.33 51167.64 28689.0 13358.45 21574.71 36128.76
35005.18 29872.17 21038.14 44056.17 30274.03 32618.95 7998.79
33266.0 21385.7 33384.69 14023.55 36903.92 37730.67 25177.56
46654.2 12664.8 21183.19 38703.21 8583.79 92 33140.18
31110.98 26397.06 18990.51 30101.43 21301.69 46245.82 18811.15
46493.62 22793.89 6555.31 17159.24 31328.03 39847.44 26081.22
39913.07 26711.68 34776.5 14315.01 25304.07 41740.08 33032.21
35732.26 11226.65 19450.81 29719.07 21053.65 36959.58 19866.29
23554.44 18485.21 14617.55 43614.32 35324.64 31718.71 30434.29
12299.38 38569.33 40105.18 30314.05 23307.65 29094.86 12085.17
48290.57 34056.87 1787.31 19921.98 14365.65 38942.71 38094.31
17352.11 50452.7 24058.51 21091.76 29160.76 35506.7 27269.95
27102.75 22493.19 34823.21 38231.11 29817.18 9539.22 29546.86
28216.7 39303.75 7064.67 45360.33 39645.49 23934.01 44533.66
22004.0 16022.11 44854.18 5911.35 16 13633.04 17888.82
17040.74 34977.07 7788.75 24140.47 9156.86 24292.57 12301.19
15100.7 31521.88 23351.34 15250.63 3102.05 20025.69 18727.78
12245.01 3312.79 31911.35 28615.61 11782.96 9832.39 21842.9
36568.66 18723.54 32239.54 17233.85 4886.27 21473.95 25836.51
20713.18 23374.87 22143.89 16790.34 19646.35 35382.06 25610.16
26378.84 7848.61 25836.54 22582.57 9606.22 38395.46 10420.13
9508.99 39458.82 25681.28 23533.67 15355.26 10170.09 21223.47
16565.73 21089.86 25798.26 22343.62 7483.04 31298.24 15679.68
15625.52 42017.08 23833.55 14971.21 43337.59 17690.75 20298.14
15737.5 31789.31 28789.06 2013.22 14963.82 16402.95 29531.77
25085.79 18452.4 32460.39 392 28510.16 13443.88 30235.48
46502.16 18445.22 23816.5 19774.05 25559.29 6962.72 23334.71
37093.88 33547.76 29798.62 12550.59 18411.5 6646.29 18108.41
15190.42 32880.93 41874.34 26549.62 11320.05 36943.93 38195.17
25044.12 25854.09 26750.81 11093.07 23826.93 38707.02 30569.46
31017.7 37256.64 31933.99 13882.79 28776.58 32585.82 15275.55
22728.46 19494.56 21642.79 21938.3 47837.8 17323.5 10387.46
44766.4 25568.14 30298.93 5092.81 6424.74 26515.87 8393.93
20401.57 37971.47 36509.97 10157.01 26123.99 16480.44 25157.75
34295.06 39052.6 13798.52 51181.36 14680.68 34248.64 30979.69
36586.92 44003.07 16024.49 20407.0 1202.6 41999.97 27856.73
33151.84 39352.35 18 28759.72 22951.42 32618.59 50416.35
22155.32 32823.85 14524.46 34133.6 4489.13 28804.22 44369.33
38271.72 30594.15 12586.73 27506.32 17011.1 24250.46 17550.25
41790.03 44188.05 23588.34 17995.77 36333.29 47007.86 31560.18
36153.98 31694.25 14258.16 31931.41 41416.41 35437.59 37138.05
34311.68 31337.17 23760.48 39112.92 39089.19 25523.54 20519.17
29697.85 30730.5 24875.7 53235.64 10711.25 16983.95 52295.83
34584.5 36832.88 15097.44 13231.72 33573.17 2716.91 29342.38
41305.84 37759.99 15415.98 36292.32 24568.4 30022.07 44661.91
37838.6 22268.57 57549.09 23887.41 35803.14 29031.01 44186.68
41262.21 14990.13 26993.89 10392.95 45092.42 35993.38 29441.72
46053.76 230 5995.85 20674.69 6427.1 24389.92 6159.96
22043.78 17031.16 20980.47 22682.58 8967.74 23932.93 13541.3
6222.28 13624.2 20100.73 25373.62 10599.32 9083.55 27457.97
18109.54 12277.74 14278.17 14119.86 31146.84 12911.51 32876.84
8902.58 13141.82 18092.12 15222.16 11392.58 15320.48 18168.98
9888.55 22577.04 35792.63 17721.0 31024.93 10353.11 27498.87
21351.31 2682.36 28350.71 19875.12 14770.14 31468.23 23070.0
16126.76 22302.38 17849.86 15527.72 27023.24 20135.33 15176.06
12420.98 14091.92 31231.16 15967.19 7836.66 42620.25 16760.15
17096.12 33853.22 19647.98 10151.55 11820.23 24691.79 23396.51
11643.6 11739.73 25299.72 18892.84 20457.21 16972.03 23953.78
257 7994.71 24293.91 13720.38 31773.41 10705.2 28620.64
8969.21 28126.18 18821.39 16836.95 32572.02 22104.37 10116.49
10144.65 25415.13 26134.93 16271.22 9058.23 35216.98 24136.87
4736.04 16405.02 15133.36 39295.59 20866.61 38134.14 17512.76
12247.14 25184.83 21926.43 20094.04 23974.3 14670.91 10132.73
26155.59 41221.41 26369.03 33499.87 1638.91 32031.19 27450.0
9739.13 36598.48 12523.92 16344.84 40171.11 29930.88 24667.24
22768.75 17604.07 23529.39 22769.59 26042.09 22580.03 17154.07
14595.61 36883.73 20961.12 16266.22 47995.42 16791.26 21000.29
42382.7 23778.61 15562.54 8329.23 33246.55 21343.68 6736.07
18417.12 23768.08 25782.55 28168.05 11203.11 32668.19 370
3607.34 27637.43 10430.25 27517.9 12984.38 30143.85 14015.05
29149.35 24413.8 17133.78 31270.65 19606.79 5743.96 15522.15
27818.06 30720.93 18278.46 13243.27 35570.15 19277.53 5564.34
20236.66 9479.43 39083.25 21037.43 40662.67 16622.63 17014.32
26252.39 17498.27 18235.71 22744.57 10426.24 4490.26 29547.09
43647.43 25117.56 37490.14 6534.4 34969.97 29336.69 10451.73
33151.85 17857.39 20403.74 38407.64 31217.21 23796.97 27406.43
22366.38 23621.14 28410.22 28056.02 18601.59 12075.6 18994.52
39139.05 23495.13 15820.85 50477.9 11249.82 24136.86 39394.22
26848.18 10884.74 3779.68 32228.38 16511.69 12245.45 19784.99
29000.37 21329.11 28599.17 8815.9 30738.99 279 30447.11
9705.83 26796.23 34700.81 19896.62 3267.22 34488.19 5910.08
28266.39 16200.74 18323.25 22895.29 30055.39 25607.37 5507.0
17709.34 14341.05 22355.84 10439.83 34847.65 35207.95 16206.67
37723.63 15677.89 13470.83 8794.34 18698.74 21774.16 7460.38
31531.96 20729.44 17388.96 42685.51 34239.7 9297.67 11421.19
17211.88 14789.53 31796.7 6557.38 3166.46 22057.66 32226.78
34583.85 16961.22 24440.38 3967.83 15705.68 17994.7 19688.92
12147.94 31236.2 4501.13 29477.68 33369.09 19166.97 6796.18
9787.68 18337.73 18191.62 40550.89 10937.31 32933.34 8789.34
31146.22 36249.87 17015.56 47629.57 27456.42 12780.58 23709.02
33081.46 8848.11 41050.5 21733.13 30 7143.71 19543.72
8982.2 26946.96 4795.03 22137.29 14797.63 21379.1 20156.45
9794.26 25592.56 15827.33 8029.35 11064.94 19592.69 23524.71
10067.67 6683.67 28263.88 20628.72 11242.86 12565.69 15649.94
32249.05 13828.13 32438.87 10564.59 10785.51 18442.33 17780.51
13484.13 17031.59 18624.24 10995.08 21457.29 35435.58 19411.63
29649.52 8657.53 26753.87 21204.45 2676.4 30752.14 17454.38
12930.65 33286.03 23319.21 17641.15 20356.49 15700.47 16490.3
24488.29 19887.96 17741.97 14712.55 11995.69 30947.24 15264.85
9235.38 42263.88 18125.46 16002.37 36101.24 18677.12 12516.03
12010.69 26213.78 24354.61 9107.32 11775.46 23031.8 21461.84
21213.57 16698.81 25885.84 366 21447.66 17070.74 15911.99
21551.15 15168.0 9984.58 31639.49 7455.49 31082.83 8000.88
8875.63 9820.53 20284.99 24595.71 12654.68 25623.82 11297.89
19652.66 11369.94 21892.85 28743.61 17668.61 27014.12 14650.99
4155.36 21784.53 7903.25 21570.97 6231.18 18691.84 8181.51
4142.02 33478.26 24682.36 18177.82 23943.84 4392.83 26389.84
26341.63 19191.15 11036.22 15023.65 20164.06 33288.83 18692.88
16839.5 9806.32 2472.71 24144.15 22776.55 1993.32 35083.48
10994.0 16466.13 21598.88 20087.74 19475.31 12235.46 8666.32
30283.01 29850.42 15010.86 22700.14 15429.88 19653.61 27814.7
8923.69 37218.25 24741.34 8511.95 29526.85 19903.43 5131.09
33239.44 10845.78 174 17968.57 33759.18 12251.13 6137.59
23163.96 28938.87 34653.7 26460.08 41078.97 18885.33 19020.35
9356.77 15751.23 32165.35 30537.68 41003.57 24071.29 27339.53
28433.76 4189.98 26929.07 30394.31 16410.35 29035.53 19390.11
40788.96 15312.74 31154.8 24866.14 3902.18 11953.8 14874.25
24726.6 18126.52 35336.4 42888.37 15682.14 44104.65 27143.52
37784.48 29713.21 19977.74 12859.7 38004.16 31213.98 22813.57
28801.64 16621.62 38509.53 35041.8 20088.24 45439.0 29317.41
3501.26 10049.89 31349.74 38467.52 28259.08 16674.55 49051.69
18365.17 30643.58 19837.19 32227.68 10531.17 22494.5 20782.72
24924.23 30161.93 22771.72 42652.87 954.22 23942.16 27498.68
16191.42 41 32169.48 9620.64 28769.12 36944.61 21303.66
5507.11 35299.48 8149.85 28223.92 18116.6 20407.91 25108.14
31874.75 26295.58 6439.07 16887.58 15818.0 23400.03 11957.5
37033.14 36545.84 16856.41 39611.61 17030.37 15576.3 6766.35
20755.26 22446.4 9626.68 33705.53 22900.27 19626.79 44348.58
35999.8 8782.24 9591.82 19453.36 13029.48 33033.91 4658.03
5020.44 23679.54 34399.89 35145.63 17516.11 26269.4 6115.03
17947.91 17583.41 19850.83 14354.4 30944.22 6072.22 31675.68
35407.42 19753.34 5064.28 10894.42 20312.3 16419.42 42426.18
11538.83 34941.31 9057.34 33160.49 37848.31 19038.77 49441.09
28368.33 14523.65 23178.2 35301.99 11065.65 42528.17 23866.99
29 5815.37 32148.46 11330.46 25851.31 17391.96 33682.48
18074.31 32394.22 29324.09 20320.93 32714.06 20379.64 6618.18
20519.6 31885.67 35647.03 22358.16 18175.61 38242.32 16946.25
8644.39 25000.77 5005.93 41276.94 23953.62 44667.45 19018.69
22010.26 29588.28 15998.2 19711.8 24526.02 6586.22 2239.44
34061.98 47574.35 26786.59 42205.86 11065.99 39232.66 33101.57
14387.5 32384.61 22082.47 25233.47 39289.98 34591.88 25831.27
32352.08 27347.7 26385.58 33244.13 31912.65 17693.32 9830.94
23919.02 43001.66 27697.51 18599.8 54398.85 6288.96 28599.27
39030.22 31248.65 9654.32 3004.94 33892.43 11748.96 17199.05
23484.59 34019.79 19583.1 31460.11 7678.53 31625.78 338
10712.12 29529.51 5385.24 13390.07 17096.39 26852.65 27410.45
24760.8 34485.98 14601.16 21025.85 8606.93 8494.47 25408.02
27188.28 35886.75 19232.95 20831.03 28655.91 6348.02 19729.11
24893.34 10793.58 30538.32 16511.65 38771.12 11409.0 24813.1
22536.72 3508.39 9533.71 14118.27 18819.0 11244.61 31278.69
41242.05 15886.62 40102.91 19883.44 34758.34 27108.19 13624.7
19243.04 30817.82 25598.64 26719.36 27158.44 15806.02 33108.87
29152.29 18097.37 38827.05 26379.15 4530.55 4280.35 25386.6
36648.95 24105.56 12233.26 47792.1 13333.29 26132.26 25841.16
28140.07 3537.03 15590.92 22505.6 20602.04 23171.49 18658.4
36737.15 7346.76 22830.56 20855.19 19228.02 242 4748.04
31291.54 9606.17 24138.08 16560.64 32358.82 18936.25 30981.15
29554.78 18950.69 30957.25 18585.61 5065.61 20577.05 30779.48
35196.29 21304.97 17804.64 36670.61 15321.8 9735.68 24378.63
4307.07 39609.84 22483.74 43502.21 17459.34 21757.07 28211.93
14235.42 17991.39 22828.67 8194.33 848.18 33202.0 46370.53
25067.27 41488.13 11635.24 38205.33 31862.13 13365.35 30585.7
22873.82 24680.3 37482.64 33212.08 24168.74 31943.84 27032.12
24866.68 33578.26 30713.66 15885.35 8131.08 23500.68 41778.2
26674.28 17132.87 53183.99 6352.68 27722.61 37212.96 30322.84
7837.11 4459.44 32159.17 12693.63 17371.96 22262.85 33911.4
17865.48 29946.96 9482.57 29823.52 295 37420.21 20476.71
32319.76 34538.01 28587.99 11069.0 44310.01 11094.57 39009.51
22957.1 15716.43 25621.33 36495.21 35733.35 15998.46 28197.42
23151.86 31902.07 5487.32 37425.36 43670.39 26532.84 43451.89
7569.28 19130.55 12170.2 24118.69 31974.79 14036.22 34495.04
24541.85 19889.1 49650.01 40883.35 19961.34 12134.1 18406.41
23563.7 40642.15 15476.25 12899.6 29862.61 29680.88 44810.25
27375.42 18442.08 9477.83 18187.52 28730.48 30372.24 16691.24
42005.31 14387.66 32066.28 37995.27 29513.11 10038.91 19754.8
24474.16 16325.95 46292.75 21436.22 28060.05 19515.11 36097.02
43664.34 13886.29 53649.44 37171.93 20807.02 34406.04 34872.58
11610.8 48890.87 19349.87 29 24031.73 23850.17 17480.45
16475.07 20663.72 15635.33 36723.42 12900.16 37575.31 13393.07
3940.13 8614.94 22371.41 30508.69 19233.21 32464.08 17708.63
25383.55 12843.78 19405.68 32391.91 24319.94 27684.64 13548.99
10409.33 26569.87 11531.67 27797.96 12679.5 16781.17 9218.27
5096.91 35138.79 26562.81 24858.08 28213.73 2861.73 32780.96
30622.25 25132.52 17155.85 19569.86 13585.51 38820.17 25338.26
11193.2 14867.63 5107.22 30996.0 29459.28 8835.16 41668.3
17413.41 14250.93 21410.76 26574.84 24115.4 19092.32 12971.25
33943.22 30370.66 21867.7 15872.32 22213.56 20023.62 30327.12
5371.04 37710.24 30166.27 15057.77 36342.74 16642.68 9909.32
35887.75 4115.93 266 4047.42 28419.72 10877.22 27684.72
13772.8 30914.18 14206.7 29902.44 24939.0 17872.65 31862.83
20096.54 6075.92 16117.1 28606.03 31444.12 19065.46 13971.69
36284.54 19311.53 5394.99 20998.65 9047.38 39757.83 21760.25
41450.36 17289.37 17705.49 27009.79 17657.42 18806.6 23361.22
9641.41 4182.3 30328.93 44433.81 25726.19 38254.56 6850.3
35758.59 30116.77 11228.61 33464.26 18108.9 21154.81 38942.68
31979.04 24442.04 28122.94 23066.19 24334.39 28894.6 28839.04
18855.96 12073.41 19721.91 39923.59 24284.11 16522.54 51264.44
10679.96 24921.78 39770.72 27634.77 11026.34 2990.76 32845.39
15774.47 12798.02 20558.98 29639.24 21466.46 29324.53 8103.99
31266.45 26 28029.32 17459.54 22596.24 25837.64 20522.54
7406.5 36912.23 4998.42 34255.0 13965.15 8300.11 15840.09
26939.0 29079.16 12353.59 26235.92 15640.71 24546.21 4693.41
27776.68 34948.88 20816.2 33686.39 8712.91 9944.51 17250.48
14530.84 25632.68 6815.93 24754.47 14699.07 10064.08 40132.06
31337.88 17906.76 18834.4 8780.9 24739.01 32271.34 16599.59
9437.53 21078.64 22424.67 38080.56 21804.66 14734.65 6093.4
8345.86 25588.22 25551.72 7310.42 37896.02 10305.36 22372.53
28151.57 23626.54 14779.37 14202.54 15110.08 24668.12 36518.26
16708.72 22898.89 15968.42 26273.95 34367.0 6984.84 43892.73
29821.31 12893.59 31308.68 25400.23 2805.7 39733.3 11808.73
85 13826.83 34739.92 20643.95 36641.56 21268.86 39155.08
11934.03 38519.2 25636.09 26825.08 41558.82 29875.87 15772.27
18903.3 36032.36 35584.05 26842.09 19432.2 45356.84 27765.88
5951.0 26736.8 15275.88 49128.04 30834.33 48730.31 26765.94
21970.41 35579.01 26713.31 28543.34 33002.54 9068.21 12483.39
36568.1 51825.92 35386.68 43478.66 9514.64 42563.19 38042.83
19760.08 42931.16 15742.43 26545.14 48715.16 40411.56 33987.15
32229.69 27064.06 33475.55 28677.55 36645.96 28224.82 20629.78
24589.8 47500.8 31577.52 25812.71 58588.01 15064.8 31534.85
49394.4 34312.91 20186.35 8113.96 42477.31 15606.25 15584.56
28860.07 32009.44 30368.87 38317.84 3899.25 41042.67 242
30125.08 12183.12 31334.71 47011.67 19496.51 22636.93 22325.27
24586.01 9644.64 23681.01 36562.25 33944.25 31277.2 14710.72
17283.96 4283.61 18385.29 16742.98 31654.81 42852.54 28754.58
11799.2 38628.11 36980.43 24975.41 23658.87 27190.88 12742.41
23113.61 39613.48 30964.49 30988.45 39356.3 33669.71 12288.05
26508.63 32396.99 12683.05 24882.97 17465.64 20452.03 23077.07
47888.0 19981.95 10992.99 44077.04 24359.03 30130.24 4050.46
7554.2 26207.33 10665.1 19321.09 38718.58 37798.83 11295.62
24093.31 15978.38 25657.44 31849.98 40835.56 13212.27 50887.16
13593.44 35492.69 32972.36 35929.18 46027.09 18182.4 20431.32
2474.86 42773.64 27062.46 35397.41 39019.26 422 15834.02
35438.39 11565.07 9697.45 23324.68 31821.02 32722.76 29505.35
40590.47 20416.1 23315.78 12326.19 13706.25 31458.23 32754.48
42041.9 25273.89 26997.98 32278.26 524.08 24297.88 31091.64
12455.78 33280.54 21752.76 43769.96 17006.39 31008.12 27589.89
3521.16 14318.15 18132.53 20699.03 15083.09 37136.55 46053.85
19345.36 45967.66 25125.1 40223.57 32337.65 19842.81 17275.86
36330.64 31810.79 27469.69 31893.46 19903.7 39305.1 35380.58
22913.76 44915.94 31759.55 5703.5 6854.44 31614.77 41534.85
29962.78 18066.47 52410.13 14087.54 32115.39 24326.84 33995.37
8272.74 19344.24 25023.26 20360.61 29052.88 24459.37 42964.57
3917.86 27223.56 23956.21 20687.98 84 21297.46 9634.22
22327.47 38446.0 10489.61 18495.39 16964.53 19620.07 10075.06
15383.78 30010.42 25535.08 22335.93 7914.65 13366.35 9477.37
10274.52 8019.34 27334.52 33894.45 21174.48 3541.96 29835.52
32502.66 17463.48 24083.82 18735.53 4521.36 17368.16 30691.85
22563.48 23325.09 31292.36 24959.94 11085.2 27224.32 25060.84
16999.8 17242.64 17471.33 16492.38 14058.39 40002.04 16173.96
2520.5 37874.79 20236.62 22772.29 6157.41 1667.31 19238.17
13891.99 15039.25 29911.48 28782.01 2314.07 23577.9 10030.69
17124.16 33592.35 32153.31 7930.93 43676.0 10056.54 26472.63
24715.49 29723.58 37736.3 10930.05 12802.56 9249.32 33945.84
21430.28 27830.37 31956.44 126 24817.75 6453.43 25043.11
40062.75 13379.4 16496.07 21034.33 18115.63 12174.4 16706.2
29651.36 26958.99 25649.2 12062.6 11104.66 5867.03 11410.37
11870.53 25550.19 36319.27 25298.12 5257.62 33346.4 30842.6
17890.21 20426.56 20252.89 8688.19 16341.63 33013.71 23986.31
23902.96 35261.52 28587.18 7488.35 23533.46 25331.13 12820.2
21373.19 13796.18 14349.83 16992.04 40802.79 19939.21 4768.66
37288.83 18258.45 23058.84 3128.96 4105.02 19171.33 15189.83
13037.56 31963.26 31737.05 6175.84 20170.89 9021.04 18768.54
29731.23 35770.44 6314.63 43861.15 7414.32 29379.19 28635.65
29112.04 41593.65 15116.53 13353.47 8414.07 36028.02 20372.38
31936.01 32003.4 183 36236.82 14498.14 32276.86 38366.42
25805.42 8421.92 40182.82 10325.79 33037.22 21836.45 20493.49
27472.24 35754.8 31204.3 11207.9 21206.33 20248.11 28178.84
10517.55 39544.31 41115.9 21764.61 43318.5 14746.56 18747.78
4888.44 24044.16 27355.75 12705.51 36323.07 25629.14 21723.18
48505.43 39992.14 13502.03 6327.73 21021.44 15866.85 37690.71
8055.44 9048.05 27920.02 34802.49 40072.18 22438.16 25071.08
7926.05 19959.88 22239.52 24747.54 16990.31 35614.05 10409.33
34118.03 38675.12 24673.51 2451.79 15612.75 23863.89 12711.9
46159.64 16445.85 34336.29 13985.46 36520.58 42109.43 18859.91
53312.85 33213.26 18605.49 27703.86 37484.92 12625.82 46947.9
24151.53 74 11826.21 17495.07 14749.77 32615.65 5659.63
22800.93 10869.03 22732.73 14420.45 12945.75 29374.89 20975.81
13271.58 5297.08 19046.03 19458.34 10600.92 2190.18 30235.42
26382.67 11550.37 9537.18 20232.91 34760.96 16686.77 31567.14
14921.52 5713.36 19855.17 23547.77 18356.79 21133.56 21323.72
15234.39 19334.34 34686.04 23399.39 26628.56 7736.17 25325.03
21385.22 7223.4 36017.61 12603.21 9463.14 37284.62 24267.77
21363.38 16121.51 11055.48 19243.2 18736.94 19918.18 23452.87
20268.1 7782.07 30462.52 14610.63 13333.13 41406.68 22385.96
14309.18 41001.02 17082.67 18158.38 14733.7 29707.82 27762.12
3950.85 13191.45 17883.1 27216.01 23315.82 18085.64 30207.75
301 11718.8 36654.85 11789.43 18385.81 22571.45 35482.64
27368.5 33581.55 37560.57 22466.82 30156.14 17845.18 10366.51
28426.11 35107.29 41796.69 26238.03 24956.77 37864.87 9244.31
18079.69 30699.82 4541.93 39769.02 25097.95 47257.1 19811.03
29049.28 31158.28 10055.73 18627.04 23330.58 12218.8 9025.57
38511.33 49875.17 25132.61 47179.99 20028.93 42721.06 35482.94
18987.8 25956.39 31302.98 31189.14 35345.39 35958.88 24989.93
38701.13 34090.74 26971.19 41691.97 34584.87 12503.56 5190.35
30386.97 45252.04 31505.35 20202.26 56537.49 5424.53 33104.76
32975.88 35443.84 7343.15 12473.27 31688.11 11830.93 25413.99
26369.62 41330.69 12536.21 31857.22 16109.2 28092.01 419
15901.86 41886.27 20902.11 31762.1 27201.4 43775.12 23202.5
42460.18 36377.61 30401.89 41920.8 29386.78 16560.5 28461.07
41898.42 44590.72 32350.86 27244.77 48125.33 22626.06 14506.6
34414.49 10411.5 50904.07 33977.64 54710.09 28937.92 30712.95
39669.85 23046.78 29205.78 34085.76 3850.73 12198.19 43796.03
57637.84 36240.79 51669.8 18277.66 49162.85 43184.14 24394.12
39295.7 27183.95 34516.55 47924.18 44673.09 35507.58 41231.81
36080.36 36357.0 39795.33 41980.86 25285.39 17022.7 32949.9
53075.52 37648.51 28625.39 64465.92 8085.34 38380.81 46277.0
41081.82 17998.19 10527.89 43242.14 4040.59 24983.94 33566.44
42072.7 25883.23 41437.68 8265.27 40399.14 74 9746.94
23869.44 3052.76 16709.57 12013.72 21597.34 24710.7 19693.04
29952.84 8957.23 18343.79 6315.24 7956.51 21146.28 21596.28
30370.2 13605.14 16217.86 24437.06 11700.28 18581.95 19485.41
13906.51 27042.41 11206.96 33426.23 5940.98 19996.6 17270.21
8387.73 5356.09 10225.44 20814.17 12146.67 25617.14 35998.71
12427.13 34441.4 17621.02 29190.77 21684.57 8851.08 20621.05
27674.55 20246.99 25173.74 22065.5 11664.57 27682.65 23966.65
13116.69 34313.61 20875.46 7663.15 8738.03 20242.78 31380.53
18444.66 6593.32 42643.76 16734.82 20484.34 26398.83 22478.75
6600.43 15932.26 19516.03 24113.8 19423.71 13008.95 31580.78
11631.62 18087.58 21493.24 17490.01 89 17473.24 27512.2
23364.96 41426.23 17604.45 34455.41 1182.61 34609.61 14588.72
24763.61 41099.66 31469.2 19660.59 10281.27 30190.52 26131.7
22520.04 13611.25 42192.25 33621.4 9668.71 19648.84 23294.78
46758.57 28618.45 42018.46 26231.45 14094.67 31772.72 31543.11
29231.58 32653.36 19730.08 18744.7 29115.2 45169.84 34996.61
34619.12 8193.04 35468.45 32855.07 18182.82 46166.89 4288.23
19086.91 48915.2 36006.6 33079.08 22945.76 18129.87 31207.01
17289.41 31355.74 32238.89 26493.38 16858.58 41270.41 25924.63
24779.36 51650.72 24211.07 24949.96 51781.28 27565.2 25085.9
15395.53 41548.39 26627.71 8316.21 25174.05 21510.39 35402.38
35305.26 14661.72 41606.79 478 32357.92 14130.59 33703.16
49407.38 21864.27 24537.72 23751.76 26592.66 10423.71 26070.78
38737.33 36334.05 33558.35 16619.88 19249.3 5575.9 20773.21
18982.99 33491.84 45239.35 30632.09 14200.46 40837.05 38811.47
27302.93 24609.97 29585.93 14934.45 25246.31 42006.16 33355.08
33317.12 41323.71 35853.73 14010.47 27331.09 34686.54 12935.86
26803.07 18692.3 22358.58 25434.14 50222.79 21107.74 13390.75
46178.65 26233.44 32427.66 6335.59 9866.18 28473.12 10440.86
21297.51 41119.07 40134.06 13630.51 25258.77 18219.18 28055.99
32321.07 43000.0 15444.69 53131.65 15616.07 37836.78 35014.52
38054.93 48051.25 20096.47 22783.79 3135.94 45173.66 29147.39
37237.17 41260.28 476 20455.49 35600.24 14738.79 3697.5
25489.06 30226.16 37157.63 27665.79 43473.85 20885.15 19157.83
10963.96 18239.12 34601.42 32166.0 43045.11 26131.51 29735.62
29002.16 5702.45 29386.18 32567.03 18505.55 29147.93 21048.62
41954.85 17306.73 33509.94 26277.69 6348.07 13761.91 16105.31
26806.03 20502.14 37122.8 43926.62 16581.55 45835.76 29644.08
39268.99 31141.81 22368.48 11078.31 40506.36 33409.73 22082.27
29959.0 17797.44 40630.05 37288.82 21495.71 47834.65 30843.89
5879.59 12333.35 33623.33 39587.53 30118.55 18747.01 49935.27
20285.06 32576.08 18149.27 34040.87 12975.33 24861.26 20974.78
26554.28 32639.76 24676.88 44890.35 2580.57 25012.88 29775.22
16020.02 487 22741.08 7601.05 19600.17 30328.69 12145.49
5899.25 27398.66 6366.36 23361.35 8925.66 17532.18 17501.03
22476.11 18888.85 3815.62 16203.41 6573.04 15015.41 14136.48
28828.65 27466.86 10030.08 30265.63 19226.33 7412.88 16143.06
11987.35 15206.48 4154.17 25429.03 14842.45 12973.73 34933.77
26574.36 8813.34 19019.93 13849.07 17382.9 24138.67 11389.75
4645.77 14277.82 29620.15 27980.51 10985.26 25093.17 7438.2
11716.31 14995.42 14641.21 7592.25 26984.37 3359.1 23685.05
26384.62 12940.57 14456.19 3288.88 11239.01 25845.13 33063.68
5884.1 31982.42 5959.74 24075.56 28465.96 16921.34 40029.27
20265.61 5116.86 20602.61 27579.79 8217.34 33255.39 20121.04
284 24858.25 19037.71 28277.88 45913.04 17544.51 28565.91
12561.25 29738.36 1270.83 24132.48 39734.84 33653.65 26573.53
8268.48 23332.79 14363.46 19594.36 13015.71 37449.4 39927.32
20707.85 13455.09 32763.3 42620.77 26901.17 32817.55 27045.45
9594.93 27446.39 37069.6 30802.36 32464.69 31571.25 27712.91
20059.52 35863.94 34420.76 23109.19 17261.09 26238.63 26519.07
20376.7 48592.78 9548.5 12458.45 47673.27 30316.82 32167.24
11821.8 8944.77 28942.85 5211.62 25093.04 36856.77 33692.58
10787.71 32728.53 20147.6 25373.07 41739.01 34477.45 17979.25
52875.76 19814.61 31652.41 25837.33 39583.07 38493.4 11108.26
22351.69 8538.25 40695.27 31492.86 26983.71 41386.67 372
32838.71 16732.96 27917.16 31705.19 23922.77 6673.51 39735.3
6422.34 34988.65 18331.25 13433.51 21743.93 31975.7 31257.88
11918.2 24967.93 18508.98 27306.03 3503.41 33735.62 38998.02
22184.15 39070.43 8471.79 14566.27 12009.79 19656.65 27540.29
9363.17 30672.97 20383.28 15933.92 45097.01 36351.69 16523.52
13141.72 14768.39 21556.09 35972.38 13182.72 8697.19 25199.42
27745.79 40347.64 23066.17 18095.34 4969.95 14178.85 25102.59
26271.77 12215.31 38187.11 10123.34 28319.95 33801.94 25154.16
9537.69 15348.32 19920.52 18715.59 41918.73 17239.72 27233.55
15585.17 31824.89 39051.73 11757.91 49246.38 32590.26 16136.14
30854.67 31389.13 7166.32 44249.47 17113.94 352 9222.31
18713.25 12061.52 30046.01 4891.34 22788.65 12185.0 22390.91
17164.33 11613.87 27881.67 18736.54 10563.63 8012.24 19571.64
21613.98 10428.2 4182.11 29641.13 23656.06 10554.43 11094.8
17714.39 33919.23 15560.47 32328.8 13055.17 8209.28 19458.04
20857.49 16257.83 19443.55 19471.93 12786.54 20605.16 35402.2
21778.79 28352.4 7178.6 26315.59 21589.89 5042.47 33727.98
14539.84 11237.82 35698.66 24131.12 19863.94 18333.91 13414.43
18197.96 21474.23 20179.73 20844.15 17525.54 9891.55 31038.94
15123.09 11567.91 42191.45 19976.5 15315.3 38930.83 18081.63
15411.31 12795.61 28361.45 25674.24 6048.0 12681.17 20478.39
24555.61 22619.35 16741.5 28438.19 284 28914.15 37912.19
22425.24 6626.68 31124.65 30183.64 44941.94 27448.14 49210.97
24904.73 15632.56 15008.3 26730.08 40933.39 33571.7 46237.23
30084.64 35788.52 26065.38 15463.73 38027.34 36882.63 28138.28
24463.59 23439.24 40835.59 21674.25 39097.42 27068.49 15482.27
17870.93 17457.53 36454.5 29626.42 39092.74 42197.04 16537.27
47250.89 37691.92 39680.92 31673.95 28658.84 1768.88 47922.24
37843.17 14956.95 29369.99 18608.31 44366.25 41951.19 22735.3
53515.12 31842.36 13901.71 21736.82 38580.29 38354.65 32777.64
23338.47 47402.63 30022.29 35499.84 8588.26 36273.13 21915.74
33990.0 17378.71 36290.97 39565.36 27909.17 49311.21 12206.09
24450.49 39137.12 11943.89 422 38441.71 21243.62 33330.46
35327.81 29585.24 12003.63 45266.5 12100.0 39814.33 23977.95
16473.99 26576.01 37514.26 36659.89 16851.0 28832.35 24137.87
32868.07 6394.93 38346.43 44681.34 27429.25 44459.47 7905.66
20152.0 12273.84 25135.09 32890.95 15042.39 35436.36 25530.45
20859.02 50670.48 41902.93 20665.12 11972.94 19341.24 23949.79
41642.69 15975.58 13788.9 30878.63 30324.31 45730.66 28261.05
18835.36 10440.31 19165.46 29453.38 31203.39 17709.79 42758.54
15283.94 32998.61 38983.16 30410.07 10267.13 20672.63 25495.16
15784.1 47299.38 22301.41 28499.8 20324.87 37094.22 44685.87
14634.94 54658.47 38131.89 21809.62 35103.3 35764.9 12629.71
49910.93 20079.08 214 15534.79 38083.11 13203.78 13596.39
24938.24 35409.91 32008.62 33226.51 41242.96 23238.18 27791.99
16328.6 13703.55 32043.59 35850.07 44079.47 27707.1 28041.24
36490.54 5054.7 22976.52 32980.7 9804.14 37713.61 25125.8
47353.38 20070.25 32139.83 31112.95 7444.11 17920.68 22128.39
17536.75 13679.64 39859.96 49762.08 23539.65 48668.21 24497.39
43421.29 35738.86 21331.89 21530.77 35835.2 33599.34 32046.95
35626.1 23883.97 41160.09 36880.9 26570.12 45485.93 35034.05
9934.93 6645.26 33112.2 45191.57 32700.87 20873.16 56237.83
10685.67 34636.04 28609.65 36728.1 8905.88 17538.46 29470.7
16208.31 29289.85 27288.82 44344.82 8422.2 31119.17 21449.3
25243.12 251 6211.53 22301.78 3243.42 21081.25 8638.45
22142.35 20109.66 20703.93 25909.91 8719.83 21867.57 10655.86
5223.44 16905.67 20995.15 27784.33 11894.25 12222.01 26531.64
14955.46 14361.4 16673.19 12867.35 29783.29 12212.05 33508.69
7338.43 16202.94 17953.13 11972.39 8897.63 13329.14 18332.07
9575.64 24161.51 36298.84 15703.22 32831.54 13085.52 28567.19
21770.4 5064.75 25220.78 23096.11 17287.06 29124.29 22947.35
14413.48 24847.28 20656.87 14641.55 30260.4 20707.17 11864.39
9824.78 16882.1 31683.14 17203.43 6857.84 43083.23 15674.25
18752.1 30916.14 21106.15 7454.88 12593.36 22813.18 22756.84
14947.71 12288.54 28202.85 15601.66 19713.16 18076.32 21497.94
39 23820.41 23115.4 28250.65 46326.37 18790.6 32093.61
8990.88 32989.64 5868.13 25901.28 42055.32 34710.56 25766.03
8819.54 27046.68 19096.36 21958.9 14016.88 40760.59 39602.18
18116.37 16612.94 31088.93 45806.49 29112.46 37216.25 28416.52
11682.82 30494.34 36996.93 32011.03 34297.72 28792.27 26150.49
24306.58 40299.06 36414.84 27846.46 15208.71 30598.09 30141.37
20999.91 49757.52 5286.22 15704.31 50032.9 33812.91 34231.19
16418.48 12861.86 31378.04 7822.61 28669.91 37112.34 32937.46
13684.57 36983.81 23462.48 26767.89 46305.0 32480.77 21595.24
54523.78 23708.63 31099.03 23633.08 42089.61 35741.19 10335.54
24789.89 13278.66 40757.56 34456.01 23905.72 43360.64 496
21316.67 13891.24 23645.03 40740.15 12233.63 22858.64 13521.23
23895.3 6186.93 18387.61 33796.48 28173.52 22724.54 5279.57
17755.62 11618.98 13688.32 8232.58 31639.79 35362.11 19323.3
7533.6 29681.68 36767.44 20999.19 28201.3 21457.96 4214.02
21537.5 32328.77 25263.68 26646.47 29953.6 24650.62 15202.06
31322.07 28549.83 20025.44 15455.73 21568.34 20872.99 15435.03
42984.22 12128.94 6556.96 41727.73 24592.66 26284.48 8364.49
3715.34 23001.12 10398.17 19412.94 31865.24 29610.45 4842.71
27820.84 14309.95 19792.41 37547.14 31740.66 12314.47 47069.19
14418.03 27418.47 23640.63 33631.49 36672.54 8751.79 16420.79
8473.61 35810.35 25571.0 25969.66 35507.24 379 15482.57
19918.47 19667.56 37767.04 10974.29 26921.4 6468.33 27222.96
10648.47 18285.94 34704.97 26401.66 17325.4 2801.34 22554.83
19431.59 15281.0 6410.41 34897.78 31052.27 11601.72 12004.65
23242.93 39625.88 21889.3 34408.78 20383.57 6480.91 24449.3
28415.85 23813.91 26555.05 22404.4 18198.16 21566.1 37560.21
28794.74 27581.49 7887.54 27888.02 25265.39 12634.62 41429.77
7244.42 11469.86 42643.86 28509.02 26718.96 16103.68 11009.88
24370.61 14650.63 23762.61 28541.46 24497.85 9258.84 33627.48
18326.08 18786.83 44085.83 24964.02 17301.79 46465.47 19926.19
22587.62 16403.68 34960.72 29251.49 1753.27 18042.54 16005.62
32174.03 28136.42 18176.16 35638.73 122 15549.52 42039.64
19530.61 28673.1 27282.95 43047.35 25448.38 41537.69 38130.83
29625.22 39965.73 27439.53 15716.6 29784.84 41606.65 45429.93
32131.91 27955.31 46773.34 19641.62 16247.42 34888.76 8444.35
49236.75 32970.94 54309.6 27779.27 31663.89 38839.25 20425.86
27592.25 32467.13 5571.51 11644.23 43952.76 57155.85 34512.78
52108.01 19735.15 49031.39 42633.1 24181.27 36389.18 29499.33
35096.0 45601.74 43819.25 33984.44 42107.35 37034.47 35218.09
41755.22 41511.17 22787.24 14713.95 33706.34 52552.55 37497.8
27671.55 63958.77 5681.18 38483.13 43424.03 41112.92 16064.34
11331.0 41379.42 1864.57 26342.23 33057.27 43414.49 22978.0
40279.46 10768.97 38197.6 170 8421.37 20335.1 4728.68
21199.95 7508.6 19816.75 20926.17 18375.94 25426.47 6397.42
20072.98 9659.94 7553.55 16686.59 18787.82 26241.25 9901.63
11699.55 24290.46 15974.77 16049.08 15212.96 15146.28 27667.35
9903.21 31227.32 5203.17 15462.79 15622.46 12772.75 7423.64
11467.4 20628.81 11893.2 22167.06 33998.68 13866.01 30905.84
14317.49 26383.11 19473.38 4346.38 24605.68 23614.96 15916.18
27531.34 20616.66 12405.31 23428.32 19525.25 12368.74 29786.89
18434.67 12197.56 11624.81 15778.02 29379.55 15118.21 4551.17
40775.45 17966.89 16823.27 29948.52 19076.32 9244.16 14762.09
20911.49 25080.55 15169.74 10053.67 27131.4 16147.56 17428.51
20182.39 19993.25 102 14082.97 13099.25 14781.77 31453.0
2994.38 18013.05 15389.32 18057.55 15306.86 9495.21 25688.81
18915.31 14909.13 7698.87 14258.11 16591.85 6000.4 2942.02
25662.52 26409.85 16016.78 5637.59 22599.33 30340.34 12762.93
26875.7 12274.02 5191.91 15226.93 23263.61 16038.42 17894.1
25039.23 17893.95 14990.3 29977.34 19992.79 22845.07 12367.62
20754.52 16571.14 6494.78 33821.58 16487.57 5985.14 33662.93
19508.24 17813.84 13471.67 9099.31 15157.11 19625.8 15102.96
22649.71 21219.16 5325.01 25701.21 9810.99 10601.65 36732.26
25056.12 9729.49 38218.12 12504.98 18904.79 18354.99 25824.37
31098.39 8244.93 8753.49 16666.75 26636.74 18852.31 22335.37
26942.15 32 8462.49 34270.31 10146.34 20656.68 19842.19
33992.02 23779.53 32292.32 34148.35 20682.5 30277.09 17742.84
7477.76 25062.31 33126.89 38940.73 23951.63 21834.32 37191.14
11516.66 14508.13 27915.03 1480.9 39545.77 23715.91 45563.28
18439.91 25892.74 29707.65 11322.91 17943.12 22802.99 9793.61
5459.17 36156.05 48292.82 24820.13 44698.73 16458.04 40700.74
33789.88 16347.46 27762.01 27717.7 28335.22 36091.97 34626.05
24352.06 35776.32 31037.45 25822.69 38239.52 32784.83 13468.55
5181.55 27386.92 43666.53 29302.23 18551.39 55035.94 4021.69
30695.27 34647.32 33149.43 6367.02 8953.56 31679.62 11407.37
21974.47 24406.24 38151.89 14497.24 30839.57 13000.16 28601.45
71 45542.01 20711.3 42151.63 48633.15 34402.72 18403.25
46992.36 20584.59 37410.18 31526.43 30399.68 37796.75 45291.46
37878.58 19504.42 24099.53 29053.67 35874.09 20008.44 49860.54
49415.37 28754.36 53032.49 23002.18 28785.54 6681.64 34043.72
34126.64 22727.96 46614.93 35871.5 32065.79 57657.83 49391.55
19037.91 4034.48 31358.96 15931.66 45743.89 12748.42 18419.03
36993.68 44679.1 46123.57 29162.36 33897.92 18193.87 30305.13
26350.44 30289.5 27219.2 38971.49 19480.24 44440.04 48716.27
31347.21 8605.44 23856.29 33691.86 3567.82 55848.13 23727.47
43497.32 20955.75 46502.64 51099.04 28667.97 62851.5 40449.81
27933.07 30784.96 47833.48 22975.34 55603.62 34089.61 368
8281.66 34165.71 10135.1 20877.21 19710.82 33963.78 23531.35
32280.79 33935.47 20638.07 30369.04 17830.53 7349.11 24857.03
33058.34 38790.22 23860.29 21659.51 37224.37 11744.92 14253.33
27774.2 1304.75 39610.48 23702.08 45515.32 18432.37 25712.77
29684.51 11506.11 17989.33 22854.96 9595.92 5223.77 36053.59
48253.36 24885.73 44583.07 16218.56 40626.57 33745.24 16228.15
27956.61 27472.59 28187.25 36222.16 34610.13 24394.69 35619.36
30867.85 25825.73 38020.69 32731.69 13630.41 5335.27 27223.92
43627.77 29215.71 18520.61 55001.83 3958.12 30589.51 34832.56
33053.32 6437.29 8695.69 31762.13 11351.27 21759.03 24343.41
37967.36 14708.34 30849.73 12755.59 28719.73 184 12182.8
26208.64 18218.39 36187.13 14086.72 31777.61 4835.4 31563.31
17098.02 20810.18 36844.89 26610.84 14376.73 9886.48 28065.62
26571.55 19470.32 11094.95 38896.67 28325.67 4955.14 18150.38
18251.28 43184.12 24797.13 40489.01 21812.53 13086.7 28646.5
26272.99 24542.46 28281.72 15745.07 13551.06 27977.56 43622.21
30664.27 34556.9 2951.4 34139.08 30406.31 13857.95 41119.72
8787.27 17842.16 44525.49 33202.65 28879.5 23222.83 18071.05
27445.57 20580.42 28944.0 27030.83 21202.38 15783.28 39455.08
23637.77 20479.83 50296.99 19409.89 23201.32 46900.13 25950.48
19794.41 10532.4 37440.38 22689.17 6633.17 21886.44 23100.87
30132.38 31884.24 11152.94 37074.9
