90 250
1.0 94209.57
1.0 82929.14
1.0 108248.4
1.0 232380.21
1.0 210218.55
1.0 74973.11
1.0 150138.42
1.0 110297.89
1.0 199434.3
1.0 124721.69
1.0 162394.24
1.0 124581.74
1.0 45183.03
1.0 138070.7
1.0 71406.66
1.0 195943.99
1.0 96000.24
1.0 99659.39
1.0 134264.7
1.0 180036.86
1.0 123889.83
1.0 306542.39
1.0 307561.04
1.0 317983.32
1.0 119953.63
1.0 64282.37
1.0 248217.13
1.0 109518.34
1.0 137462.04
1.0 184643.09
1.0 60463.9
1.0 304546.95
1.0 208877.05
1.0 160838.45
1.0 210549.97
1.0 178170.49
1.0 142976.27
1.0 115627.92
1.0 93194.95
1.0 155690.77
1.0 161558.32
1.0 231797.48
1.0 149096.63
1.0 88028.79
1.0 61322.59
1.0 126530.52
1.0 133024.78
1.0 128408.79
1.0 62740.56
1.0 230787.46
1.0 230575.77
1.0 89355.43
1.0 201795.68
1.0 217169.92
1.0 137481.34
1.0 83932.7
1.0 302159.62
1.0 163159.03
1.0 118955.08
1.0 198479.8
1.0 303496.14
1.0 105181.2
1.0 190561.68
1.0 356325.53
1.0 77167.8
1.0 102476.95
1.0 100016.69
1.0 124599.06
1.0 121422.69
1.0 156751.6
1.0 89485.53
1.0 98783.73
1.0 156790.4
1.0 145724.9
1.0 208784.9
1.0 165495.19
1.0 198380.71
1.0 76156.36
1.0 111336.43
1.0 339833.1
1.0 164071.72
1.0 195969.91
1.0 154567.67
1.0 166822.87
1.0 120158.61
1.0 804365.89
1.0 110629.49
1.0 132304.23
1.0 40118.86
1.0 234486.49
497 1666.52 4283.76 2670.37 5515.71 2217.06 5074.65
1090.04 5012.76 3016.14 3230.84 5748.24 4051.05 2020.2
1783.58 4524.9 4435.89 3099.11 1839.86 6159.33 4235.8
488.4 3001.47 2595.92 6819.43 3874.11 6537.64 3341.45
2242.04 4543.49 3923.6 3743.47 4373.47 2224.79 1850.31
4573.93 7035.31 4756.47 5678.72 291.96 5540.2 4873.53
2098.85 6338.34 1725.84 2968.6 6959.18 5291.67 4486.02
3897.66 3068.87 4299.52 3590.02 4644.2 4061.47 3090.45
2656.71 6354.77 3813.08 3143.47 8110.87 2781.36 3780.41
7283.59 4223.54 2878.98 1362.88 5857.21 3331.13 1236.12
3460.34 3935.8 4539.81 5033.69 1527.28 5756.48 6047.15
2608.17 815.03 6076.27 2715.32 5149.95 294.95 5450.43
6577.74 3850.96 1528.11 5976.55 2735.13 3781.31 2699.33
210 5679.13 2057.54 5093.91 6211.18 3965.48 1290.69
6202.27 1651.75 5006.56 3404.28 3418.97 4406.67 5619.16
4759.2 1595.92 3094.75 3084.38 4306.66 1882.7 6330.49
6404.97 3251.79 6844.12 2603.72 2950.36 645.78 3792.03
4144.2 1981.92 5807.54 4086.49 3501.18 7632.32 6286.78
1882.32 1013.44 3420.91 2245.71 5845.81 989.33 1318.52
4331.83 5697.85 6164.93 3352.4 4216.42 1275.31 3222.94
3270.86 3695.87 2704.44 5407.26 1514.38 5466.37 6136.77
3710.52 275.23 2307.68 3742.87 2091.69 7296.24 2403.32
5673.93 1994.67 5784.82 6599.09 3169.75 8427.91 5098.28
2855.21 4137.61 6022.66 2065.06 7355.4 3996.35 368.68
4029.79 6607.14 3694.68 4866.9 1898.45 6394.43 2999.22
1403.73 4707.8 7206.46 5176.39 7740.97 5378.62 3421.76
21 4480.76 2769.96 3616.16 4148.16 3272.47 1161.44
5890.43 778.07 5458.56 2228.72 1349.1 2543.45 4308.09
4635.66 1953.69 4172.3 2489.13 3913.12 747.71 4452.78
5582.33 3311.69 5389.55 1402.19 1586.81 2736.19 2324.76
4083.65 1073.79 3968.65 2357.43 1619.31 6416.5 5011.13
2840.5 2990.95 1418.26 3931.16 5152.49 2630.24 1486.58
3365.13 3605.72 6075.03 3469.45 2376.57 951.13 1343.77
4070.14 4067.1 1166.92 6039.44 1626.27 3588.68 4507.54
3761.61 2341.42 2253.03 2414.93 3925.57 5842.35 2652.43
3682.45 2532.08 4206.31 5493.06 1139.03 7020.65 4756.59
2051.1 4984.71 4074.59 436.02 6349.81 1909.39 2385.38
4194.88 5694.6 1671.44 3404.02 410.39 5739.09 903.74
1395.07 2886.26 6151.64 3080.65 6374.54 6079.92 3065.56
161 5808.38 1726.02 5691.45 7727.76 3930.21 2987.25
5145.33 3404.56 3263.53 4125.74 5460.02 5659.55 5904.93
3773.38 2336.93 1141.77 3361.79 3791.6 4252.95 7378.82
5939.7 2664.24 7159.28 5064.5 4056.66 2337.45 4685.59
3278.32 3379.61 6835.68 5213.47 4952.71 7530.44 6423.0
1478.5 2715.49 5059.45 343.86 5311.54 1610.72 2686.46
4488.6 7570.8 4852.46 2631.86 6503.12 3204.37 4737.54
1649.49 2460.09 4079.51 3398.71 2621.17 6600.29 6790.67
2886.36 2534.3 2605.61 4498.74 3435.74 7563.55 2256.05
7813.84 1969.99 6409.71 6468.27 5281.06 8529.39 4291.3
3486.46 2114.61 7239.34 3879.7 7002.23 5962.29 2193.39
2921.99 6226.26 5808.72 5489.05 3781.96 5723.37 4976.24
3933.25 5849.46 6934.05 7029.89 7839.71 3302.29 3241.63
42 2975.42 5551.54 2087.75 894.19 3849.75 4773.12
5652.69 4374.82 6707.36 3174.23 3145.95 1647.73 2621.65
5278.59 5034.93 6708.6 4002.45 4511.82 4670.01 639.23
4397.46 5010.87 2659.91 4747.29 3253.33 6664.53 2603.35
5124.64 4124.7 718.27 2065.99 2522.37 3987.79 2973.51
5803.39 6996.68 2641.66 7204.43 4448.67 6191.14 4899.93
3336.18 2041.91 6194.58 5141.24 3708.23 4747.95 2800.49
6308.85 5751.25 3360.66 7404.03 4838.4 709.43 1667.63
5160.21 6292.24 4672.53 2820.36 7977.27 2953.58 5053.63
3166.7 5306.66 1774.44 3669.98 3430.51 3975.91 4951.29
3795.58 6967.88 109.11 3968.52 4455.65 2678.14 6225.04
5520.57 4256.06 3192.91 2163.36 4141.61 4858.21 3301.11
5410.86 1426.88 4203.31 1967.16 3571.84 7543.58 4369.3
119 5138.67 1319.39 4656.11 6099.11 3351.88 1081.95
5490.02 1518.25 4269.86 2948.38 3524.71 4163.0 5112.84
4040.48 970.05 2407.61 2496.52 3627.88 2215.93 6049.02
5765.24 2538.33 6362.56 3030.36 2599.49 1086.97 3405.23
3426.7 1683.77 5512.06 3788.38 3311.75 7068.46 5757.13
1146.76 1578.4 3313.13 1781.57 5189.46 452.27 909.19
3767.67 5739.38 5434.96 2630.88 4490.75 1230.03 3051.71
2545.34 2956.96 2448.41 4683.1 1013.08 5201.06 5733.09
2988.9 918.21 1667.34 3311.5 2662.79 6808.46 1697.47
5859.3 1272.7 5367.58 6018.99 3315.41 7912.89 4399.28
2342.7 3427.58 5794.66 1996.8 6743.06 4067.36 589.27
3296.52 5982.95 3848.84 4430.77 1863.45 5725.39 3059.04
1945.6 4430.64 6606.78 5203.26 7219.55 4660.89 2764.03
228 3908.64 1510.0 3300.85 4735.41 2316.37 554.13
4811.02 567.72 4174.16 1610.61 2462.67 2754.7 3831.69
3464.67 732.46 2915.52 1433.5 2825.42 1808.7 4634.72
4755.95 2052.71 5049.93 2625.75 1188.25 2381.99 2011.88
2879.46 315.98 4098.19 2374.05 1935.05 5871.42 4507.6
1637.57 2806.64 2000.26 2912.94 4244.23 1789.85 508.73
2595.18 4507.1 4917.61 2204.12 3631.81 762.61 1694.8
2776.11 2777.28 1055.27 4742.32 451.61 3787.42 4354.62
2518.86 2067.12 966.11 1949.01 3885.37 5502.55 1350.96
4803.03 1257.83 3997.44 4857.49 2335.51 6639.3 3669.22
1103.58 3686.42 4385.56 910.56 5649.57 2921.09 1895.57
2938.26 4926.17 2835.06 3073.87 892.07 4818.83 1973.4
2065.32 3016.73 5484.15 3966.2 5955.27 4779.56 1926.62
419 5925.32 1690.27 5680.97 7494.04 4036.95 2575.27
5559.49 3009.55 3817.08 4034.53 5047.3 5471.5 5982.12
4137.77 2080.11 1665.43 3350.82 4026.05 3722.37 7273.07
6215.12 2855.7 7248.42 4505.82 3859.93 1661.31 4569.3
3590.29 3070.54 6728.58 5049.57 4694.84 7733.17 6548.9
1389.83 2030.33 4753.48 342.3 5593.74 1080.55 2319.14
4564.2 7230.05 5326.13 2862.0 6019.99 2755.42 4457.02
2096.24 2839.12 3813.35 4017.84 2310.93 6460.85 6784.37
3165.62 1885.03 2520.53 4412.98 2780.27 7670.24 2261.95
7388.82 1881.35 6405.31 6664.96 4844.88 8689.2 4622.24
3385.85 2714.03 7085.4 3492.21 7263.53 5578.28 1567.66
3287.66 6484.3 5377.84 5467.5 3373.13 6048.4 4574.65
3335.29 5695.38 7173.79 6690.63 7993.64 3934.96 3353.16
19 6349.68 2158.79 5968.99 7476.39 4489.42 2449.32
6265.8 2878.27 4631.81 4270.23 4807.98 5546.07 6363.14
4819.67 2243.45 2491.94 3706.11 4600.28 3313.49 7423.76
6794.13 3430.06 7626.86 4020.39 3970.96 946.29 4757.32
4240.63 3067.97 6884.56 5165.02 4694.76 8227.6 6974.63
1860.58 1213.2 4683.74 1189.39 6185.66 1026.69 2292.13
4970.55 7065.13 6079.94 3468.42 5647.15 2550.22 4432.42
2877.25 3558.04 3832.67 4863.56 2371.58 6580.2 7060.49
3800.99 1278.1 2846.48 4642.6 1929.91 8063.81 2705.22
7094.54 2270.73 6688.75 7162.66 4572.18 9132.1 5269.64
3638.07 3556.04 7177.62 3345.48 7820.02 5373.03 1089.9
3986.21 7044.21 5102.34 5746.76 3197.76 6674.6 4365.0
2796.16 5809.27 7709.84 6534.69 8435.26 4785.64 3833.66
123 2182.75 3894.06 3062.76 5964.58 2127.64 4884.83
558.04 4883.05 2323.2 3258.48 5863.23 4327.48 2521.43
1210.78 4246.37 3872.21 2944.28 1543.63 6080.79 4762.31
1189.07 2610.2 3255.88 6795.24 3880.68 6196.49 3483.64
1762.36 4423.34 4401.53 3964.68 4510.76 2921.75 2480.12
4168.29 6699.23 4885.95 5170.57 721.74 5167.23 4646.37
2197.32 6687.48 1097.12 2545.1 7110.13 5123.87 4581.98
3340.47 2524.54 4297.66 2887.79 4409.05 4489.65 3645.53
2203.01 6049.52 3548.04 3252.63 7755.55 3467.96 3439.2
7573.01 3871.87 3391.67 2054.12 5938.92 4030.31 739.58
3355.6 3288.25 5016.8 4971.07 2192.48 5940.77 5720.31
2064.09 1515.22 6212.52 3060.67 5067.94 784.9 5519.84
6428.11 4175.4 2217.99 6288.02 3437.58 3079.48 2449.19
191 2107.55 4549.42 3129.11 5959.3 2604.8 5440.65
820.48 5401.0 2959.1 3659.19 6198.62 4513.69 2461.99
1907.17 4850.8 4570.55 3471.31 2138.47 6566.25 4656.97
746.17 3261.56 2927.44 7242.44 4299.69 6835.04 3792.2
2440.8 4933.87 4362.62 4203.59 4825.5 2361.05 2226.99
4830.49 7336.02 5207.91 5863.44 733.63 5818.22 5223.62
2535.95 6797.53 1468.47 3208.89 7415.09 5666.67 4931.78
4038.38 3220.53 4724.18 3472.17 4990.25 4511.89 3503.67
2875.78 6670.94 4143.01 3588.31 8401.77 3060.68 4072.14
7746.02 4510.97 3311.15 1657.49 6302.28 3469.46 1408.05
3852.09 3970.77 4977.56 5443.49 1573.65 6215.13 6351.67
2759.2 1026.45 6529.89 3177.34 5554.13 230.41 5892.8
6961.55 4313.03 1646.95 6438.43 2929.4 3668.67 3029.74
494 5594.79 4847.29 4537.01 3553.44 4940.7 3219.57
7557.16 2855.72 7442.35 3775.52 1163.2 3080.13 5322.69
6460.59 4031.35 6249.9 4322.16 5668.98 1959.93 4510.81
6929.7 5281.5 6099.7 1342.39 3192.89 4398.13 3569.75
5966.26 3096.36 4200.77 3228.71 2538.03 7333.13 5981.88
4914.09 4472.23 2154.66 5925.18 6628.59 4590.92 3556.68
4838.84 2458.73 7845.78 5444.13 405.88 2974.76 2440.68
6138.08 6073.16 2816.58 8053.68 3703.92 3800.23 5061.64
5700.71 4014.61 4279.01 3778.98 5118.64 6511.04 4699.15
1957.54 4607.3 4884.94 6596.7 1104.94 7664.41 6473.05
3870.34 7046.89 3992.35 2452.82 7485.61 1308.27 4190.85
6144.29 6959.71 856.14 4384.68 2483.07 7200.58 1530.28
2545.73 3406.85 7254.02 2124.21 7115.55 8107.45 4921.44
266 2334.15 4271.37 1248.54 1878.16 2681.53 3568.24
4808.88 3193.98 5579.49 1899.79 2414.4 459.16 2007.21
4203.19 3768.72 5440.39 2736.45 3396.36 3688.13 1486.61
3781.13 3769.73 2655.05 3945.38 1989.77 5476.35 1327.76
3970.07 2897.99 971.77 793.06 1386.36 3901.36 2597.05
4524.38 5838.51 1623.52 5927.5 3666.6 4941.78 3664.61
2230.29 2437.49 5281.64 3907.09 3354.73 3575.42 1667.92
5054.21 4535.14 2144.07 6274.95 3586.53 627.65 1629.84
3956.88 5117.07 3392.31 1556.44 6856.2 3072.19 3775.16
3388.29 4026.98 1441.82 3260.34 2653.29 4238.13 3953.81
2515.73 5746.84 1244.88 2832.29 4136.91 2142.1 5018.94
4341.38 3728.24 2603.82 1196.82 3008.57 4166.13 2398.59
4394.37 146.96 3893.27 2073.26 3671.75 6401.83 3139.09
399 5692.91 1523.01 5317.98 6908.45 3835.86 1906.04
5686.77 2343.02 4172.39 3623.49 4345.29 4940.93 5706.02
4232.65 1597.66 2095.06 3048.86 3969.59 2966.84 6800.26
6159.1 2806.6 6969.99 3742.33 3349.53 1005.13 4120.34
3640.99 2477.29 6259.0 4546.69 4112.97 7575.21 6317.76
1234.08 1460.12 4130.83 1072.59 5555.47 398.17 1701.23
4313.64 6565.33 5537.4 2856.26 5277.49 2052.49 3859.17
2397.89 3006.76 3239.52 4475.4 1751.45 5963.87 6411.96
3197.93 1150.65 2189.24 3997.7 2401.78 7406.65 2056.97
6671.74 1618.76 6038.95 6511.31 4129.76 8475.47 4662.95
2987.36 3170.67 6570.22 2822.48 7178.18 4891.84 809.66
3415.69 6404.04 4663.36 5096.56 2689.15 6054.92 3882.87
2570.96 5192.98 7064.0 6029.14 7778.7 4419.21 3185.25
462 1885.16 5222.83 2977.52 5597.08 3048.03 5904.56
1752.93 5800.75 3894.28 3931.7 6299.02 4448.11 2207.49
2744.45 5413.36 5402.77 3938.54 2777.06 6893.35 4199.77
599.58 3948.85 2261.12 7498.38 4572.77 7447.03 3928.04
3208.92 5330.91 4001.21 4223.31 4929.22 1450.16 1729.94
5517.17 7940.54 5310.96 6644.24 1192.06 6467.62 5729.43
2802.18 6571.12 2389.88 3924.25 7451.34 6104.16 5083.0
4864.82 4036.38 4995.16 4414.86 5507.18 4225.25 3047.34
3619.47 7246.24 4701.84 3772.62 9023.0 2290.04 4704.44
7591.13 5148.59 2948.17 1038.34 6442.35 2546.82 2202.07
4257.81 4873.36 4595.31 5768.24 634.76 6226.59 6951.29
3575.3 491.08 6597.82 3089.85 5898.85 802.47 6055.0
7365.48 4189.08 749.93 6272.7 2053.93 4611.35 3598.82
482 1978.69 4455.25 945.42 1976.14 2643.95 3901.06
4558.53 3548.65 5504.55 2053.66 2882.73 901.12 1634.95
4085.09 4020.1 5548.24 2849.9 3308.65 4119.74 1201.91
3436.22 3824.82 2189.0 4404.92 2270.25 5811.19 1502.93
3918.33 3217.09 657.37 1102.49 1799.75 3448.39 2175.25
4723.48 6191.95 2068.4 6134.4 3382.34 5217.04 3966.34
2131.74 2746.87 5066.66 3950.42 3811.73 3932.14 2074.82
5130.86 4551.51 2485.15 6201.44 3866.45 505.6 1161.06
3957.79 5462.58 3578.09 1681.51 7226.69 2603.54 3931.56
3757.32 4221.74 984.9 2854.21 3119.01 3769.12 3782.0
2697.25 5768.49 1135.3 3217.27 3719.36 2605.64 5341.53
4314.49 3356.27 3071.83 974.84 3393.18 3850.1 2853.94
4813.14 544.55 3472.44 2439.52 3204.79 6339.24 3178.72
426 4486.27 2433.61 3685.21 4439.94 3145.48 799.67
5731.39 451.42 5186.11 2181.18 1709.62 2731.03 4339.87
4433.16 1615.52 3829.89 2316.91 3743.68 827.54 4657.78
5515.17 3058.57 5467.61 1616.36 1563.19 2419.72 2366.43
3863.41 843.65 4157.02 2489.61 1802.3 6440.91 5040.57
2489.95 2707.11 1664.0 3565.23 5055.56 2266.25 1132.51
3299.13 3949.73 5881.77 3212.28 2734.09 586.05 1519.23
3748.13 3788.93 1177.07 5750.36 1288.36 3789.86 4629.48
3519.47 2029.86 1977.71 2417.04 3682.34 5922.78 2356.0
4047.91 2202.96 4310.8 5486.15 1504.86 7094.35 4591.04
1901.2 4666.82 4306.72 368.65 6326.57 2260.72 2045.41
3944.55 5646.96 2036.96 3465.95 205.97 5640.29 1251.13
1300.05 3060.46 6137.9 3420.17 6435.18 5783.58 2869.89
391 2715.21 1554.64 2464.45 4755.69 887.02 2023.79
3321.16 2024.14 3004.11 1024.9 3386.77 2665.16 2743.32
2026.45 1500.23 2540.36 181.52 1332.25 3245.77 4192.6
3324.57 906.2 4010.56 4008.32 1340.36 3551.86 1588.29
1493.1 1575.96 3656.3 2188.96 2266.43 4612.48 3340.3
1854.78 4035.73 2552.19 3235.95 2779.02 2642.27 1812.78
1336.63 4936.31 3467.19 1063.2 4657.73 2257.33 2187.93
2148.16 1724.61 1664.21 3656.0 1585.37 3468.11 3564.98
1245.03 3328.0 802.35 1351.59 5125.39 4439.66 985.61
5523.35 1377.55 3184.07 3556.79 3372.99 5497.61 2178.84
608.29 2892.27 4117.59 2173.63 4280.37 3660.94 3049.75
1688.98 3526.51 3769.77 2262.57 2244.33 3343.33 2950.67
3561.16 2766.33 4141.15 4425.11 4800.81 3740.68 456.35
314 4059.22 1843.81 4305.8 6905.86 2419.31 3449.82
2884.57 3693.34 1147.42 3212.21 5471.91 4839.97 4254.11
1595.03 2590.45 1130.21 2383.67 1922.23 4894.41 6163.92
3837.19 1296.03 5414.53 5737.72 3510.45 4001.42 3753.27
1274.7 3383.31 5656.79 4364.5 4459.2 5524.47 4619.05
1977.96 4487.72 4721.36 2511.99 3215.52 2952.13 3108.74
2979.99 7138.5 2585.39 1141.85 6712.51 3731.7 4355.25
655.56 497.36 3765.28 1611.97 2895.16 5539.07 5316.02
1094.3 3995.21 2197.54 3496.95 5432.41 5762.6 1789.74
7696.98 2002.86 4952.43 4502.05 5405.04 6588.63 2147.12
2765.94 720.74 6182.75 4032.93 4901.33 5812.65 3617.98
833.44 4147.23 5857.41 4155.36 4032.28 3547.23 5002.25
4923.12 4898.13 4871.67 6625.96 5925.55 1639.16 1894.76
388 1408.62 5648.06 2106.05 4058.61 3291.06 5813.9
3353.98 5584.08 5216.32 3668.98 5469.73 3469.45 1443.21
3819.06 5571.64 6236.39 4057.45 3445.53 6461.86 2595.93
1830.95 4525.52 525.94 6899.13 4219.74 7603.57 3402.25
4060.89 5146.43 2555.69 3431.28 4211.2 816.17 783.51
5953.63 8060.44 4556.18 7269.18 2281.93 6758.45 5740.49
2787.65 5188.37 4001.78 4566.85 6454.8 5944.45 4439.32
5711.08 4913.27 4590.89 5834.61 5558.88 2881.78 1558.55
4362.53 7325.68 4915.36 3367.35 9148.69 497.92 5078.45
6282.8 5496.17 1659.9 923.0 5677.4 1376.12 3284.55
4207.9 5979.8 3074.15 5402.46 1359.75 5243.04 7100.41
4496.58 1537.41 5693.95 2313.36 5563.36 2343.29 5354.75
7066.95 3135.43 1124.22 4993.01 682.82 6019.84 3975.4
446 5949.19 3754.9 5046.49 5037.02 4722.01 2126.53
7312.32 1980.49 6660.9 3707.04 2030.39 3831.38 5763.08
6000.2 2979.55 5062.13 3897.92 5323.98 755.72 5644.72
7060.07 4584.76 6799.12 517.86 3066.01 2661.46 3785.68
5419.39 2420.66 5211.75 3739.52 2963.29 7870.86 6465.34
3717.06 2657.85 2663.29 4426.32 6621.0 3106.43 2461.9
4841.93 4159.51 7451.85 4731.2 2263.37 1845.82 2717.42
5092.52 5264.41 2645.78 7180.85 2682.8 4811.37 5866.24
5055.35 2309.39 3490.07 3890.04 3261.31 7246.96 3817.76
3812.3 3569.06 5592.53 6964.87 1737.84 8428.52 6171.49
3480.97 6011.55 5198.91 1879.22 7825.88 2577.33 2566.54
5466.74 7173.88 2103.84 4842.16 1769.19 7207.07 1889.38
794.95 4187.34 7625.17 3718.9 7798.66 7192.72 4444.43
499 6139.85 2876.22 5432.32 6131.54 4552.99 1698.44
6927.1 1895.17 5847.28 3815.05 3173.74 4529.13 6035.55
5505.14 2293.01 3966.68 3662.52 4983.12 1503.95 6452.41
7000.32 3999.5 7211.93 2012.45 3266.11 1157.09 4106.23
4891.46 2333.82 5955.97 4284.91 3599.65 8105.79 6725.25
2729.32 1135.6 3428.9 3072.3 6471.69 1860.66 1883.17
4846.72 5448.23 6934.4 4114.81 3735.58 1534.19 3317.13
4129.39 4510.35 2933.45 6267.14 2117.3 5585.33 6413.44
4469.94 861.23 2977.2 4111.43 1924.04 7667.62 3152.25
5259.71 2777.48 6084.34 7104.27 2891.96 8827.01 5802.4
3356.0 5005.28 6085.14 2160.34 7902.01 3763.38 1204.41
4817.21 7177.07 3376.53 5208.22 1984.88 7037.28 2837.98
794.79 4860.5 7735.15 4955.97 8154.05 6243.03 4080.36
154 2323.04 6533.37 3043.18 4694.49 4176.22 6755.71
3782.53 6529.27 5826.43 4611.69 6368.25 4363.59 2386.75
4508.95 6493.62 7035.65 4972.51 4246.58 7401.91 3235.7
2324.02 5369.76 1317.3 7823.69 5165.31 8532.9 4346.66
4827.55 6090.42 3314.14 4356.36 5137.02 601.64 1708.11
6839.18 8993.85 5474.39 8126.22 2893.84 7670.24 6676.3
3698.77 5902.74 4428.8 5396.86 7306.93 6888.85 5371.19
6502.3 5686.74 5535.66 6398.7 6490.92 3677.57 2363.17
5164.65 8260.72 5826.6 4312.73 10083.4 920.88 5967.64
7020.38 6392.95 2540.03 1572.4 6585.42 520.8 3956.37
5141.09 6688.48 3758.38 6346.99 1428.72 6110.28 8029.13
5250.56 1997.45 6575.52 3254.18 6508.36 2775.26 6274.32
8011.49 4020.03 1315.17 5762.6 301.24 6591.34 4850.75
32 2498.55 1902.32 2106.3 4313.83 876.65 2020.34
3486.63 1925.12 3390.88 582.68 3043.61 2222.88 2476.33
2299.09 1677.12 2971.9 266.52 1523.54 3090.96 3779.71
3292.07 1340.94 3735.49 3805.08 975.11 3712.28 1147.23
1825.47 1455.67 3239.93 1746.65 1857.27 4442.67 3115.47
2190.2 4178.32 2164.15 3594.22 2797.71 2877.65 1877.98
1141.56 4506.33 3703.14 1493.87 4318.6 2216.23 1805.46
2589.26 2151.96 1350.54 4055.89 1677.21 3038.2 3209.73
1639.83 3450.86 1059.32 916.49 5269.75 4176.19 1353.64
5121.0 1693.37 2830.66 3409.7 3056.88 5271.26 2357.94
372.62 3330.92 3686.95 1977.43 4185.97 3277.75 3208.3
2076.51 3459.2 3421.59 1893.75 2077.49 3379.23 2631.34
3490.94 2327.72 4025.75 3999.75 4577.75 4148.78 794.48
131 3549.0 4022.71 4350.41 7258.19 3014.35 5367.41
987.28 5473.15 1442.31 4178.67 6795.05 5486.48 3878.09
1472.64 4593.62 3503.42 3630.0 2262.97 6713.87 6113.76
2499.12 2890.82 4631.43 7499.41 4734.14 6313.03 4528.85
2032.79 5052.63 5726.88 5076.95 5508.7 4168.15 3862.06
4236.13 6811.0 5862.28 4898.75 2104.3 5252.89 5070.88
3287.25 7885.14 345.23 2760.67 8067.43 5635.7 5524.93
3046.5 2398.66 5117.78 1761.48 4831.99 5779.67 5014.3
2414.43 6250.94 3977.48 4272.54 7795.77 4821.93 3721.8
8697.88 4090.82 4744.33 3403.03 6822.98 5275.14 1530.64
4081.16 2618.49 6337.09 5668.83 3368.22 6961.2 5886.86
2049.48 2811.18 7165.54 4314.57 5730.3 2003.95 6397.33
6926.47 5383.82 3454.22 7450.57 4733.18 1959.7 3040.94
315 3878.87 3587.14 4556.79 7435.48 2997.41 5046.87
1574.19 5201.21 782.33 4120.34 6686.61 5555.49 4183.49
1408.07 4231.71 2908.69 3467.47 2237.09 6441.94 6383.44
3011.1 2581.06 5062.22 7253.89 4619.2 5826.96 4537.01
1823.29 4809.72 5958.54 5118.19 5462.72 4725.82 4268.22
3770.08 6317.83 5795.88 4306.85 2528.32 4770.85 4730.67
3373.04 7959.24 997.69 2431.88 7961.14 5323.21 5443.92
2490.21 1950.22 4973.9 1103.67 4497.05 5966.43 5330.3
2119.24 5797.09 3673.63 4272.07 7270.24 5294.33 3362.83
8704.82 3689.96 5029.69 3883.93 6685.28 5836.73 1700.36
3918.67 1967.22 6555.97 5446.93 3951.73 6907.89 5424.78
1696.37 3334.22 7065.79 4488.29 5489.06 2549.64 6261.74
6587.82 5495.62 4013.45 7497.98 5262.46 1302.28 2868.28
65 5461.61 2019.46 4846.14 5920.23 3786.19 1031.93
6092.04 1371.63 4993.34 3167.81 3133.33 4125.86 5389.88
4661.04 1457.67 3159.21 2898.33 4167.81 1625.62 6051.87
6232.95 3153.0 6605.09 2379.68 2691.51 936.65 3536.33
4046.31 1722.64 5531.27 3813.52 3216.62 7420.72 6064.12
1883.28 1276.36 3131.05 2422.7 5685.65 1108.48 1109.57
4127.77 5409.65 6083.89 3264.2 3956.56 991.63 2937.43
3288.76 3652.56 2430.69 5425.34 1325.46 5186.63 5879.05
3620.58 554.33 2158.87 3497.97 2334.64 7058.46 2303.57
5400.55 1920.86 5530.69 6395.88 2887.42 8197.48 4975.23
2640.97 4177.57 5738.48 1776.01 7166.47 3708.84 606.6
3961.69 6425.73 3414.44 4619.27 1608.39 6242.28 2709.82
1221.48 4430.58 7011.39 4887.13 7513.39 5407.31 3271.98
19 2467.67 6602.6 3291.7 5091.85 4259.05 6924.13
3592.46 6719.19 5700.18 4790.01 6664.73 4663.44 2585.31
4439.51 6613.94 7022.79 5087.6 4254.1 7636.16 3628.18
2206.66 5403.14 1645.63 8089.83 5366.96 8663.03 4566.84
4804.17 6271.13 3678.24 4623.38 5402.4 519.89 1884.84
6907.6 9132.68 5750.01 8160.31 2811.72 7770.85 6825.36
3817.55 6285.13 4228.66 5417.6 7637.28 7070.81 5626.37
6485.61 5661.49 5750.53 6245.09 6631.22 4030.05 2706.02
5164.44 8404.76 5932.04 4511.23 10224.22 1295.85 6043.69
7397.53 6476.56 2847.59 1587.95 6872.55 752.28 3883.72
5288.45 6613.96 4143.78 6562.39 1205.16 6430.73 8158.81
5214.81 1884.86 6886.11 3492.76 6719.57 2611.25 6547.94
8225.04 4327.09 1162.36 6128.43 681.97 6440.37 4917.68
429 6282.53 3427.93 5478.68 5824.43 4838.29 2004.98
7323.2 2052.48 6402.55 3965.16 2811.25 4415.44 6140.01
5936.5 2750.79 4607.62 3961.95 5346.63 1195.0 6300.9
7260.06 4451.92 7258.96 1424.99 3360.55 1872.5 4164.88
5330.78 2522.2 5833.46 4241.15 3499.05 8240.01 6840.54
3320.3 1786.94 3261.87 3779.03 6766.69 2529.64 2274.1
5059.75 5022.34 7383.35 4581.24 3172.26 1766.84 3226.7
4727.04 5034.68 2976.32 6859.3 2514.37 5444.97 6391.28
4928.05 1574.57 3380.72 4215.78 2354.79 7713.31 3623.66
4719.44 3292.63 6086.4 7276.67 2517.31 8888.11 6184.84
3599.89 5623.0 5890.74 2164.59 8106.86 3387.2 1899.82
5304.01 7410.38 2946.51 5261.46 2005.51 7344.48 2564.34
500.16 4763.06 7924.12 4559.94 8232.73 6847.19 4442.32
208 2946.93 2529.12 2135.15 3501.38 1898.92 1743.01
4527.33 1417.75 4523.73 745.83 1907.25 1459.8 2786.51
3428.96 1933.76 3831.56 1348.58 2627.18 2281.64 3330.24
4071.69 2413.06 3917.81 2860.59 189.56 3651.34 811.37
2969.51 1056.11 2795.44 1069.33 772.06 4891.44 3488.43
2748.85 4041.99 1029.49 4124.55 3678.73 3088.11 1811.54
1870.75 3474.36 4802.33 2574.77 3181.37 1798.33 665.46
3540.29 3235.6 378.97 5178.74 1733.39 2482.33 3121.76
2765.59 3308.11 1683.44 879.55 5093.21 4373.46 2115.32
4003.35 2270.85 2784.78 3957.72 1944.87 5541.54 3430.94
932.95 4362.75 3085.77 1190.96 4815.18 2139.33 3180.48
3207.69 4169.43 2281.49 1913.54 1351.54 4263.7 1521.4
2855.11 1711.49 4616.18 2947.71 4879.86 5262.36 1933.85
315 5655.3 1817.49 5636.79 7830.69 3810.0 3277.43
4773.97 3673.62 2804.06 4154.04 5717.6 5741.36 5781.28
3453.71 2541.33 791.11 3346.3 3574.07 4613.13 7384.43
5665.79 2513.38 7017.52 5442.1 4166.16 2834.19 4723.87
3009.75 3586.48 6845.74 5281.39 5095.51 7301.51 6258.22
1636.14 3228.59 5237.9 865.53 5037.42 2022.74 2953.52
4382.7 7758.84 4439.72 2450.58 6811.04 3516.43 4900.23
1330.18 2159.67 4240.84 2894.45 2850.72 6636.88 6723.82
2655.2 3004.37 2673.58 4516.51 3960.14 7406.3 2273.95
8068.76 2078.41 6344.17 6249.77 5558.46 8328.04 3990.57
3535.86 1632.43 7282.94 4135.04 6732.5 6193.64 2648.83
2618.32 5963.41 6078.2 5444.93 4054.72 5413.97 5229.21
4350.31 5903.39 6680.64 7219.45 7645.66 2790.74 3134.39
73 2400.27 6147.99 2148.2 2436.42 3993.45 5788.07
4985.99 5450.16 6530.59 3798.45 4654.8 2783.85 2131.44
5062.11 5822.6 7064.78 4483.05 4452.26 6013.08 1055.09
3519.09 5287.69 1372.54 6233.0 4134.9 7692.87 3312.1
5108.74 5098.4 1385.62 3007.55 3704.42 2567.89 2047.65
6436.36 8087.19 3945.95 7839.46 3796.83 7036.86 5826.57
3415.17 3702.93 5606.64 5379.99 5363.45 5833.63 3982.5
6588.13 5884.98 4384.96 7202.28 5705.12 1790.69 1055.81
5284.96 7353.6 5296.92 3422.74 9130.94 1470.76 5590.83
4834.12 5937.91 1434.55 2632.81 4918.81 2327.25 4604.84
4442.05 7067.07 1597.71 5128.15 3218.54 4261.82 7213.72
5546.76 3280.82 4768.28 2353.49 5303.96 4033.45 4705.59
6717.47 2437.37 2981.42 3654.35 2035.24 7370.19 4648.82
215 4913.71 1239.87 4905.6 7169.22 3069.24 2857.34
4150.7 3212.88 2351.42 3461.89 5211.44 5072.79 5039.45
2777.55 2040.11 225.25 2637.76 2841.59 4269.65 6670.93
4959.73 1771.63 6275.59 5117.21 3528.87 2872.65 4033.81
2297.09 3051.83 6134.99 4606.08 4476.88 6576.08 5517.74
1157.83 3330.66 4650.38 1221.36 4330.96 1889.8 2513.36
3643.0 7166.17 3875.81 1709.18 6361.99 3120.78 4300.95
653.35 1465.6 3647.69 2604.72 2365.87 5939.01 5988.65
1924.82 2946.59 2029.54 3816.55 4206.98 6665.36 1603.93
7544.95 1497.81 5609.59 5520.32 5078.68 7594.72 3300.04
2862.25 1298.61 6587.24 3646.59 6024.83 5653.24 2567.83
1927.93 5251.69 5583.63 4716.99 3590.28 4730.93 4722.29
4120.96 5217.03 5964.83 6630.36 6910.4 2547.46 2396.56
400 2141.87 6020.54 2019.54 2701.68 3812.6 5748.83
4684.38 5427.75 6277.52 3708.35 4756.48 2829.28 1898.09
4812.85 5734.99 6888.58 4352.97 4231.86 6053.38 1267.32
3206.12 5111.63 1046.5 6316.22 4088.74 7644.07 3251.52
4887.88 5057.21 1494.3 3004.0 3732.1 2244.96 1747.71
6313.55 8051.06 3998.1 7708.69 3504.22 6952.02 5767.73
3235.55 3943.05 5310.08 5196.69 5526.93 5810.06 4004.62
6402.04 5680.5 4364.65 6943.17 5634.78 1898.86 918.45
5084.14 7314.13 5182.79 3338.2 9106.3 1148.91 5457.38
5071.28 5818.76 1295.1 2313.04 5011.37 2070.87 4342.1
4343.69 6850.1 1808.55 5128.77 2889.12 4394.4 7158.5
5328.42 2961.59 4893.61 2236.34 5303.39 3722.15 4774.37
6743.29 2474.98 2652.11 3860.18 1728.34 7114.07 4480.75
352 4112.73 4903.15 3020.96 1688.3 4061.12 3626.73
6468.5 3189.47 6896.22 2972.37 1353.93 1589.32 3791.41
5654.02 4187.66 6257.98 3760.87 4823.16 3023.57 2600.67
5547.77 4845.45 4346.14 2886.41 2640.28 5339.9 2521.64
5293.32 3143.14 2347.28 1960.68 1681.54 5639.73 4375.88
5079.04 5573.19 1475.0 6364.01 5381.72 5144.92 3869.38
3754.47 1048.37 6881.61 5004.2 1713.4 3496.42 1824.72
5988.64 5665.87 2477.02 7571.2 3903.99 1967.75 3285.79
5158.78 4944.39 4106.84 2786.26 6438.19 4725.25 4547.55
1664.04 4640.84 3182.28 5045.12 1645.95 5842.81 5509.2
3377.35 6811.58 2071.96 2709.9 5918.71 777.61 4981.09
5589.76 5508.84 1265.74 2933.37 2849.76 5908.13 1705.7
3771.48 1808.36 5673.41 507.93 5343.72 7668.78 4307.83
198 4034.62 861.64 4024.46 6366.6 2182.51 2485.24
3520.17 2756.81 2117.17 2636.61 4630.27 4269.32 4154.12
2078.86 1621.66 916.75 1795.28 1998.22 3933.74 5806.99
4164.05 886.59 5394.21 4781.39 2787.83 3090.34 3207.0
1522.94 2489.95 5274.76 3796.21 3748.68 5736.31 4642.91
1021.4 3587.42 3964.3 1922.45 3538.57 2030.46 2140.06
2756.17 6451.0 3356.4 838.3 5841.15 2766.37 3603.32
569.53 826.71 2972.46 2586.41 1935.52 5094.46 5103.91
1104.62 3048.36 1337.04 2977.02 4581.66 5788.44 895.86
6916.13 1027.69 4725.33 4673.8 4535.95 6737.09 2554.73
2075.97 1464.68 5744.01 3129.48 5221.34 5019.32 2676.6
1240.5 4443.25 5012.59 3839.22 3110.77 3981.72 4148.84
3941.31 4389.21 5145.73 5922.97 6048.89 2596.88 1510.91
305 989.89 4000.89 103.58 3001.07 1851.6 3854.87
3516.37 3588.2 4583.05 1733.93 3511.11 1578.72 690.86
3130.67 3744.37 4907.87 2333.36 2406.84 4427.63 1936.05
2429.16 3133.37 1729.35 4879.25 2216.75 5709.82 1379.79
3049.86 3170.65 1482.8 1427.07 2197.04 2761.04 1365.89
4294.47 6142.12 2557.51 5689.12 2340.15 4960.45 3826.93
1279.45 3770.75 4033.6 3233.11 4601.15 3958.9 2412.35
4441.15 3771.47 2568.07 5276.24 3672.38 1523.47 1110.74
3168.16 5402.59 3167.97 1387.35 7218.51 2185.06 3437.87
4740.37 3800.91 729.84 1965.97 3694.06 3350.66 2780.43
2347.24 4975.85 2081.97 3377.06 2854.54 3372.81 5214.12
3472.88 2386.05 3775.92 279.29 3541.21 2819.89 3347.93
5040.66 1315.77 2621.97 3424.98 2692.94 5425.72 2489.8
442 6673.38 3285.82 5968.02 6598.22 5068.07 2225.03
7401.73 2431.3 6230.64 4349.71 3609.3 5046.81 6571.13
5968.02 2767.63 4270.33 4177.37 5475.12 1940.85 6965.27
7516.68 4459.37 7747.91 2301.5 3802.17 1240.68 4641.87
5352.96 2868.59 6474.07 4812.89 4117.51 8639.18 7260.21
3107.5 989.77 3932.11 3240.96 6980.56 2160.01 2388.96
5374.07 5858.9 7384.42 4566.76 4048.73 2069.21 3835.9
4483.79 4924.38 3467.19 6614.72 2617.73 6099.5 6945.58
4924.14 1099.75 3465.84 4647.47 1490.39 8203.61 3609.33
5593.48 3214.0 6618.18 7634.54 3320.35 9363.13 6285.12
3882.23 5330.93 6587.54 2687.79 8427.54 4195.3 1480.19
5253.7 7698.44 3779.74 5744.06 2513.17 7542.09 3306.59
1191.05 5381.59 8263.03 5381.51 8690.01 6577.96 4576.36
167 4571.16 4150.27 3521.33 2959.33 3955.72 2646.66
6554.41 2226.36 6559.48 2786.85 180.1 2083.7 4304.46
5503.56 3360.0 5553.82 3397.63 4697.43 1778.76 3675.33
5902.08 4409.71 5126.23 1622.64 2239.0 4181.32 2548.0
5036.49 2340.65 3305.11 2203.6 1514.33 6335.23 4971.1
4267.08 4368.77 1132.52 5428.17 5606.33 4136.71 2946.5
3824.15 2166.41 6864.37 4573.5 1107.2 2456.42 1439.87
5377.34 5220.75 1902.15 7194.09 3043.1 2898.64 4106.16
4803.16 3783.93 3477.3 2764.33 5188.55 5548.52 3914.8
2183.41 3895.7 3904.07 5576.71 393.72 6714.71 5485.29
2953.47 6263.43 3190.6 1757.31 6465.5 500.3 3871.02
5248.05 5932.66 208.27 3363.27 1848.86 6176.31 667.31
2515.38 2423.28 6235.9 1677.2 6143.92 7262.07 3993.96
286 5282.1 2742.26 5597.37 8203.7 3717.35 4412.45
3637.03 4725.59 1430.92 4494.92 6630.0 6130.08 5501.94
2664.7 3558.26 1413.52 3655.46 3171.19 5851.49 7460.78
4857.54 2575.1 6617.17 6702.52 4745.7 4464.07 5044.41
2514.75 4485.84 6956.78 5653.79 5704.3 6587.83 5811.51
2746.56 4896.04 5943.0 2577.35 4266.51 3518.33 4063.32
4271.55 8399.26 3148.37 2429.2 7837.16 4686.8 5578.83
1434.63 1799.76 4961.3 1243.89 3884.04 6841.56 6588.28
2394.06 4568.74 3334.77 4791.13 5677.68 6938.62 2895.35
8907.26 2968.77 6230.34 5614.2 6533.6 7680.91 3208.58
4009.71 585.1 7485.13 5119.43 5892.8 7012.22 4192.6
2078.79 5180.93 7012.33 5452.11 5090.15 4485.44 6148.46
5746.66 6197.06 5901.73 7879.37 7043.07 1104.23 3192.83
328 2301.64 4378.75 3278.89 6145.15 2559.28 5352.2
503.21 5337.68 2653.52 3660.2 6238.6 4619.8 2654.14
1678.64 4726.05 4324.3 3399.28 2016.94 6524.17 4875.3
1030.89 3095.05 3206.44 7223.5 4292.71 6681.16 3840.06
2244.15 4874.74 4557.19 4285.39 4873.35 2679.47 2481.17
4652.34 7183.82 5253.01 5638.68 838.69 5652.03 5119.78
2562.22 6940.01 1153.38 3029.37 7471.46 5587.27 4962.45
3797.01 2989.25 4713.97 3155.96 4883.35 4684.42 3730.45
2685.94 6532.58 4025.17 3622.18 8240.4 3358.36 3923.09
7863.19 4356.38 3516.42 1946.07 6328.15 3788.29 1224.44
3799.8 3687.02 5173.82 5408.17 1892.05 6284.81 6204.44
2531.69 1329.4 6579.24 3307.2 5510.7 518.56 5913.16
6889.21 4439.18 1965.32 6563.71 3243.7 3352.84 2920.99
311 2365.3 6515.89 2605.01 3528.22 4210.2 6414.38
4577.76 6121.15 6393.83 4309.91 5586.3 3625.49 2234.59
4965.84 6315.88 7254.63 4862.99 4501.33 6824.4 2122.56
3054.87 5497.54 1002.88 7128.46 4758.49 8283.88 3911.88
5142.69 5724.82 2345.07 3747.15 4502.0 1690.73 1804.98
6816.73 8710.46 4790.71 8184.07 3485.3 7529.62 6400.71
3653.0 4790.49 5225.07 5561.4 6385.16 6499.34 4766.15
6744.61 5976.25 5069.5 7027.44 6248.58 2745.58 1597.03
5399.51 7970.95 5715.72 3957.04 9780.91 726.1 5944.81
5920.84 6334.34 1919.63 2144.25 5834.04 1238.0 4448.96
4919.31 7093.1 2665.98 5856.12 2467.33 5242.57 7789.44
5584.58 2759.61 5737.42 2831.85 6028.1 3567.02 5578.39
7495.24 3268.85 2266.42 4720.54 1071.16 7209.37 4897.94
314 2597.01 2895.66 3174.51 6039.38 1632.92 4058.72
1315.09 4125.93 1538.91 2789.27 5400.83 4164.07 2869.55
149.13 3340.56 2813.08 2244.49 872.71 5359.71 5021.94
2110.87 1642.04 3880.85 6129.05 3339.04 5213.57 3165.38
750.94 3691.07 4580.1 3734.24 4125.23 3822.82 3071.85
3155.35 5717.25 4473.86 4109.98 1499.4 4168.27 3784.95
1974.94 6568.91 1347.11 1548.51 6673.87 4317.25 4133.24
2279.5 1462.35 3724.02 2210.05 3544.45 4573.67 4008.89
1192.37 5095.64 2676.26 2903.97 6756.06 4177.58 2491.53
7339.93 2904.85 3687.33 2837.2 5428.01 4907.9 431.68
2693.13 2304.18 5171.03 4293.94 3170.68 5577.39 4751.56
1002.72 2426.96 5772.36 3096.04 4363.94 1815.75 5002.37
5620.6 4097.42 3152.16 6115.17 4266.11 2376.52 1665.93
124 4668.16 2683.65 5057.37 7750.4 3209.46 4330.62
2951.97 4594.5 754.01 4096.22 6392.49 5707.49 4905.26
2016.69 3466.83 1586.3 3282.38 2597.13 5779.2 6929.28
4180.93 2198.66 5986.69 6626.7 4422.84 4672.89 4622.5
1949.97 4297.79 6439.48 5234.81 5366.18 5914.24 5178.5
2763.96 5135.92 5635.64 2932.55 3597.07 3661.6 3984.91
3739.73 8033.43 2476.99 2038.94 7632.13 4611.61 5269.5
1357.32 1377.16 4684.69 799.08 3780.64 6351.93 6012.41
1918.7 4721.48 3114.05 4361.11 6000.4 6295.08 2698.18
8611.79 2871.68 5663.27 4953.19 6324.51 7011.24 2549.46
3677.43 515.32 6987.81 4946.07 5210.92 6730.33 4340.85
1538.79 4505.39 6777.98 4926.98 4940.1 3801.52 5922.55
5763.26 5743.08 5224.19 7525.92 6380.2 762.98 2760.92
162 4147.59 874.18 3690.41 5364.81 2375.99 816.05
4649.57 1118.44 3728.1 1987.86 3123.11 3339.09 4124.75
3231.08 60.71 2276.7 1508.53 2718.99 2264.35 5168.57
4808.8 1732.49 5378.13 3112.45 1730.01 2069.52 2480.8
2619.41 987.11 4625.83 2925.25 2570.49 6079.56 4766.24
968.53 2548.01 2662.99 2259.78 4248.48 1256.1 474.52
2777.38 5175.93 4669.1 1858.7 4263.38 1097.58 2345.02
2194.57 2336.69 1690.74 4246.73 271.61 4341.29 4778.57
2207.57 1839.29 711.63 2359.82 3638.91 5822.31 902.4
5469.6 647.06 4408.05 5032.95 2980.92 6922.51 3527.75
1362.93 3116.08 4958.62 1548.8 5769.33 3591.61 1565.63
2582.23 5015.53 3490.5 3466.97 1492.6 4799.18 2633.71
2323.58 3572.29 5627.32 4635.16 6228.85 4264.62 1826.43
73 3320.72 1547.3 3480.24 6059.35 1588.28 2925.92
2682.8 3094.97 1662.22 2378.19 4733.05 3997.95 3484.34
1229.94 2115.89 1590.26 1566.45 1203.52 4330.92 5328.93
3321.47 501.28 4685.55 5153.37 2720.03 3862.8 2911.35
665.97 2727.33 4817.28 3523.35 3653.37 4929.52 3907.99
1789.37 4365.5 3934.21 2771.91 2693.67 2808.57 2610.15
2158.83 6314.57 2577.4 337.72 5992.36 3202.9 3568.71
1063.16 350.43 3009.76 2283.56 2375.94 4693.4 4512.47
286.68 3773.01 1562.05 2653.1 5390.14 5057.74 1243.9
6908.38 1600.49 4143.17 3876.31 4691.1 5955.65 1696.63
1975.97 1565.11 5337.96 3375.22 4383.78 5038.11 3416.28
440.96 3608.29 5118.47 3322.25 3400.72 3124.96 4277.31
4468.33 4051.36 4318.81 5807.88 5275.41 2358.46 1049.64
210 5467.69 2269.56 5630.78 8068.43 3742.07 3899.36
4168.5 4253.02 2041.72 4336.04 6238.25 5972.19 5646.08
3000.69 3078.58 863.32 3490.74 3329.53 5307.01 7457.37
5244.31 2479.33 6828.18 6152.76 4483.13 3733.91 4904.27
2693.41 4076.56 6933.74 5498.15 5441.69 6944.4 6037.28
2199.55 4147.83 5639.33 1800.86 4628.15 2840.75 3555.42
4317.95 8142.21 3750.13 2364.42 7400.27 4162.0 5283.23
1171.44 1856.13 4638.87 2007.56 3405.25 6774.51 6676.15
2446.79 3869.64 3000.96 4667.97 4897.7 7183.2 2559.98
8561.31 2521.57 6304.97 5926.75 6112.71 8012.83 3556.34
3779.76 875.13 7423.97 4681.6 6303.46 6665.73 3500.67
2255.84 5558.73 6613.21 5462.12 4629.38 4925.71 5749.94
5130.03 6083.37 6283.98 7610.66 7350.89 1884.88 3128.93
387 1608.99 3900.06 2519.72 5410.1 1857.31 4705.85
1100.07 4655.01 2766.12 2909.03 5464.77 3836.88 1950.04
1450.57 4144.51 4079.64 2731.9 1455.75 5814.9 4190.51
796.95 2618.7 2705.83 6490.41 3548.46 6154.22 3061.86
1873.41 4186.9 3837.96 3500.63 4095.79 2504.31 1918.32
4190.73 6652.19 4476.68 5306.29 181.72 5156.08 4499.02
1792.36 6168.76 1671.84 2588.3 6691.85 4926.91 4192.58
3540.67 2711.09 3972.65 3375.4 4268.41 3939.34 3070.92
2281.05 5973.28 3433.13 2849.74 7727.17 2943.86 3396.4
7081.64 3839.47 2820.44 1551.11 5561.42 3596.13 895.04
3104.18 3624.17 4454.16 4691.6 1863.48 5501.74 5664.26
2253.17 1107.48 5801.75 2534.78 4803.2 655.99 5149.52
6217.8 3662.58 1832.74 5785.06 2969.17 3561.15 2318.68
302 780.98 3552.64 1402.3 4310.97 1202.42 3969.47
2221.35 3834.6 3392.74 1947.65 4385.39 2692.65 1010.91
1922.59 3573.4 4125.84 2050.61 1358.19 4909.56 3183.28
1411.99 2402.54 2141.5 5520.37 2588.78 5626.49 1982.08
2005.11 3366.9 2775.55 2371.46 3008.97 2537.5 1364.44
3858.31 6105.19 3392.61 5150.24 1102.94 4715.49 3827.08
826.15 5026.05 2723.73 2445.9 5588.0 4152.39 3135.2
3607.84 2832.64 3011.68 4071.6 3618.41 2832.8 2146.52
2259.31 5387.14 2881.09 1802.59 7196.57 2513.71 2989.68
5935.99 3420.43 1830.45 1478.02 4505.08 3471.51 1501.61
2311.83 3965.45 3384.19 3785.13 2234.24 4383.85 5123.12
2447.78 1526.05 4707.98 1394.71 3917.92 1657.08 4105.31
5394.35 2517.24 2074.9 4638.83 2777.58 4234.86 1868.54
258 2106.58 5217.39 3196.96 5862.21 3114.17 5977.45
1544.54 5893.88 3726.07 4055.14 6475.67 4657.37 2440.25
2654.41 5451.09 5321.11 4003.38 2773.95 7010.69 4475.01
706.28 3933.91 2550.96 7636.93 4699.19 7469.82 4087.85
3155.55 5423.6 4263.11 4412.71 5101.41 1713.86 1999.6
5506.79 7966.77 5484.52 6591.81 1200.47 6474.27 5787.87
2918.12 6816.29 2164.77 3897.4 7645.05 6186.09 5243.85
4785.9 3961.94 5123.78 4219.83 5561.25 4475.97 3319.51
3579.02 7282.68 4738.82 3919.02 9043.7 2580.37 4714.1
7824.7 5157.39 3206.32 1316.16 6609.5 2796.16 2129.7
4343.78 4742.43 4861.6 5883.85 881.55 6423.85 6978.18
3499.6 719.27 6782.81 3296.58 6008.91 697.23 6215.72
7460.36 4409.5 1028.82 6506.53 2329.18 4417.57 3627.18
354 2602.23 6688.56 3463.8 5310.95 4356.63 7056.1
3548.62 6860.95 5686.24 4929.48 6850.8 4852.34 2741.03
4459.98 6724.21 7067.13 5198.01 4315.08 7796.35 3846.52
2216.6 5473.68 1850.9 8263.08 5515.5 8775.87 4724.55
4847.61 6409.32 3889.41 4799.85 5577.28 636.47 2038.09
6992.75 9249.26 5928.6 8227.1 2834.39 7870.5 6948.65
3933.3 6500.57 4176.16 5481.83 7835.61 7208.7 5796.91
6528.79 5701.8 5904.19 6214.73 6750.73 4237.52 2912.07
5218.73 8524.27 6036.33 4659.96 10341.09 1512.95 6133.81
7611.37 6569.63 3042.2 1678.06 7054.86 903.83 3904.71
5413.21 6626.57 4360.41 6715.38 1174.43 6625.93 8271.85
5250.71 1902.69 7077.43 3660.41 6870.61 2589.65 6725.11
8375.95 4518.98 1178.73 6339.12 902.22 6411.18 5005.77
462 5915.0 1942.56 5429.45 6755.27 4114.18 1742.4
6153.11 2154.53 4753.23 3721.96 4031.87 4878.28 5891.19
4696.23 1744.39 2715.57 3269.09 4347.45 2526.29 6783.21
6508.66 3219.45 7140.66 3245.37 3347.12 390.03 4166.36
4089.92 2403.04 6250.45 4523.63 3998.96 7839.95 6534.24
1694.94 885.62 3957.98 1681.09 5922.73 674.18 1650.91
4541.95 6298.98 6048.35 3292.87 4859.78 1804.66 3728.42
2981.7 3527.25 3159.64 5086.29 1783.31 5927.73 6501.63
3646.32 536.15 2429.0 4081.91 1927.45 7586.77 2405.63
6308.49 1963.96 6138.29 6787.33 3791.24 8690.59 5090.09
3120.68 3787.35 6507.17 2606.02 7499.4 4602.0 308.1
3909.51 6734.68 4319.95 5203.65 2450.21 6446.67 3596.91
2032.59 5160.08 7368.37 5771.92 7996.94 5036.99 3506.55
309 6112.07 1898.39 5762.06 7356.64 4242.89 2342.76
5982.44 2778.16 4347.53 4071.9 4755.59 5395.24 6135.01
4538.0 2048.47 2211.33 3477.36 4332.37 3318.83 7254.86
6527.57 3159.89 7400.73 4060.57 3804.39 1081.09 4572.94
3961.89 2928.65 6713.44 5001.57 4563.48 7977.26 6737.43
1596.54 1426.17 4574.02 946.35 5916.61 851.79 2151.64
4734.54 6992.12 5793.56 3193.93 5646.22 2472.12 4307.64
2590.97 3272.68 3691.83 4587.5 2206.25 6418.75 6858.15
3523.46 1353.85 2619.31 4447.09 2207.95 7834.65 2453.48
7066.76 2025.39 6484.09 6910.94 4530.96 8892.87 4992.13
3432.91 3278.94 7024.81 3254.27 7557.87 5310.36 1093.08
3702.51 6781.02 5063.78 5541.57 3115.22 6400.75 4300.62
2854.5 5647.86 7451.29 6457.78 8195.87 4512.83 3580.09
413 5087.2 6373.29 4045.59 1471.79 5393.84 5064.7
7638.13 4628.33 8274.57 4370.16 2653.86 2822.49 4738.63
6970.19 5654.39 7724.67 5186.14 6144.68 4288.02 2916.92
6544.03 6273.77 4955.6 3941.87 4093.99 6698.96 3870.33
6660.05 4608.13 2939.5 3268.86 3132.85 6284.4 5202.36
6548.21 6886.29 2945.11 7821.66 6484.57 6581.78 5322.07
5016.06 431.48 8107.42 6429.66 2308.11 4914.24 3292.3
7445.05 7089.09 3946.69 8959.16 5366.47 2689.52 3937.86
6561.35 6301.49 5572.5 4137.42 7672.27 5248.96 6011.84
1034.98 6110.97 3970.22 5899.88 2913.55 6233.21 6764.83
4821.79 8253.07 2405.32 4145.82 6720.91 2079.37 6373.1
6982.76 6446.1 2411.75 4022.84 4274.34 6962.15 3087.54
5006.28 2912.81 6468.62 962.92 5864.69 9066.41 5710.09
416 5290.02 4971.2 4212.17 3027.44 4806.34 3404.56
7386.0 3006.08 7427.58 3638.52 1044.67 2735.67 5000.23
6364.36 4167.59 6377.93 4265.64 5553.71 2290.49 4036.35
6664.85 5276.4 5703.45 1799.23 3104.94 4752.43 3359.52
5903.27 3173.61 3756.87 2948.26 2331.11 6963.37 5638.76
5068.77 4867.47 1960.9 6164.89 6404.0 4845.85 3724.85
4644.75 1924.61 7713.25 5440.17 292.73 3184.47 2291.61
6222.21 6085.62 2770.15 8060.6 3844.43 3363.33 4653.1
5671.53 4360.9 4329.6 3589.81 5570.0 6102.72 4763.58
1521.21 4721.09 4502.44 6274.9 1128.05 7242.01 6331.52
3821.86 7115.51 3508.91 2559.81 7161.94 938.23 4502.88
6116.43 6672.86 660.14 4077.52 2625.01 6965.25 1510.9
2944.87 3040.87 6924.82 1593.53 6714.26 8126.92 4861.46
213 5069.62 2991.15 4208.14 4579.32 3803.03 1320.77
6397.08 1090.04 5820.76 2799.56 1619.84 3100.7 4900.04
5098.76 2183.32 4357.87 2982.78 4409.98 163.62 4988.77
6149.32 3710.22 5979.98 980.25 2163.29 2459.47 2916.55
4526.0 1510.33 4518.54 2940.03 2187.56 7008.24 5603.05
3003.12 2629.89 1947.87 3922.55 5703.88 2585.53 1669.75
3930.72 3903.95 6548.07 3861.36 2369.07 1044.56 1918.95
4325.24 4421.79 1749.78 6368.4 1866.13 4130.94 5088.71
4175.22 2064.12 2621.11 3001.17 3480.41 6432.3 2978.48
3814.38 2779.55 4792.62 6079.99 1345.33 7611.25 5257.2
2562.63 5247.45 4587.46 963.61 6933.08 2209.62 2197.9
4595.76 6269.71 1852.75 3996.42 850.4 6289.69 1286.14
846.98 3449.17 6737.26 3403.16 6966.53 6393.17 3536.62
465 5727.68 3145.37 4905.07 5278.94 4341.92 1582.03
6874.95 1544.37 6088.36 3421.4 2279.59 3832.54 5576.18
5518.26 2400.75 4419.71 3480.47 4888.33 623.28 5721.75
6742.18 4061.95 6683.48 1091.71 2804.87 2022.0 3596.54
4922.46 2012.59 5251.62 3659.29 2915.71 7680.01 6277.95
3085.13 2076.74 2681.15 3755.44 6265.63 2437.58 1893.24
4531.38 4530.49 6970.72 4200.78 2793.34 1315.33 2643.6
4476.05 4699.98 2410.99 6584.61 2126.54 4864.24 5809.42
4537.4 1655.8 2971.72 3657.52 2816.8 7137.33 3261.59
4315.37 2976.73 5506.58 6728.16 1989.69 8313.58 5733.0
3095.76 5390.09 5317.06 1599.6 7567.03 2864.59 1898.3
4933.2 6881.82 2452.21 4689.32 1447.91 6847.36 1999.37
149.59 4179.83 7379.52 4050.56 7661.4 6587.84 3990.61
214 6709.44 3118.73 6056.88 6845.43 5040.03 2256.67
7290.46 2523.92 6020.08 4401.81 3885.86 5215.69 6627.47
5844.16 2685.09 4007.69 4153.38 5397.6 2214.03 7143.2
7484.96 4338.72 7828.1 2653.57 3889.07 921.29 4735.14
5229.68 2931.59 6640.32 4952.13 4287.57 8671.26 7307.55
2913.37 599.49 4131.43 2911.87 6931.71 1923.55 2365.45
5382.4 6155.69 7239.89 4435.3 4396.57 2145.66 4004.43
4256.8 4748.26 3583.19 6373.65 2579.57 6275.23 7062.92
4793.46 889.94 3395.55 4718.63 1210.37 8282.92 3491.95
5934.14 3076.41 6725.2 7650.14 3602.4 9431.24 6189.26
3893.44 5077.99 6785.84 2836.58 8422.35 4475.16 1258.21
5100.08 7680.6 4080.34 5830.96 2660.26 7483.19 3552.26
1484.33 5541.33 8267.11 5666.95 8750.93 6327.55 4510.3
299 4532.86 5299.8 3444.15 1721.79 4517.43 3959.21
6919.2 3523.24 7347.53 3423.68 1560.19 2035.48 4205.15
6110.48 4564.92 6667.83 4204.13 5279.62 3218.11 2846.02
5975.74 5286.26 4692.48 2961.44 3071.58 5603.49 2978.07
5746.8 3517.34 2661.44 2416.33 2118.77 6001.2 4769.45
5464.13 5805.56 1882.23 6721.38 5824.29 5475.7 4220.55
4209.74 727.77 7336.47 5445.9 1545.71 3807.65 2241.54
6412.34 6107.77 2883.02 8020.72 4271.57 2305.72 3632.0
5606.7 5206.18 4520.99 3242.45 6624.32 5054.25 4963.43
1211.36 5037.85 3558.76 5447.16 1831.71 6146.4 5965.03
3812.92 7244.97 2303.53 3040.57 6313.59 977.01 5269.84
6039.31 5927.14 1360.6 3367.02 3167.86 6345.15 1982.14
3951.21 2234.62 6066.16 285.16 5675.86 8116.41 4756.56
470 5122.78 884.18 4879.1 6775.72 3235.84 2015.4
4894.5 2426.62 3343.79 3246.53 4481.39 4725.22 5176.37
3448.26 1362.87 1304.72 2546.24 3261.65 3333.72 6494.87
5456.96 2086.96 6442.87 4164.86 3114.2 1808.24 3790.58
2872.68 2400.13 5950.27 4290.89 3988.48 6945.34 5746.96
584.4 2282.85 4083.16 848.07 4841.32 812.11 1706.8
3759.03 6590.88 4720.99 2111.11 5543.79 2244.2 3766.41
1569.08 2192.62 3110.84 3665.13 1639.88 5694.07 5982.72
2435.55 1867.08 1724.5 3624.42 3226.54 6865.7 1456.04
6835.56 1081.01 5603.19 5877.08 4307.57 7890.92 3903.79
2598.38 2369.14 6325.37 2899.55 6496.32 4980.49 1488.53
2615.44 5717.75 4833.15 4667.01 2805.54 5316.64 3996.48
3097.39 4933.57 6398.53 6049.95 7194.8 3618.45 2555.23
143 6350.46 2127.46 6006.97 7591.22 4478.02 2571.27
6172.88 3005.02 4487.21 4317.36 4964.88 5636.69 6376.34
4734.51 2293.94 2338.48 3719.1 4551.86 3497.72 7499.09
6747.62 3377.77 7642.44 4218.81 4048.01 1164.69 4818.23
4165.76 3166.97 6957.88 5244.97 4800.55 8209.51 6975.88
1823.57 1434.01 4805.08 997.05 6134.14 1093.9 2389.58
4973.79 7210.78 5966.92 3406.01 5829.91 2690.46 4542.96
2747.91 3456.27 3930.87 4696.36 2449.1 6662.02 7103.36
3730.11 1483.7 2861.8 4692.59 2104.28 8075.54 2687.17
7265.06 2262.75 6729.15 7142.55 4735.01 9130.32 5197.72
3678.12 3392.19 7266.79 3478.41 7781.88 5524.35 1266.94
3893.25 7004.25 5266.79 5786.63 3336.02 6611.86 4514.91
2999.75 5891.05 7678.22 6677.88 8433.33 4612.88 3811.72
377 5644.32 4054.1 6198.75 8992.11 4438.2 5713.34
3394.75 5985.34 1548.5 5416.73 7776.43 6994.06 5925.8
3004.88 4849.41 2823.41 4628.33 3743.88 7162.11 8063.37
4853.25 3559.11 6878.13 8011.2 5784.36 5900.06 5919.12
3149.72 5690.29 7602.37 6528.37 6715.43 6565.09 6076.19
4106.7 6334.75 6998.6 4009.18 4358.05 4938.03 5366.08
4920.65 9355.13 2769.51 3396.33 9020.98 5993.42 6632.95
2715.69 2738.89 6062.06 853.03 5166.41 7557.03 7066.08
3225.21 5993.99 4505.82 5653.44 7107.3 7126.42 4090.91
9972.9 4253.2 6741.89 5721.34 7713.7 7675.72 3439.97
5039.67 1798.67 8176.76 6338.78 5781.72 8100.53 5615.79
2801.66 5176.36 8162.15 6095.68 6332.48 4388.53 7309.45
7117.36 6997.62 5851.8 8857.69 7104.63 718.99 4076.98
132 5932.08 2547.14 5266.92 6126.66 4297.95 1475.52
6629.73 1733.69 5514.08 3617.73 3222.81 4440.74 5843.4
5199.98 1994.05 3627.35 3407.67 4699.6 1586.45 6370.16
6746.59 3692.03 7039.38 2204.2 3098.81 909.8 3944.75
4585.31 2143.4 5862.5 4166.81 3515.17 7896.12 6526.4
2393.49 1024.06 3378.01 2754.52 6206.95 1523.26 1616.75
4617.14 5509.67 6622.69 3803.11 3888.26 1355.21 3232.1
3791.61 4183.9 2794.43 5929.27 1843.37 5502.04 6273.0
4159.58 560.55 2690.37 3930.47 1965.95 7494.4 2842.63
5388.75 2457.47 5934.77 6882.18 2952.26 8644.94 5510.91
3125.25 4665.98 6024.8 2059.81 7666.14 3811.35 876.19
4498.78 6932.33 3457.61 5041.13 1883.83 6767.33 2849.28
969.75 4762.02 7505.45 5004.05 7966.21 5904.26 3800.8
227 3292.9 1079.19 2946.52 4986.8 1484.79 1496.03
3823.72 1581.18 3201.58 1322.85 3234.85 2893.22 3298.84
2451.87 902.53 2293.17 642.37 1856.83 2823.62 4576.76
3916.19 1049.51 4563.37 3628.9 1353.95 2954.11 1884.23
1862.34 1188.63 4033.2 2432.0 2312.73 5205.02 3916.29
1356.45 3438.02 2526.71 2766.43 3360.31 2058.97 1246.6
1914.08 5014.43 3904.78 1207.34 4476.97 1751.93 2164.85
2006.07 1822.39 1541.63 3802.88 1010.96 3800.21 4049.49
1506.35 2732.41 218.88 1697.21 4527.55 4999.45 580.78
5487.4 855.87 3670.97 4152.01 3170.34 6075.14 2687.16
687.57 2859.32 4442.41 1834.93 4877.96 3593.34 2451.9
1934.05 4122.64 3620.21 2732.14 1865.72 3916.54 2765.06
3056.15 3057.08 4738.91 4485.03 5379.1 3858.77 952.33
245 1116.86 3711.53 1958.24 4857.31 1479.42 4338.42
1654.93 4247.75 3058.66 2426.98 4935.82 3272.73 1435.99
1623.04 3851.41 4086.87 2370.0 1310.96 5370.98 3671.04
969.32 2472.1 2353.94 6016.32 3071.47 5893.2 2529.03
1877.42 3777.47 3296.89 2945.16 3561.78 2430.19 1545.1
4012.41 6383.53 3944.48 5222.59 530.65 4932.57 4160.84
1290.53 5601.96 2189.46 2477.24 6151.0 4542.51 3672.77
3552.31 2736.37 3497.05 3710.99 3939.02 3382.94 2577.82
2221.38 5683.32 3141.59 2330.36 7469.4 2656.45 3173.08
6516.26 3615.82 2301.23 1378.38 5043.97 3463.91 1111.58
2698.38 3776.63 3911.33 4244.06 1950.41 4953.09 5394.76
2304.67 1178.65 5265.75 1968.16 4366.03 1105.82 4637.53
5814.21 3095.58 1846.36 5218.44 2794.2 3886.26 2051.33
59 3106.26 2849.75 2200.74 3219.7 2233.08 1879.06
4844.98 1497.61 4896.86 1064.72 1561.38 1260.8 2909.69
3784.48 2202.83 4177.8 1722.28 2974.52 2158.28 3182.72
4308.95 2787.0 3972.48 2647.86 560.8 3782.45 943.43
3336.79 1230.68 2663.53 965.6 428.83 5017.11 3611.67
3053.2 4142.48 655.21 4404.87 3950.56 3307.69 2007.99
2144.14 3119.36 5141.62 2948.86 2830.34 1879.29 293.04
3900.98 3609.47 466.39 5552.91 1967.84 2318.44 3106.21
3139.2 3420.9 2025.44 1097.84 5166.95 4425.43 2463.39
3629.21 2588.72 2794.48 4126.06 1627.43 5603.57 3764.13
1306.25 4731.64 2887.94 1159.66 4998.55 1766.53 3331.89
3580.85 4384.5 1928.14 1991.41 1334.55 4531.53 1213.35
2796.08 1562.1 4789.37 2588.47 4958.9 5636.77 2304.77
80 3301.28 1185.23 3313.57 5762.66 1452.08 2467.26
3031.62 2631.98 2118.49 2039.82 4298.32 3678.36 3420.58
1578.64 1670.74 1625.85 1198.67 1306.61 3868.09 5122.81
3499.3 152.73 4660.14 4690.46 2315.98 3498.23 2595.8
966.39 2267.64 4597.45 3201.84 3264.89 5027.88 3911.3
1460.73 4001.89 3527.83 2614.77 2882.36 2459.34 2156.19
2028.28 5948.93 2986.53 168.78 5551.23 2743.08 3161.68
1167.62 743.93 2581.2 2722.43 1920.07 4440.79 4383.24
526.87 3380.31 1099.04 2348.8 5048.62 5055.66 798.77
6503.89 1190.22 4006.21 3961.85 4246.96 6014.87 1970.58
1571.24 1875.01 5089.79 2916.73 4544.2 4622.89 3034.5
887.03 3765.01 4684.07 3135.87 2939.35 3363.82 3836.57
4015.07 3763.34 4455.4 5433.82 5324.5 2785.26 796.78
304 5431.72 3485.77 4520.7 4584.71 4255.16 1817.93
6865.47 1588.95 6322.88 3210.43 1568.29 3308.35 5240.91
5584.78 2681.71 4842.35 3455.01 4882.39 371.7 5137.06
6563.57 4208.72 6271.85 480.28 2566.57 2744.89 3266.84
5017.33 1995.06 4696.12 3212.18 2436.07 7347.89 5942.7
3487.22 2835.39 2139.59 4345.06 6138.0 3006.61 2166.04
4348.06 3781.03 7031.46 4360.76 2042.28 1538.94 2190.34
4821.95 4923.94 2142.91 6870.41 2366.56 4297.57 5340.04
4671.96 2362.27 3121.53 3378.87 3570.17 6719.61 3480.84
3553.45 3277.96 5065.26 6449.0 1273.46 7901.18 5728.31
3025.26 5744.27 4701.04 1407.06 7313.53 2139.87 2553.31
5094.57 6669.91 1702.28 4317.35 1320.83 6724.63 1375.99
913.42 3663.87 7110.39 3312.8 7271.84 6894.41 4018.59
419 5278.31 4218.62 4259.29 3723.35 4454.19 2581.95
7087.09 2226.24 6863.12 3305.06 860.46 2863.1 5031.86
5935.26 3401.31 5618.46 3781.98 5161.86 1339.01 4494.68
6555.85 4703.61 5910.88 872.52 2691.65 3795.54 3173.85
5420.18 2491.5 4122.14 2921.78 2171.9 7093.76 5712.99
4278.78 3899.93 1796.01 5286.38 6213.34 3953.38 2921.01
4407.22 2785.08 7342.71 4864.95 995.52 2334.98 2018.54
5518.78 5483.38 2291.24 7462.42 3073.69 3715.5 4904.2
5134.71 3406.96 3678.06 3357.35 4610.93 6339.6 4090.51
2488.84 3981.84 4686.47 6294.21 656.34 7511.2 5982.53
3329.14 6431.52 4007.01 1842.07 7180.33 1282.28 3567.45
5575.83 6611.18 772.12 4086.04 1858.64 6793.35 1050.09
1976.59 3211.24 6957.31 2359.72 6927.99 7510.29 4378.99
190 2016.22 2619.98 1422.65 3641.84 1037.62 2456.37
3589.0 2243.37 3895.35 312.37 2812.63 1584.34 1914.46
2631.06 2304.38 3687.02 986.1 1800.8 3254.05 3053.04
3074.77 1995.44 3134.84 3858.01 929.22 4277.52 509.31
2280.81 1793.59 2513.8 1115.79 1472.94 3981.26 2598.34
2901.69 4719.27 1840.32 4310.66 2687.08 3521.27 2397.98
878.04 3953.35 3919.48 2134.24 4064.59 2593.24 1531.65
3283.94 2770.16 1349.16 4581.73 2234.62 2322.17 2517.7
2205.9 3981.01 1757.7 242.04 5802.41 3585.94 2078.71
4673.45 2401.0 2143.34 3004.53 2894.9 4720.64 2535.9
908.42 3976.79 2971.81 2135.72 3844.09 2922.24 3779.16
2612.45 3179.53 3164.51 1200.85 2277.91 3270.47 2481.04
3774.81 1636.9 3654.57 3473.82 4038.09 4693.8 1370.5
175 5661.89 1841.93 5649.93 7852.6 3819.64 3308.84
4763.23 3704.11 2784.62 4172.73 5747.19 5762.49 5789.86
3448.25 2569.84 789.43 3362.93 3576.87 4646.54 7400.9
5663.28 2522.13 7024.57 5475.92 4189.26 2869.22 4742.88
3008.97 3614.46 6862.57 5301.88 5119.98 7302.18 6263.82
1663.96 3262.93 5264.07 898.62 5035.08 2057.73 2984.22
4392.98 7785.08 4424.98 2457.23 6842.49 3548.51 4925.72
1328.19 2157.24 4266.48 2868.45 2880.03 6655.3 6735.92
2657.79 3039.74 2695.53 4534.44 3991.7 7412.21 2293.7
8098.0 2103.18 6356.44 6251.44 5588.88 8330.63 3986.45
3556.08 1610.71 7301.65 4164.85 6730.1 6222.05 2684.18
2614.97 5961.71 6108.23 5458.79 4085.24 5408.59 5258.69
4385.12 5922.94 6679.54 7245.81 7648.88 2763.35 3145.41
390 1943.71 6170.84 2408.7 3849.48 3828.8 6208.76
3997.34 5946.45 5862.72 4071.69 5616.23 3617.51 1887.09
4455.79 6035.8 6826.72 4544.78 4046.26 6739.92 2390.74
2474.51 5092.72 631.85 7110.81 4575.02 8042.36 3734.81
4673.86 5527.39 2488.51 3663.0 4438.74 1126.48 1336.62
6474.96 8485.58 4757.53 7816.31 2932.15 7238.7 6164.46
3295.37 5060.32 4646.46 5144.13 6508.93 6317.21 4687.57
6307.06 5520.12 4918.24 6484.11 5996.58 2863.31 1575.21
4957.63 7746.97 5404.1 3740.91 9567.12 188.61 5598.96
6180.23 6004.74 1809.79 1572.37 5845.96 1034.76 3926.33
4649.88 6606.91 2915.47 5721.97 1876.04 5326.79 7542.3
5112.73 2172.95 5803.59 2632.18 5889.28 2982.71 5556.16
7380.33 3265.95 1670.91 4930.82 565.71 6668.85 4518.13
117 5156.8 1783.92 5251.22 7625.43 3375.27 3416.0
4086.18 3767.42 2088.84 3897.64 5753.69 5527.51 5314.11
2811.84 2592.78 379.36 3056.87 3032.42 4828.91 7056.82
5047.8 2087.0 6521.69 5676.13 4018.18 3344.06 4468.4
2424.87 3592.12 6527.78 5055.52 4974.27 6717.12 5742.61
1717.09 3779.91 5164.53 1502.96 4422.75 2406.22 3071.3
3953.56 7672.29 3732.18 1988.73 6914.39 3680.12 4810.26
781.5 1566.16 4162.9 2211.03 2919.54 6354.28 6313.8
2122.71 3451.45 2528.49 4238.42 4591.13 6892.12 2090.26
8079.33 2036.72 5938.74 5679.89 5627.03 7766.19 3360.1
3325.37 923.47 7003.93 4195.79 6113.78 6184.55 3076.85
2005.88 5353.75 6128.17 5074.36 4143.59 4767.51 5265.18
4669.84 5650.8 6076.35 7139.22 7093.25 2123.85 2735.27
455 5164.61 2664.28 4371.56 4973.75 3756.32 1033.55
6294.57 958.77 5566.5 2848.86 2061.85 3378.99 5023.82
4947.61 1883.71 3994.51 2895.82 4306.73 511.25 5295.25
6159.48 3506.28 6153.83 1333.27 2242.83 1995.2 3052.64
4356.44 1427.11 4805.99 3163.29 2450.55 7122.44 5723.74
2641.85 2187.67 2263.95 3482.01 5680.35 2143.07 1366.11
3951.35 4349.58 6400.64 3649.26 2832.87 755.38 2170.22
4003.04 4171.16 1863.23 6085.26 1588.81 4429.75 5308.65
3979.88 1598.85 2412.08 3098.29 3085.83 6608.93 2725.47
4282.38 2474.01 4993.7 6159.61 1797.15 7780.78 5152.32
2510.3 4923.74 4920.32 1054.36 6992.85 2649.12 1730.98
4384.06 6302.35 2313.28 4152.4 890.17 6261.88 1687.19
619.76 3716.81 6808.23 3840.98 7121.41 6098.33 3411.42
54 7255.07 3301.28 6707.44 7730.34 5479.37 2908.68
7504.28 3254.15 5984.81 5010.63 4813.18 6003.76 7212.9
6047.43 3096.53 3860.97 4622.23 5720.67 3151.43 7932.21
7882.15 4585.62 8448.57 3626.95 4568.64 1044.72 5409.78
5446.63 3600.14 7414.24 5698.25 5086.9 9193.27 7869.64
3036.18 608.67 4971.65 2563.45 7296.81 2027.65 2915.98
5890.2 7094.76 7369.7 4652.43 5368.64 2871.71 4805.3
4215.74 4839.25 4315.42 6239.6 3087.97 7065.65 7754.7
5002.41 1343.22 3794.06 5355.49 568.49 8898.92 3779.02
6903.27 3336.52 7401.66 8146.13 4535.97 10019.91 6455.39
4439.07 4930.85 7606.37 3633.36 8868.88 5402.96 1548.94
5242.4 8106.13 5027.04 6480.47 3459.82 7819.5 4451.76
2442.77 6313.02 8734.38 6596.5 9329.36 6164.48 4879.61
213 4863.47 4523.58 3796.67 2922.67 4324.51 2992.68
6911.36 2580.77 6945.03 3156.12 565.31 2331.66 4583.96
5879.92 3727.74 5928.74 3781.16 5070.33 2004.14 3782.45
6219.41 4795.93 5345.42 1682.81 2619.89 4449.55 2890.76
5418.27 2717.26 3455.11 2505.35 1858.51 6581.97 5236.66
4633.17 4605.56 1483.56 5769.1 5943.07 4464.73 3301.84
4173.6 1983.15 7232.3 4959.72 741.41 2788.75 1808.56
5759.14 5607.06 2287.98 7580.31 3408.02 3052.64 4307.6
5188.26 4053.59 3861.0 3116.1 5375.78 5756.83 4297.56
1847.27 4270.53 4131.35 5859.04 699.35 6911.3 5851.34
3338.12 6647.37 3273.9 2120.33 6747.65 555.95 4165.12
5633.12 6237.71 180.22 3651.08 2200.47 6508.32 1044.7
2710.88 2654.51 6513.94 1547.45 6361.2 7648.39 4376.67
29 4194.85 3629.05 3182.92 3101.52 3449.34 2179.27
6064.88 1747.51 6020.47 2283.1 362.76 1828.67 3951.26
4981.68 2849.57 5028.99 2863.36 4182.41 1562.51 3600.34
5478.96 3869.21 4863.3 1680.44 1712.14 3831.67 2099.64
4504.97 1817.1 3172.93 1843.1 1088.35 6022.7 4635.88
3757.49 4067.15 713.51 4956.69 5151.99 3690.25 2459.71
3353.54 2509.21 6356.2 4032.99 1633.61 2017.01 952.62
4842.18 4679.75 1363.17 6653.54 2538.62 2770.31 3880.77
4265.2 3435.79 2939.73 2295.82 4955.93 5299.5 3378.58
2680.64 3372.29 3640.15 5211.33 427.46 6477.26 4981.5
2416.97 5725.11 3160.76 1267.12 6097.03 824.24 3482.12
4710.14 5529.36 748.3 3005.5 1381.91 5728.52 196.85
2313.74 2184.09 5874.72 1982.58 5877.71 6721.09 3461.05
471 2882.58 1802.63 3074.89 5719.63 1191.61 2985.65
2420.02 3094.72 1823.52 2105.38 4581.15 3686.27 3050.57
976.26 2237.92 2026.05 1359.17 768.44 4336.99 4934.99
2921.18 533.05 4247.21 5135.55 2526.67 4113.77 2606.35
361.96 2687.01 4431.48 3217.16 3423.64 4503.63 3469.27
2075.99 4617.32 3730.02 3165.89 2297.09 3076.71 2696.61
1749.07 6040.94 2412.96 452.62 5852.26 3252.5 3368.96
1501.6 746.37 2858.56 2494.3 2456.52 4326.87 4091.2
152.09 3987.82 1595.46 2341.73 5665.94 4619.03 1382.84
6687.61 1797.54 3724.98 3446.52 4565.52 5522.44 1354.34
1802.84 1949.89 4966.64 3319.04 3977.53 4842.77 3646.5
513.35 3199.48 4963.83 2926.26 3366.89 2758.64 4144.13
4546.7 3712.66 3903.55 5546.23 4840.46 2596.77 773.16
172 4405.29 2050.95 3678.2 4680.46 2941.41 419.45
5481.27 146.96 4840.35 2078.01 2062.49 2864.55 4287.46
4147.65 1233.21 3444.67 2079.08 3492.5 1127.31 4792.65
5354.39 2734.52 5457.45 1957.54 1511.75 2191.4 2352.4
3564.38 616.31 4276.07 2568.25 1953.2 6369.96 4981.09
2103.75 2531.48 1883.46 3199.11 4867.33 1920.17 746.39
3155.34 4265.48 5600.24 2883.91 3118.27 274.0 1674.44
3371.24 3441.43 1192.07 5392.09 907.23 3926.2 4671.57
3202.65 1817.61 1642.46 2359.97 3556.81 5913.14 1999.42
4411.66 1824.16 4336.17 5386.57 1874.42 7073.47 4338.92
1697.23 4291.5 4475.05 531.35 6206.93 2594.37 1773.52
3619.05 5505.18 2403.07 3453.87 388.78 5447.8 1588.41
1421.16 3174.55 6028.62 3730.33 6402.44 5420.46 2600.74
314 2596.7 2677.12 3100.32 5937.74 1470.2 3834.95
1535.83 3906.37 1560.42 2611.27 5211.78 4027.54 2849.6
124.64 3115.24 2650.04 2036.48 708.06 5141.78 4961.72
2237.08 1418.03 3910.12 5915.23 3146.02 4993.76 3009.38
529.75 3474.2 4505.95 3588.82 3951.62 3925.69 3102.34
2940.12 5497.44 4294.71 3923.41 1613.72 3950.63 3560.03
1857.95 6430.5 1565.23 1327.68 6486.02 4094.3 3949.99
2112.7 1286.4 3524.92 2249.26 3319.53 4480.76 3977.79
973.32 4872.72 2451.53 2745.32 6539.28 4225.39 2267.1
7180.9 2682.11 3644.91 2916.52 5232.47 4998.53 551.03
2487.15 2212.9 5088.57 4081.27 3302.88 5402.08 4529.9
824.12 2545.43 5585.56 3007.57 4148.57 1979.1 4806.88
5397.03 3976.9 3269.74 5968.73 4345.11 2404.48 1451.73
129 5246.75 6255.86 4182.68 1787.99 5419.93 4883.61
7742.27 4450.42 8275.99 4354.47 2429.62 2875.82 4903.6
7007.86 5514.27 7626.24 5149.24 6178.24 4023.71 3195.41
6703.75 6234.12 5202.76 3627.84 4026.11 6458.93 3883.09
6668.08 4466.87 3165.52 3297.63 3069.4 6531.26 5402.03
6416.08 6625.3 2840.9 7657.09 6610.09 6394.03 5156.42
5075.49 531.08 8189.56 6392.79 1955.21 4717.01 3199.71
7370.09 7054.4 3841.53 8953.99 5216.63 2881.19 4167.06
6544.13 6061.89 5479.67 4149.91 7381.74 5515.08 5922.08
657.98 5994.09 4169.1 6096.11 2671.29 6528.17 6831.62
4765.18 8198.93 2667.84 3968.38 6933.61 1880.58 6152.17
6973.03 6622.51 2151.69 4139.84 4086.42 7105.25 2887.01
4726.89 3010.48 6682.09 917.71 6134.57 9053.94 5692.6
197 3872.22 1161.78 3357.11 4986.76 2172.46 743.96
4577.49 900.59 3841.6 1649.42 2811.02 2960.79 3827.44
3198.21 434.25 2564.23 1282.98 2607.24 2124.82 4798.27
4620.9 1746.74 5069.91 2955.45 1353.5 2344.19 2120.53
2600.31 650.18 4256.42 2550.15 2194.61 5821.31 4484.28
1310.59 2802.1 2298.96 2635.84 4083.77 1612.39 509.1
2519.95 4817.13 4649.72 1891.93 3987.5 1007.71 1974.02
2420.11 2442.78 1316.9 4399.05 298.93 3967.01 4436.41
2219.77 2072.28 652.01 2014.39 3892.72 5517.89 1004.59
5144.51 906.02 4069.51 4787.36 2689.69 6633.69 3440.55
1052.95 3331.35 4581.97 1266.7 5550.83 3256.52 1842.39
2627.45 4810.14 3185.75 3131.87 1244.1 4648.51 2322.44
2306.13 3197.24 5397.61 4276.89 5943.18 4432.56 1701.65
266 3383.49 2740.41 3898.82 6715.75 2189.59 4149.45
1733.75 4296.37 757.97 3267.06 5800.99 4765.34 3646.47
713.39 3345.65 2290.96 2577.29 1458.25 5537.66 5763.1
2844.52 1676.93 4673.43 6348.16 3737.92 5025.4 3716.87
942.46 3903.85 5303.3 4313.19 4605.56 4575.21 3864.44
2948.95 5523.42 4928.07 3666.02 2256.35 3965.26 3838.08
2634.05 7158.18 1437.48 1530.3 7074.09 4424.3 4571.61
1797.46 1111.06 4082.24 1447.44 3602.56 5267.65 4778.61
1213.33 4966.77 2771.0 3449.76 6512.29 4967.44 2473.48
7862.16 2820.89 4447.39 3614.03 5791.62 5670.74 1215.41
3025.94 1589.27 5881.53 4541.65 3884.45 6041.8 4601.05
795.69 3167.81 6182.15 3799.7 4583.16 2485.48 5369.29
5696.83 4737.94 3888.86 6681.86 5040.05 1601.89 1980.12
31 2851.08 1962.74 3106.91 5797.76 1247.07 3162.23
2252.04 3268.38 1699.26 2225.16 4730.6 3782.65 3037.3
802.82 2413.72 2096.2 1506.62 713.55 4510.4 4974.82
2808.16 706.15 4212.16 5306.48 2670.08 4277.97 2709.52
187.69 2857.55 4479.21 3317.48 3553.59 4418.53 3424.99
2230.38 4781.64 3867.17 3281.22 2180.87 3236.85 2873.43
1782.82 6150.96 2236.25 611.84 6003.27 3428.73 3508.13
1562.47 762.02 3011.09 2380.64 2633.35 4389.65 4100.75
263.27 4157.34 1772.09 2443.19 5826.05 4573.4 1556.16
6816.34 1966.54 3739.64 3368.49 4720.66 5451.02 1205.48
1954.79 1926.3 5024.99 3486.89 3869.78 4980.8 3813.72
424.03 3094.08 5112.24 2968.34 3537.28 2623.53 4298.18
4723.41 3794.52 3804.76 5661.49 4773.94 2492.47 911.35
500 4463.59 5578.92 3391.23 1330.25 4627.89 4303.57
6940.33 3866.31 7496.0 3582.17 1961.45 2074.42 4124.2
6212.67 4868.16 6926.55 4392.1 5384.03 3629.67 2567.39
5918.6 5479.52 4499.96 3392.89 3295.03 5991.27 3095.1
5884.27 3824.11 2453.87 2502.63 2333.87 5822.38 4646.23
5758.07 6207.01 2151.6 7045.03 5812.23 5822.03 4549.63
4274.61 369.93 7386.97 5636.16 1948.97 4167.0 2495.36
6646.12 6296.39 3151.41 8177.68 4585.11 2134.97 3448.1
5774.15 5594.57 4774.21 3362.34 7041.12 4838.44 5213.2
1278.38 5316.62 3417.89 5335.58 2241.26 5898.03 6030.17
4023.91 7456.34 2024.1 3385.53 6185.6 1371.87 5644.14
6198.71 5846.84 1786.17 3341.82 3521.9 6312.58 2357.45
4367.88 2209.95 5935.35 180.14 5460.81 8281.83 4922.38
375 5296.51 4972.2 4218.81 3035.09 4810.85 3404.46
7391.07 3006.42 7430.67 3642.95 1047.68 2742.41 5006.89
6368.47 4168.33 6378.96 4269.1 5558.03 2287.84 4044.13
6670.96 5279.25 5710.78 1794.26 3108.65 4749.74 3364.82
5906.93 3175.06 3764.5 2954.33 2336.2 6970.5 5645.63
5069.33 4864.05 1965.7 6164.2 6409.66 4844.83 3725.06
4649.98 1931.47 7717.86 5443.01 285.65 3183.96 2295.94
6223.88 6088.28 2773.24 8063.42 3845.06 3370.91 4660.51
5674.73 4358.32 4331.6 3594.89 5565.49 6110.15 4765.42
1524.57 4722.22 4509.63 6281.58 1129.08 7249.55 6336.2
3825.16 7117.43 3516.71 2560.68 7168.65 944.76 4500.9
6119.64 6679.2 663.43 4083.98 2625.38 6971.05 1513.02
2941.2 3047.85 6931.59 1601.09 6721.64 8129.57 4865.02
437 2178.85 2859.02 2723.47 5590.08 1244.81 3858.16
1463.46 3882.47 1965.99 2413.41 5037.87 3732.04 2437.38
495.77 3200.53 2993.1 1957.01 529.45 5100.11 4573.39
1883.17 1571.43 3490.96 5844.45 2992.42 5152.57 2754.34
780.93 3432.0 4129.23 3310.41 3735.8 3539.07 2683.45
3139.91 5654.81 4093.05 4215.9 1254.38 4129.23 3609.18
1535.28 6136.41 1665.36 1519.74 6306.36 4104.42 3761.18
2454.1 1625.4 3391.96 2647.56 3370.61 4123.11 3570.99
1195.95 5002.13 2505.95 2497.29 6715.22 3809.11 2392.72
6926.27 2827.36 3244.08 2515.19 5080.61 4601.11 321.75
2391.54 2621.54 4719.81 4009.24 2949.09 5187.86 4674.24
1173.93 2179.52 5403.87 2645.26 4092.72 1689.26 4655.8
5410.89 3655.48 2899.0 5689.49 3941.2 2808.61 1421.91
318 4556.53 2148.62 4832.28 7432.04 2947.94 3806.38
3160.32 4084.92 1112.79 3729.38 5928.39 5361.65 4762.46
2005.85 2942.55 1062.22 2894.11 2427.75 5255.07 6692.41
4243.2 1809.18 5904.43 6104.4 4002.58 4132.04 4275.35
1772.91 3808.05 6186.21 4885.65 4957.29 5954.41 5103.73
2218.77 4599.11 5207.91 2441.36 3632.49 3115.65 3458.98
3506.21 7645.5 2768.66 1660.14 7154.63 4086.33 4842.42
813.94 1026.81 4237.8 1341.53 3260.61 6068.65 5835.07
1623.31 4175.17 2633.93 4020.74 5481.08 6241.44 2205.3
8179.87 2346.29 5473.66 4951.21 5847.37 7032.63 2561.05
3261.47 192.2 6712.49 4452.1 5298.37 6289.34 3794.55
1331.14 4560.47 6312.83 4683.71 4437.61 3914.46 5452.39
5222.43 5424.91 5285.57 7129.21 6379.51 1309.64 2420.72
355 4596.42 3668.13 5213.15 8057.61 3540.89 5245.95
2321.32 5455.28 717.46 4603.53 7091.17 6116.64 4889.6
2011.63 4396.1 2718.74 3875.74 2804.9 6678.94 7062.19
3769.92 2876.11 5806.83 7512.86 5043.99 5778.18 5065.42
2278.76 5103.32 6619.23 5663.68 5935.45 5483.74 5008.35
3797.43 6251.08 6247.29 4079.21 3279.4 4746.35 4911.39
3975.67 8508.19 1711.89 2714.4 8357.99 5527.34 5886.68
2412.89 2114.71 5365.71 434.22 4689.54 6601.55 6034.85
2463.8 5800.29 3926.55 4798.17 7137.93 6047.42 3558.99
9197.57 3817.72 5722.11 4639.77 7061.97 6594.58 2395.74
4314.2 1661.02 7206.73 5752.51 4705.42 7360.37 5420.69
2018.93 4093.14 7475.21 5127.19 5773.02 3307.23 6644.68
6742.23 6086.85 4770.94 8029.11 6021.3 617.74 3289.48
401 958.27 3304.26 1027.19 3898.03 984.49 3523.07
2721.94 3353.13 3625.16 1433.24 3824.99 2164.19 994.45
2177.44 3212.53 4055.25 1694.0 1451.74 4388.37 2894.29
1962.25 2281.96 2256.65 4977.93 2063.53 5254.42 1422.82
2100.34 2891.51 2432.83 1820.78 2448.54 2903.79 1580.4
3608.29 5720.43 2832.19 4958.45 1654.65 4394.91 3412.39
428.7 4531.05 3176.47 2360.58 5029.29 3687.08 2577.4
3564.4 2852.79 2481.66 4318.89 3218.06 2425.46 1985.14
2252.19 4991.4 2551.9 1252.46 6811.62 2678.63 2732.32
5410.47 3140.17 1622.43 1889.13 3946.27 3739.26 1860.9
1876.26 4043.43 3019.48 3269.5 2712.49 3828.32 4750.33
2529.87 2048.06 4147.94 947.76 3409.38 2216.36 3548.48
4900.34 2019.13 2528.95 4124.33 3043.46 4467.58 1669.55
435 1277.73 3882.69 2192.81 5078.07 1710.92 4574.19
1433.47 4495.16 3008.06 2690.9 5205.7 3532.75 1616.83
1621.33 4061.88 4176.92 2600.49 1447.7 5628.42 3857.59
756.92 2621.87 2418.63 6280.27 3334.93 6094.65 2798.91
1957.35 4025.07 3504.31 3211.46 3831.61 2344.72 1619.43
4180.22 6588.06 4214.33 5353.99 261.93 5119.27 4387.1
1556.52 5849.22 2001.59 2612.25 6420.2 4783.59 3942.35
3638.93 2813.51 3760.5 3639.07 4162.08 3608.77 2741.59
2332.69 5894.81 3350.03 2599.69 7670.69 2683.6 3356.29
6773.66 3800.33 2487.23 1331.19 5313.51 3411.18 1076.57
2943.45 3798.65 4120.6 4501.86 1790.5 5221.07 5598.81
2367.14 1011.33 5535.41 2215.85 4621.4 837.24 4906.64
6061.53 3347.77 1715.86 5472.62 2760.59 3820.42 2246.51
287 576.53 4417.05 1666.98 4397.95 2075.18 4817.63
2239.9 4658.69 3901.85 2738.34 4997.72 3133.58 918.01
2480.77 4445.92 4909.86 2921.29 2116.56 5684.87 3080.96
889.3 3234.25 1515.02 6246.34 3362.23 6498.76 2656.65
2719.25 4195.69 2796.6 2914.46 3635.07 1666.34 717.64
4722.26 6975.79 4014.32 5991.72 1044.34 5588.95 4688.63
1670.41 5298.37 2853.99 3260.95 6138.36 4989.18 3803.26
4380.13 3574.62 3775.16 4540.56 4483.95 2972.93 1929.94
3035.73 6255.26 3755.02 2528.51 8067.44 1797.96 3857.59
6296.04 4290.91 1739.61 604.07 5150.78 2638.92 1957.08
3162.06 4634.88 3408.85 4570.76 1408.97 4912.75 5995.13
3152.94 824.07 5289.62 1775.05 4713.25 1349.59 4772.37
6206.42 2879.59 1223.14 4978.27 1955.8 4720.42 2731.92
95 4866.1 1551.2 4282.61 5545.93 3179.9 522.17
5511.95 944.56 4517.57 2589.22 2928.45 3659.16 4803.49
4092.6 880.14 2830.33 2292.01 3572.94 1668.51 5569.4
5626.98 2590.17 6029.04 2505.66 2152.93 1405.52 2988.46
3479.98 1192.33 5039.48 3313.01 2779.13 6822.05 5472.23
1485.97 1825.35 2750.82 2363.68 5081.79 1048.01 506.07
3525.28 5150.53 5527.24 2710.76 3906.09 634.14 2510.1
2875.94 3146.71 1941.5 4992.21 719.38 4711.16 5333.09
3063.29 1086.17 1564.28 2930.76 2907.41 6480.9 1748.01
5263.45 1404.72 4977.83 5793.5 2719.45 7612.22 4388.12
2042.61 3789.21 5287.12 1414.12 6560.75 3473.42 934.14
3424.69 5819.4 3252.76 4055.62 1273.37 5640.51 2464.37
1533.66 3945.31 6406.74 4615.89 6925.55 4990.7 2673.36
217 1141.72 3123.5 1435.55 4306.7 766.35 3538.01
2364.98 3416.84 3221.43 1565.33 4090.24 2529.55 1283.26
1768.41 3131.33 3759.75 1609.03 1068.19 4517.17 3296.91
1796.85 2008.27 2501.19 5154.09 2210.03 5184.42 1688.45
1723.75 2947.48 2841.7 2155.05 2722.01 2976.55 1757.25
3429.33 5663.36 3102.39 4738.63 1383.66 4275.84 3388.92
427.75 4914.85 2789.58 2066.59 5319.82 3726.91 2819.43
3253.4 2509.27 2635.5 3913.75 3178.52 2835.55 2351.38
1917.17 4946.03 2439.65 1476.01 6754.67 2896.83 2557.52
5769.75 2985.0 2000.33 1919.56 4189.52 3892.39 1455.54
1881.97 3680.97 3430.06 3390.38 2668.83 4137.11 4681.07
2160.58 1943.78 4428.02 1357.46 3516.87 1966.54 3780.09
4980.69 2407.88 2514.74 4495.64 3196.33 4064.76 1444.45
216 3427.79 2728.27 2543.07 3444.33 2424.17 1595.75
5056.67 1191.55 4967.7 1278.71 1418.52 1569.53 3241.97
3930.92 2022.49 4095.23 1805.64 3140.91 1817.16 3498.94
4593.84 2823.82 4317.43 2341.54 664.12 3481.63 1263.11
3447.5 995.87 2987.36 1307.58 661.98 5350.54 3944.77
2905.2 3826.74 702.07 4217.66 4209.95 3067.16 1763.82
2401.1 3222.65 5320.26 2987.52 2691.31 1567.26 395.19
3858.75 3640.18 318.58 5607.09 1757.08 2631.64 3451.96
3210.45 3112.57 1955.49 1385.06 4839.87 4770.73 2399.05
3627.97 2466.02 3141.07 4445.38 1426.2 5948.27 3954.19
1360.39 4719.02 3180.99 820.06 5312.37 1733.39 3043.87
3655.28 4682.57 1801.35 2331.46 996.06 4794.39 1000.62
2449.49 1886.75 5107.27 2683.37 5301.46 5679.79 2403.34
207 2871.76 5395.44 1957.99 980.92 3702.1 4625.05
5538.4 4228.88 6565.3 3018.28 3039.86 1495.41 2517.38
5140.71 4880.57 6553.25 3847.11 4369.44 4544.32 669.65
4303.84 4857.66 2622.72 4640.5 3098.95 6518.95 2447.3
4979.2 3974.14 623.65 1910.47 2377.22 3951.84 2897.0
5647.51 6854.48 2506.34 7048.86 4338.11 6038.77 4748.81
3192.87 2055.25 6073.87 4988.66 3646.1 4603.12 2656.49
6154.64 5600.43 3210.53 7262.12 4685.55 559.58 1606.19
5010.36 6147.93 4516.4 2664.95 7839.51 2935.15 4897.5
3170.41 5150.67 1683.11 3595.1 3321.52 3983.42 4820.52
3639.41 6816.84 152.5 3826.47 4394.87 2587.73 6077.39
5373.06 4171.31 3101.62 2025.22 4000.08 4758.05 3179.32
5282.68 1270.78 4142.4 1938.99 3556.16 7400.45 4216.83
216 5141.37 1537.58 4597.92 5904.54 3404.78 880.15
5641.61 1302.52 4510.78 2895.42 3261.62 4012.82 5094.27
4202.59 1029.1 2699.0 2528.05 3739.82 1911.06 5918.68
5840.81 2694.01 6330.78 2721.82 2489.42 1081.41 3317.13
3587.41 1538.55 5386.86 3659.95 3136.78 7087.85 5753.54
1403.59 1532.98 3109.06 2082.39 5279.52 744.45 802.37
3784.49 5497.84 5617.02 2799.45 4198.41 977.31 2868.46
2810.2 3172.59 2294.14 4945.55 970.47 5062.45 5658.86
3157.0 809.38 1741.16 3246.34 2624.17 6780.61 1844.15
5584.37 1447.56 5299.75 6048.97 3042.8 7901.74 4533.86
2321.19 3704.37 5642.01 1768.53 6796.91 3814.45 590.32
3488.68 6045.82 3576.35 4371.24 1623.17 5827.44 2804.71
1642.72 4295.19 6651.09 4964.69 7211.9 4929.85 2854.88
39 929.42 5138.01 1810.85 4131.59 2779.61 5383.18
2888.66 5177.29 4686.61 3247.72 5228.4 3257.1 1057.73
3279.47 5096.01 5697.16 3573.31 2904.85 6111.94 2708.37
1381.56 3995.66 800.05 6596.94 3828.3 7138.81 3039.59
3517.71 4728.84 2556.85 3150.37 3919.78 1052.62 357.91
5443.83 7603.4 4281.07 6745.4 1768.58 6270.22 5290.34
2299.43 5175.75 3529.25 4032.85 6279.38 5528.52 4128.39
5170.55 4370.75 4216.98 5313.12 5100.32 2827.77 1571.19
3822.77 6872.58 4426.65 2972.65 8694.1 1005.11 4570.77
6237.86 4994.2 1542.97 480.25 5416.73 1877.73 2748.78
3753.34 5437.09 3129.8 5028.0 1227.19 5054.47 6634.75
3953.13 1128.46 5480.02 1993.09 5183.13 1899.91 5071.05
6688.5 2946.96 975.67 4927.65 1182.59 5496.38 3458.51
30 1712.02 4719.44 860.68 2140.02 2732.37 4291.63
4380.77 3957.3 5511.6 2333.58 3360.38 1375.57 1357.6
4060.74 4345.27 5735.47 3073.84 3329.24 4579.83 1014.55
3153.13 3978.49 1725.04 4880.68 2638.91 6196.45 1823.4
3965.66 3601.85 560.72 1523.69 2256.4 3007.68 1797.13
4999.0 6591.36 2539.02 6409.3 3177.8 5555.12 4332.47
2177.52 3075.45 4925.35 4091.21 4270.32 4340.5 2526.14
5291.5 4659.16 2892.35 6205.39 4215.95 724.08 684.09
4057.32 5857.28 3852.58 1955.14 7638.2 2130.94 4176.49
4129.97 4497.38 565.29 2491.76 3596.87 3292.65 3703.3
2982.01 5871.38 1174.17 3648.81 3333.1 3073.05 5718.19
4381.82 3037.52 3545.03 996.44 3823.73 3599.66 3328.33
5263.92 1019.23 3082.69 2821.37 2737.06 6353.69 3328.54
197 758.84 5001.05 1535.27 3857.78 2646.74 5171.63
3026.42 4951.45 4723.48 3028.72 4947.63 2970.38 809.59
3288.65 4919.22 5625.12 3404.99 2845.56 5860.75 2448.75
1555.97 3896.23 688.36 6330.5 3593.38 6952.58 2790.37
3477.24 4508.87 2275.12 2875.41 3648.51 1309.63 135.56
5306.39 7411.0 4006.28 6630.69 1859.56 6106.03 5092.25
2136.07 4888.25 3655.72 3944.44 5990.52 5308.0 3862.68
5105.31 4320.31 3974.23 5366.52 4908.7 2538.82 1299.52
3755.91 6677.05 4263.12 2738.2 8499.94 1015.29 4430.66
5947.42 4846.24 1252.54 712.71 5139.72 2028.71 2776.41
3558.08 5419.76 2855.28 4786.16 1515.52 4766.44 6449.23
3917.56 1339.76 5195.15 1725.4 4944.0 2068.17 4798.94
6449.33 2657.45 1264.93 4636.5 1334.34 5545.45 3333.59
73 5980.55 3272.62 5165.39 5519.91 4568.97 1769.06
7081.68 1773.15 6234.55 3669.03 2511.82 4094.84 5832.71
5710.95 2556.9 4506.55 3700.16 5098.63 876.99 5981.37
6979.46 4240.51 6944.54 1209.73 3057.47 1945.06 3854.68
5110.25 2243.29 5513.04 3922.31 3178.7 7935.13 6534.03
3190.25 1939.29 2941.74 3765.98 6495.48 2473.43 2061.63
4772.68 4743.64 7161.63 4375.18 2947.44 1514.76 2906.75
4591.74 4854.13 2667.62 6713.34 2299.45 5124.88 6072.45
4716.82 1604.43 3157.24 3911.49 2609.23 7398.57 3425.97
4484.59 3118.93 5769.07 6978.49 2219.32 8574.32 5940.87
3325.41 5498.82 5573.38 1855.65 7813.8 3092.52 1887.77
5104.01 7123.72 2664.65 4949.07 1700.4 7075.63 2250.11
208.47 4442.49 7628.28 4272.4 7920.96 6709.66 4197.25
116 3840.78 3811.77 2793.75 2633.07 3302.5 2498.86
5869.19 2061.72 6005.34 2140.5 629.72 1376.85 3575.43
4875.94 3073.88 5188.45 2830.22 4056.83 2052.71 3101.44
5176.92 3886.85 4424.6 2165.42 1663.63 4246.43 1843.01
4442.71 2026.45 2681.99 1473.28 814.59 5615.93 4245.3
3972.85 4509.16 457.37 5239.1 4894.09 4016.71 2741.87
3127.68 2171.25 6204.29 4049.59 1788.91 2376.16 816.24
4953.82 4708.22 1412.05 6659.48 2783.03 2277.6 3421.9
4247.23 3854.16 3051.36 2073.08 5424.85 4853.88 3494.92
2536.74 3550.2 3200.2 4846.92 858.41 6026.9 4821.21
2406.55 5808.35 2659.86 1583.72 5735.63 657.81 3869.68
4689.3 5203.63 906.14 2633.34 1728.48 5460.02 677.02
2801.16 1726.2 5506.62 1631.08 5441.75 6740.82 3413.29
260 646.86 4542.08 1738.41 4424.61 2201.19 4940.75
2270.53 4779.05 3985.78 2856.43 5092.36 3211.86 971.06
2575.86 4571.85 5025.44 3047.07 2232.97 5799.04 3086.39
862.24 3356.03 1445.96 6354.15 3477.75 6624.65 2763.21
2829.72 4316.74 2822.03 3005.7 3733.62 1540.9 668.42
4847.21 7101.47 4111.59 6113.9 1094.82 5714.99 4813.3
1794.57 5348.3 2894.19 3380.99 6223.87 5110.93 3906.36
4494.65 3686.47 3889.15 4617.97 4609.09 3013.59 1929.59
3151.98 6380.64 3881.12 2640.66 8193.15 1706.88 3983.03
6356.21 4416.62 1762.24 477.99 5249.39 2521.1 2045.4
3285.76 4736.98 3430.8 4686.69 1295.19 4997.05 6120.99
3261.45 753.13 5380.06 1857.63 4830.24 1346.91 4874.0
6324.94 2949.61 1103.13 5037.87 1841.19 4799.59 2857.02
302 4479.68 2790.41 3611.36 4129.41 3279.94 1183.72
5899.36 798.85 5474.68 2231.93 1326.53 2531.58 4305.43
4647.47 1974.37 4193.06 2499.72 3923.01 750.11 4439.31
5585.58 3326.87 5383.8 1392.51 1589.34 2756.99 2322.34
4096.65 1089.33 3956.29 2349.22 1608.45 6413.96 5008.46
2861.88 3010.14 1403.37 3953.82 5157.65 2652.97 1508.32
3368.82 3583.94 6086.08 3484.85 2354.91 973.86 1333.85
4089.54 4083.71 1168.36 6056.59 1647.02 3575.61 4499.22
3776.02 2362.06 2269.87 2414.91 3942.49 5836.4 2670.41
3659.73 2552.09 4199.14 5492.58 1116.33 7014.99 4766.08
2060.67 5003.8 4059.5 448.41 6350.23 1887.29 2407.27
4209.73 5696.62 1648.72 3399.73 429.33 5744.28 882.08
1405.45 2875.09 6151.49 3059.14 6369.76 6097.54 3077.3
205 2209.82 5552.18 3299.34 5856.1 3399.22 6257.82
1907.31 6156.19 4097.19 4287.22 6641.99 4774.8 2520.74
3021.15 5758.74 5687.09 4289.94 3105.68 7248.99 4437.58
951.1 4273.11 2441.41 7851.71 4927.98 7788.14 4277.77
3511.34 5686.29 4269.36 4561.83 5274.51 1449.29 1995.11
5844.36 8282.89 5655.55 6948.82 1520.64 6802.5 6080.06
3158.08 6861.31 2515.98 4242.48 7785.72 6458.63 5431.87
5150.99 4325.41 5350.11 4583.28 5856.81 4510.93 3297.08
3929.97 7591.64 5046.76 4125.42 9363.61 2407.68 5039.94
7894.28 5483.93 3226.21 1296.78 6788.78 2494.21 2490.75
4612.46 5115.79 4853.59 6124.01 623.18 6559.49 7293.69
3863.17 832.36 6937.0 3420.34 6254.75 1060.85 6403.57
7721.1 4507.71 833.05 6576.48 2083.84 4781.38 3940.46
66 4814.63 1947.12 5007.96 7513.47 3115.96 3617.86
3568.05 3929.37 1541.42 3784.73 5843.43 5425.02 4998.76
2351.09 2762.35 684.61 2938.36 2675.89 5059.11 6848.75
4595.6 1885.76 6173.6 5910.26 3991.6 3781.19 4345.68
2036.51 3694.05 6331.08 4948.79 4952.62 6289.98 5381.14
1963.89 4236.64 5177.73 2027.02 3976.83 2791.38 3268.67
3688.21 7653.52 3193.54 1756.91 7044.45 3893.09 4815.46
647.35 1207.32 4188.49 1704.51 3087.92 6188.05 6041.06
1805.28 3850.62 2553.69 4100.61 5090.31 6526.39 2111.6
8132.85 2172.52 5672.49 5269.69 5742.25 7356.11 2905.94
3265.36 395.53 6836.14 4325.16 5657.26 6236.11 3470.89
1598.16 4908.14 6224.72 4845.87 4294.35 4288.96 5360.24
4972.69 5515.42 5633.15 7128.71 6693.31 1639.73 2528.6
295 2530.61 5663.81 1848.35 1549.86 3727.78 5085.68
5229.8 4715.58 6487.22 3262.93 3726.36 1969.99 2190.55
5027.7 5234.87 6719.19 4039.31 4314.85 5158.75 83.76
3883.32 4969.11 1990.7 5318.94 3476.56 6995.37 2717.98
4955.76 4409.45 562.76 2288.35 2897.96 3308.15 2410.6
5935.21 7360.39 3091.8 7346.61 4015.53 6428.58 5168.25
3171.3 2761.05 5806.41 5084.04 4390.24 5097.26 3181.04
6281.79 5654.57 3662.11 7178.53 5075.85 911.54 1095.49
5052.71 6638.15 4788.69 2887.41 8376.26 2251.49 5132.72
3887.95 5433.19 1322.16 3091.62 3999.25 3254.06 4643.27
3909.13 6866.65 626.16 4350.9 3828.71 3306.38 6533.77
5374.68 3707.47 3816.96 1991.81 4527.02 4369.04 3817.88
5882.47 1656.89 3578.16 2682.88 2864.8 7330.69 4319.08
411 3403.79 1539.75 3568.41 6144.49 1676.46 2955.96
2711.29 3135.71 1610.21 2458.66 4796.31 4081.05 3569.76
1264.93 2136.23 1514.69 1642.09 1281.66 4368.64 5417.06
3384.13 566.08 4768.35 5194.62 2791.04 3849.11 2994.34
722.61 2775.8 4905.21 3606.13 3727.85 5001.19 3989.13
1771.65 4351.03 4005.26 2716.93 2755.74 2792.29 2635.83
2246.83 6393.18 2584.94 402.83 6053.2 3234.24 3639.5
984.09 266.47 3074.67 2220.24 2403.59 4780.49 4599.98
369.84 3768.25 1603.12 2736.81 5368.77 5138.78 1267.53
6980.36 1607.25 4230.89 3950.06 4750.46 6031.06 1746.85
2046.12 1478.24 5425.27 3425.02 4447.89 5107.32 3408.37
443.49 3673.63 5181.9 3410.43 3446.72 3177.85 4338.14
4492.2 4136.71 4386.19 5885.22 5352.05 2290.38 1133.76
377 3966.41 1031.4 4002.42 6402.88 2138.31 2636.42
3361.73 2895.26 1945.73 2670.01 4738.92 4308.62 4099.29
1927.86 1774.76 937.68 1823.62 1897.16 4083.47 5804.59
4043.18 840.28 5329.47 4929.31 2859.24 3264.6 3236.84
1388.56 2611.74 5276.29 3833.52 3820.2 5635.54 4568.84
1196.8 3761.15 4048.46 2048.94 3415.89 2204.92 2293.41
2715.69 6521.16 3186.71 762.13 5959.55 2918.09 3685.29
500.08 656.07 3063.99 2427.66 2083.68 5108.41 5072.26
987.03 3223.74 1441.75 2999.61 4751.68 5716.88 1009.21
7009.95 1184.97 4695.42 4576.59 4652.73 6647.55 2415.94
2134.17 1344.75 5758.05 3255.94 5104.06 5114.83 2851.97
1082.02 4327.42 5122.53 3823.2 3243.74 3846.45 4260.44
4105.45 4415.09 5034.73 5996.32 5962.18 2444.51 1484.74
94 5791.42 2317.11 5158.53 6131.77 4124.26 1346.0
6422.07 1650.28 5280.05 3489.93 3275.3 4390.65 5714.38
4987.11 1791.26 3389.22 3236.08 4503.58 1680.93 6320.02
6571.2 3478.45 6923.22 2356.82 2996.3 781.28 3842.77
4372.03 2030.61 5805.2 4096.08 3471.83 7752.2 6391.6
2157.91 1011.31 3359.67 2535.86 6023.78 1287.43 1446.07
4462.21 5562.18 6404.39 3586.1 4006.89 1266.75 3190.01
3554.35 3955.18 2715.41 5691.88 1663.63 5452.79 6181.11
3943.35 391.85 2495.25 3813.96 2031.63 7377.29 2628.4
5487.67 2235.17 5836.77 6729.99 3014.22 8520.53 5308.19
2973.55 4427.67 5990.89 2017.88 7503.28 3859.93 653.75
4276.13 6763.45 3530.43 4931.96 1844.5 6579.93 2878.54
1136.2 4703.66 7347.19 5048.55 7838.12 5666.27 3609.0
384 1890.08 2796.09 2357.33 5212.68 904.53 3644.07
1737.1 3633.18 2304.69 2069.01 4694.73 3352.38 2121.08
846.59 3043.96 3109.86 1694.25 350.04 4832.27 4216.51
1846.0 1524.24 3233.65 5555.54 2666.9 5045.1 2384.78
913.12 3173.28 3763.44 2933.81 3377.59 3407.98 2434.78
3090.04 5543.57 3739.72 4255.81 1236.4 4047.48 3417.81
1154.45 5756.38 2014.26 1512.41 5958.88 3878.51 3414.32
2576.56 1766.9 3075.47 2994.56 3183.35 3748.27 3239.28
1243.74 4868.56 2335.09 2130.92 6617.67 3577.75 2286.91
6552.84 2730.18 2902.1 2354.76 4747.94 4436.98 631.43
2108.28 2858.1 4349.7 3726.37 2890.47 4827.84 4556.16
1351.52 2111.27 5056.65 2271.49 3820.01 1757.98 4324.54
5181.01 3274.49 2808.83 5311.48 3761.0 3148.73 1221.61
375 1872.91 5858.23 1884.2 2938.44 3607.4 5670.88
4374.07 5367.05 6002.98 3590.68 4819.59 2852.04 1656.79
4543.1 5610.89 6680.0 4193.4 3988.62 6051.61 1477.44
2889.52 4906.49 725.9 6355.94 4011.19 7552.69 3166.23
4642.7 4979.76 1607.12 2977.0 3728.72 1952.83 1442.48
6154.93 7971.12 4016.73 7540.37 3201.05 6827.74 5670.93
3034.66 4148.38 5002.88 4984.69 5648.95 5747.0 3993.92
6185.27 5448.43 4310.57 6663.27 5527.4 1998.34 829.53
4856.49 7232.24 5035.23 3228.75 9035.9 866.96 5290.85
5270.25 5664.68 1173.59 1993.49 5064.44 1890.84 4061.7
4214.43 6605.53 2003.55 5091.46 2574.59 4489.7 7061.88
5084.66 2642.1 4979.57 2108.35 5264.27 3406.28 4805.06
6725.63 2495.4 2335.72 4030.99 1472.07 6836.46 4284.86
354 2541.46 6694.32 3340.6 5076.26 4347.36 6996.2
3708.25 6786.04 5813.92 4858.87 6699.84 4696.63 2646.72
4548.69 6696.26 7126.55 5170.36 4354.3 7691.45 3616.13
2318.46 5500.17 1663.98 8135.56 5430.35 8743.84 4624.9
4908.59 6340.09 3683.37 4667.71 5447.63 615.43 1949.53
6999.54 9211.76 5792.05 8257.94 2921.16 7857.27 6901.75
3898.7 6280.29 4344.58 5516.48 7659.31 7139.71 5674.87
6589.72 5766.41 5810.62 6360.14 6709.44 4041.14 2720.59
5266.1 8482.6 6017.03 4574.95 10303.03 1292.21 6134.07
7396.05 6565.75 2876.49 1682.58 6911.02 645.77 3992.97
5364.63 6724.11 4136.69 6622.63 1320.97 6456.64 8239.62
5320.8 1995.85 6916.01 3544.79 6780.97 2726.11 6590.9
8286.18 4357.45 1274.77 6133.28 670.29 6555.34 5009.15
42 1557.77 3814.85 487.9 2670.55 1920.05 3451.72
3949.3 3147.37 4787.1 1431.56 2931.73 1009.31 1271.62
3379.63 3451.55 4853.81 2174.39 2591.96 3905.56 1869.95
2969.79 3114.18 2222.56 4321.95 1791.11 5342.22 949.5
3195.88 2760.15 1340.54 856.02 1634.24 3326.55 1941.3
4094.17 5753.36 1986.12 5504.47 2816.22 4665.31 3465.66
1414.59 3295.68 4422.98 3235.9 4023.3 3526.54 1864.25
4424.28 3830.38 2096.33 5484.05 3336.34 1224.73 1396.52
3235.23 5015.28 2947.85 1053.75 6815.38 2674.58 3273.84
4219.1 3592.58 1054.89 2546.31 3119.08 3853.9 3104.32
2079.11 5047.28 1858.98 2890.78 3435.08 2795.28 4856.29
3590.62 2948.53 3194.97 353.04 3060.56 3329.91 2781.27
4544.63 787.89 3202.93 2913.34 3217.59 5619.69 2465.64
202 2792.6 4397.04 3734.22 6620.79 2813.57 5506.71
189.01 5531.35 2331.59 3957.75 6568.6 5029.45 3142.18
1643.17 4825.09 4176.4 3599.18 2175.37 6743.22 5373.42
1545.27 3140.3 3723.0 7473.02 4573.84 6715.45 4192.34
2252.63 5077.96 5041.26 4671.83 5218.7 3153.29 2995.8
4653.23 7219.1 5593.2 5532.87 1309.42 5668.61 5250.94
2906.0 7378.45 685.35 3050.5 7817.69 5754.62 5286.74
3667.22 2897.54 4987.55 2763.22 5011.32 5152.46 4234.21
2694.36 6595.89 4143.31 3960.27 8254.89 3869.44 3987.54
8275.75 4405.51 4009.26 2460.53 6640.32 4255.68 1329.11
4023.35 3437.82 5658.05 5642.53 2343.26 6649.65 6253.33
2460.51 1836.26 6919.46 3745.85 5732.79 1028.72 6219.99
7061.17 4868.75 2441.57 6986.55 3734.12 2961.94 3072.23
22 5171.49 2258.37 5386.48 7896.35 3494.38 3921.65
3796.04 4250.07 1665.93 4166.67 6191.05 5806.96 5363.34
2656.21 3076.45 891.15 3320.0 3033.89 5352.71 7230.21
4895.66 2269.54 6526.63 6202.9 4363.59 3933.2 4728.46
2386.84 4034.9 6713.48 5330.85 5324.79 6604.41 5730.19
2239.17 4368.09 5543.65 2067.43 4283.7 2987.43 3573.38
4064.92 8026.67 3373.47 2140.13 7380.33 4192.66 5182.63
1012.56 1576.83 4550.61 1668.67 3403.8 6571.7 6414.28
2178.45 4036.89 2911.81 4483.95 5165.6 6872.32 2468.39
8491.57 2495.78 6047.12 5596.07 6081.99 7679.61 3211.84
3641.34 501.19 7219.71 4658.37 5951.29 6594.27 3661.0
1944.93 5212.43 6570.66 5226.19 4619.95 4566.47 5705.83
5227.59 5898.93 5937.62 7500.29 7023.12 1562.49 2911.99
429 3269.22 5689.68 2355.57 590.94 4073.69 4830.78
5938.58 4421.58 6948.05 3337.89 3061.83 1752.27 2915.0
5530.05 5140.81 6879.53 4176.37 4752.39 4635.16 911.37
4696.54 5204.91 2957.58 4658.46 3364.02 6705.28 2765.98
5355.6 4199.74 1014.56 2199.45 2573.97 4284.17 3276.68
5933.02 7020.41 2650.09 7325.53 4737.76 6276.02 4977.13
3574.96 1770.55 6473.78 5339.59 3529.22 4788.09 2844.41
6493.55 5959.55 3435.47 7645.0 4929.51 939.68 1971.13
5373.73 6326.93 4813.59 2996.17 7980.72 3241.99 5206.35
2900.64 5440.46 2073.74 3973.36 3352.22 4243.94 5216.53
3943.89 7174.43 412.43 3997.59 4758.72 2560.34 6277.73
5743.91 4557.93 3073.51 2416.2 4167.7 5154.26 3259.49
5382.46 1582.52 4506.42 1745.65 3857.89 7781.02 4569.14
234 3634.51 1214.81 3132.52 4847.17 1941.11 942.83
4378.89 1017.48 3733.64 1426.51 2802.02 2797.04 3592.16
3018.84 609.82 2589.65 1050.51 2399.78 2259.31 4607.43
4389.79 1603.02 4837.09 3072.78 1184.74 2580.0 1915.83
2430.32 663.93 4064.1 2372.14 2073.48 5583.16 4247.15
1408.56 3039.79 2213.38 2778.16 3857.87 1820.32 742.49
2281.9 4733.93 4471.88 1755.68 4010.42 1188.78 1872.52
2396.59 2339.98 1213.4 4312.68 536.86 3785.38 4216.82
2068.18 2310.41 525.63 1796.23 4130.6 5284.28 940.41
5111.47 952.49 3847.79 4549.47 2704.39 6397.53 3238.88
817.78 3292.74 4407.84 1313.31 5314.92 3215.77 2077.47
2488.9 4576.08 3182.84 2908.09 1322.19 4425.49 2318.34
2495.11 3018.37 5160.65 4195.7 5706.58 4356.16 1495.6
491 3972.88 3042.63 4519.41 7337.88 2803.99 4565.44
2007.56 4752.82 203.11 3856.89 6350.48 5378.57 4247.02
1321.48 3729.08 2295.59 3131.6 2080.19 5985.21 6381.24
3309.56 2150.41 5236.27 6811.71 4299.38 5244.94 4322.44
1533.47 4386.52 5924.51 4922.87 5188.55 5045.76 4429.11
3205.94 5731.82 5501.17 3693.34 2758.69 4193.49 4238.31
3256.63 7766.16 1526.05 1991.13 7619.21 4845.27 5141.01
1889.38 1429.57 4625.68 832.93 4010.4 5890.5 5384.79
1724.11 5230.72 3220.02 4055.16 6670.78 5510.23 2873.47
8450.67 3166.8 5058.73 4129.36 6326.22 6152.07 1775.34
3572.28 1364.59 6503.97 5033.23 4312.57 6614.47 4855.28
1279.54 3636.15 6733.98 4422.15 5060.64 2897.39 5907.39
6085.76 5357.33 4343.94 7284.76 5543.1 1000.37 2543.44
120 5248.33 2674.28 4461.76 5067.17 3823.37 1066.57
6350.55 1026.43 5591.93 2929.72 2146.96 3475.14 5110.4
4995.68 1904.78 3990.41 2958.13 4364.09 559.92 5391.67
6232.72 3545.5 6244.29 1353.97 2328.0 1919.42 3141.55
4401.53 1496.43 4902.19 3257.68 2546.58 7207.46 5809.78
2640.81 2100.33 2360.3 3445.12 5749.15 2106.88 1390.0
4027.4 4434.37 6448.41 3686.47 2892.02 794.3 2266.08
4011.93 4198.79 1952.27 6103.11 1617.93 4526.13 5402.27
4020.17 1524.33 2452.99 3183.72 2991.15 6699.51 2755.28
4352.5 2490.84 5086.3 6241.3 1879.17 7870.62 5208.62
2578.9 4931.23 5016.65 1145.33 7072.01 2735.17 1671.45
4420.34 6378.44 2391.64 4242.13 979.04 6329.77 1778.67
541.4 3812.67 6888.74 3927.76 7210.16 6113.1 3466.19
332 1473.92 2990.78 1927.69 4801.99 781.74 3642.11
1947.42 3578.55 2743.23 1856.14 4456.09 2994.5 1688.29
1280.53 3127.96 3454.38 1666.65 668.39 4737.29 3780.74
1686.82 1773.19 2831.14 5421.02 2486.89 5166.83 2086.49
1312.02 3109.81 3333.47 2598.35 3107.49 3112.03 2043.56
3293.14 5658.03 3480.71 4531.32 1147.29 4205.79 3450.53
805.89 5390.45 2323.78 1796.04 5705.41 3856.67 3174.68
2930.15 2143.91 2908.42 3432.04 3225.15 3331.34 2800.96
1580.88 4960.68 2416.99 1848.8 6743.09 3192.67 2447.71
6221.98 2889.83 2463.06 2045.01 4532.76 4103.29 966.6
2026.72 3272.88 3924.51 3615.05 2675.65 4545.03 4669.02
1754.69 1905.9 4806.68 1853.23 3725.19 1725.27 4114.74
5142.83 2890.74 2562.19 4960.62 3416.92 3587.3 1324.15
432 4621.1 6059.18 3584.03 1059.09 4974.38 4823.99
7182.68 4386.8 7864.96 3980.31 2498.42 2398.65 4272.04
6542.03 5365.47 7389.7 4808.17 5719.77 4165.8 2471.43
6077.58 5894.63 4497.1 3909.8 3746.09 6526.4 3464.01
6248.6 4326.12 2474.4 2856.16 2790.09 5826.21 4734.93
6247.85 6743.99 2643.01 7551.7 6023.97 6341.86 5062.17
4580.29 282.7 7659.0 6048.14 2390.44 4693.95 2974.01
7090.67 6704.7 3633.59 8552.86 5089.09 2221.79 3474.01
6165.95 6129.89 5238.57 3729.98 7575.95 4798.2 5673.63
1372.59 5797.22 3502.6 5432.33 2777.49 5800.07 6323.39
4460.48 7880.98 1950.79 3907.71 6254.95 1908.89 6175.61
6581.73 5978.45 2314.95 3566.64 4047.56 6497.87 2891.43
4902.62 2466.63 6002.73 716.06 5415.96 8664.55 5316.79
115 6143.8 3395.18 5326.92 5646.14 4728.35 1918.44
7234.55 1933.84 6363.18 3832.19 2632.89 4247.41 5995.58
5859.03 2693.15 4608.02 3857.75 5253.02 1022.05 6128.58
7141.03 4383.78 7105.57 1263.49 3220.72 1961.62 4017.12
5256.68 2404.09 5663.49 4080.31 3333.72 8098.22 6696.98
3302.73 1913.53 3091.14 3827.69 6655.39 2553.24 2203.76
4935.06 4846.47 7308.73 4516.72 3010.29 1668.58 3063.05
4707.28 4986.97 2830.4 6833.73 2442.7 5273.88 6230.34
4860.18 1640.91 3303.93 4074.67 2522.64 7559.45 3564.24
4554.88 3248.35 5928.45 7141.76 2338.98 8735.59 6094.29
3485.64 5610.26 5715.99 2018.5 7976.83 3209.07 1945.64
5243.73 7286.12 2769.84 5110.9 1863.62 7235.1 2388.13
367.34 4596.08 7791.46 4382.62 8082.9 6826.76 4350.69
440 2482.79 6086.49 2110.25 2172.99 3985.66 5659.26
5115.66 5310.3 6591.5 3713.96 4441.75 2609.66 2190.12
5121.25 5729.61 7044.84 4428.19 4481.59 5831.97 807.85
3672.14 5271.02 1566.91 6027.44 4015.64 7568.08 3207.65
5136.63 4972.51 1189.73 2864.11 3536.59 2802.75 2186.3
6370.47 7953.04 3762.14 7778.22 3915.21 6939.65 5711.83
3409.29 3441.08 5727.23 5369.89 5121.79 5693.81 3817.17
6578.26 5894.36 4246.47 7269.62 5599.19 1587.81 1062.05
5292.04 7222.58 5226.3 3335.98 8988.0 1707.8 5535.58
4572.43 5869.93 1423.35 2803.02 4710.05 2590.43 4681.14
4361.34 7087.25 1346.05 4973.51 3428.06 4034.39 7094.13
5570.97 3447.73 4543.45 2302.86 5149.72 4182.04 4510.16
6544.21 2271.03 3186.84 3399.88 2285.49 7433.73 4626.68
266 992.73 3564.3 518.37 3369.23 1380.61 3538.82
3213.95 3308.93 4140.96 1393.61 3494.9 1703.03 834.82
2701.89 3355.47 4440.53 1900.96 1953.34 4240.32 2390.2
2295.26 2664.73 2056.48 4760.01 1951.75 5355.4 1172.84
2589.58 2869.29 1913.44 1422.03 2130.28 2929.86 1530.39
3861.52 5801.33 2509.71 5247.18 2091.34 4565.65 3479.37
809.46 4030.82 3691.25 2762.84 4654.68 3667.48 2303.58
3971.13 3301.41 2340.03 4836.26 3309.45 1896.18 1570.21
2698.12 5063.64 2749.47 1096.03 6885.62 2505.08 2996.99
4941.06 3373.21 1191.45 2012.69 3646.03 3637.03 2388.96
1963.97 4507.42 2493.48 3150.58 2888.98 3435.83 4855.16
3008.55 2315.85 3793.71 418.72 3305.59 2621.08 3269.9
4811.02 1520.17 2676.41 3641.67 2956.13 4981.51 2023.33
482 3807.01 3694.33 4515.06 7403.94 3003.14 5129.24
1436.94 5272.45 937.85 4139.58 6721.34 5547.49 4117.96
1409.55 4322.64 3052.01 3509.5 2240.2 6514.41 6329.27
2895.38 2655.1 4968.67 7320.85 4652.79 5947.95 4541.57
1867.16 4873.65 5912.9 5116.04 5481.51 4601.62 4179.41
3884.71 6440.65 5819.87 4450.46 2430.68 4890.23 4817.23
3356.23 7952.31 844.85 2509.88 7996.32 5404.02 5470.87
2624.02 2055.6 5014.88 1250.22 4582.06 5931.34 5264.11
2187.09 5910.8 3749.81 4278.08 7400.53 5191.12 3451.38
8714.06 3789.15 4970.29 3777.07 6726.82 5712.2 1651.84
3961.95 2122.21 6513.93 5506.8 3820.64 6929.96 5540.11
1775.47 3216.64 7098.81 4454.04 5553.49 2425.13 6302.4
6675.76 5477.52 3888.27 7496.98 5145.53 1449.02 2910.46
467 3406.86 2220.12 3778.98 6511.14 1955.2 3653.3
2160.98 3818.98 988.8 2938.73 5401.4 4502.73 3631.87
843.79 2837.73 1856.96 2187.69 1315.74 5056.71 5651.62
3088.27 1204.03 4743.77 5876.22 3356.12 4507.17 3429.44
673.49 3442.15 5166.83 4037.67 4258.67 4787.22 3939.69
2429.61 5005.93 4562.87 3200.49 2470.16 3447.08 3335.95
2466.85 6869.8 1938.46 1047.94 6668.98 3930.43 4200.82
1336.82 593.79 3676.07 1661.85 3102.6 5092.75 4732.38
773.97 4446.36 2287.04 3163.25 6000.83 5072.83 1968.12
7522.66 2304.31 4382.06 3778.28 5375.03 5861.05 1398.72
2624.39 1354.26 5723.26 4086.79 4150.5 5674.81 4080.89
329.05 3401.13 5785.36 3653.62 4118.58 2792.56 4956.53
5193.16 4510.71 4126.27 6378.22 5206.25 1772.37 1608.02
105 2474.44 3183.4 3143.3 6035.98 1753.93 4302.61
1033.78 4350.81 1701.85 2922.48 5546.6 4219.55 2768.97
447.71 3604.74 3105.58 2442.23 1024.52 5577.41 4962.82
1854.2 1918.6 3714.72 6333.06 3498.38 5499.26 3257.73
1035.79 3907.52 4541.46 3805.97 4244.06 3580.7 2908.45
3446.72 6002.92 4602.01 4408.11 1260.6 4457.1 4037.95
2019.28 6621.36 1157.81 1833.13 6815.4 4556.35 4270.26
2573.71 1759.61 3894.94 2341.48 3797.77 4561.53 3915.28
1479.76 5374.39 2928.9 3002.54 7045.86 3989.78 2765.2
7426.17 3184.63 3609.98 2621.66 5587.47 4675.01 280.21
2883.58 2558.04 5142.1 4496.8 2904.94 5695.83 5033.68
1300.87 2175.49 5912.91 3085.47 4574.59 1531.09 5162.42
5862.11 4128.15 2898.66 6181.63 4045.67 2519.1 1883.31
115 2485.14 6718.83 3121.41 4582.57 4360.4 6879.88
4067.19 6638.61 6094.12 4734.74 6387.38 4385.42 2511.85
4760.25 6649.63 7260.67 5135.37 4467.86 7475.38 3139.15
2596.68 5575.97 1349.59 7869.08 5269.46 8679.83 4439.72
5060.56 6207.34 3264.49 4409.83 5188.94 890.45 1861.0
7024.59 9134.72 5515.88 8327.97 3154.1 7836.26 6813.68
3864.68 5815.77 4714.62 5609.09 7288.13 7003.25 5431.44
6729.65 5918.9 5628.6 6673.37 6634.37 3641.89 2351.6
5386.99 8399.02 5992.95 4422.5 10221.98 907.97 6150.42
6940.09 6570.72 2567.42 1810.93 6613.31 298.0 4210.05
5283.26 6938.56 3672.37 6437.52 1721.11 6104.79 8176.95
5487.77 2270.8 6579.73 3338.98 6601.79 3056.7 6315.66
8100.57 4036.04 1601.24 5701.36 400.66 6865.22 5041.17
307 1345.91 3249.98 755.74 3388.2 1200.03 3167.14
3344.45 2936.87 4063.69 1022.44 3208.09 1543.86 1207.22
2666.87 3002.69 4193.91 1582.49 1869.84 3882.13 2553.11
2564.99 2431.36 2420.7 4421.83 1582.74 4990.79 831.58
2471.28 2496.8 2041.36 1186.46 1832.73 3296.92 1900.79
3542.77 5433.71 2216.08 4939.41 2288.24 4216.58 3112.26
694.64 3932.51 3774.17 2543.74 4400.1 3294.98 1982.63
3744.35 3120.55 1976.79 4760.58 2946.25 1949.43 1857.89
2521.66 4695.48 2416.21 727.37 6516.79 2871.49 2688.72
4786.41 3048.8 1477.41 2359.3 3342.1 4008.41 2424.45
1606.79 4336.18 2580.72 2785.45 3225.58 3195.35 4491.63
2868.54 2617.24 3523.37 559.4 2938.52 2845.41 2954.21
4443.5 1434.85 3020.28 3509.84 3328.42 4895.3 1781.66
45 2250.76 2093.54 2362.44 5026.86 478.57 2878.87
2459.54 2885.98 2446.36 1517.54 4105.62 3023.07 2382.8
1230.44 2278.75 2651.73 958.99 470.2 4101.42 4220.86
2559.82 901.01 3611.85 4849.03 2039.79 4295.31 1961.65
829.78 2433.59 3718.02 2563.28 2859.86 4001.8 2859.83
2395.77 4791.02 3195.27 3651.13 1976.61 3317.01 2648.42
1038.0 5405.41 2635.07 956.55 5380.05 3117.83 2847.03
2153.06 1454.26 2422.43 3136.62 2413.78 3619.91 3391.27
851.05 4107.6 1568.01 1694.37 5870.6 4004.5 1554.98
6108.07 1998.56 3021.39 2933.52 4127.28 4970.19 1317.72
1399.0 2663.7 4257.12 3013.0 3569.67 4305.93 3802.13
1194.43 2796.08 4480.0 2212.12 3094.35 2519.83 3701.64
4422.87 3025.04 3459.5 4925.23 4277.91 3256.05 453.21
175 1352.49 5477.13 1621.6 3301.38 3171.21 5432.65
3800.48 5161.0 5457.63 3305.5 4838.92 2835.68 1195.11
4005.49 5294.38 6223.56 3827.98 3489.59 5943.94 1840.61
2318.71 4461.42 236.68 6320.26 3790.31 7281.98 2947.09
4138.21 4747.92 1809.64 2867.69 3644.4 1565.23 872.49
5778.51 7718.22 3966.79 7143.81 2630.35 6504.85 5400.34
2612.67 4436.96 4429.88 4528.57 5768.27 5533.98 3891.98
5717.82 4960.45 4127.02 6111.49 5239.72 2152.56 828.12
4377.01 6978.84 4683.12 2964.91 8795.92 642.75 4905.76
5537.38 5297.99 1017.59 1430.97 5063.08 1823.14 3511.99
3900.64 6097.49 2316.97 4928.82 2077.7 4571.12 6784.27
4580.88 2078.5 5038.59 1847.07 5096.85 2834.63 4766.23
6585.77 2487.75 1830.37 4256.35 1238.36 6287.06 3858.3
254 7278.58 3310.11 6736.73 7772.61 5498.29 2941.23
7510.38 3289.86 5978.94 5038.6 4858.52 6040.73 7238.54
6053.81 3117.22 3851.62 4643.4 5733.44 3197.77 7968.78
7897.63 4595.56 8475.72 3676.24 4600.54 1067.87 5440.91
5454.17 3632.41 7450.06 5733.03 5124.8 9214.95 7893.82
3042.66 644.8 5011.83 2546.22 7310.85 2037.47 2943.75
5912.38 7140.67 7371.53 4660.77 5417.61 2907.77 4843.41
4211.36 4840.91 4350.21 6228.48 3113.36 7102.47 7785.9
5009.95 1375.33 3812.74 5384.68 570.21 8925.72 3792.16
6951.8 3349.18 7432.11 8166.72 4581.75 10045.01 6464.74
4464.3 4920.09 7644.81 3671.95 8886.64 5448.25 1571.77
5246.29 8123.01 5073.67 6509.78 3498.69 7831.82 4495.47
2490.66 6348.98 8753.28 6641.78 9354.04 6151.91 4895.46
110 1323.59 5460.41 1619.8 3336.62 3150.21 5428.14
3760.81 5159.16 5423.61 3298.4 4853.62 2849.7 1174.55
3972.68 5283.43 6199.5 3813.38 3461.65 5949.25 1877.09
2277.99 4438.91 208.53 6330.6 3788.1 7274.32 2945.89
4109.45 4744.22 1838.92 2875.08 3652.71 1533.63 834.87
5762.13 7711.92 3977.27 7125.33 2592.07 6492.99 5393.21
2593.6 4468.06 4390.71 4504.92 5789.07 5531.44 3898.79
5692.73 4933.34 4127.5 6076.52 5231.22 2178.43 852.69
4350.96 6972.65 4669.29 2959.99 8790.47 632.59 4888.86
5566.99 5282.63 1028.82 1389.76 5076.27 1814.18 3477.56
3890.6 6067.99 2350.71 4930.45 2038.61 4590.03 6776.14
4552.1 2037.33 5055.82 1844.58 5098.03 2794.04 4776.98
6588.49 2502.94 1790.95 4284.08 1219.74 6252.42 3837.88
351 1947.07 4188.7 2911.69 5783.48 2251.36 5078.74
772.8 5044.49 2732.63 3325.91 5888.6 4252.98 2297.71
1580.07 4485.48 4246.7 3111.77 1773.21 6216.52 4527.05
791.94 2900.82 2916.94 6901.74 3963.11 6471.01 3486.11
2091.53 4578.32 4198.98 3922.41 4520.02 2516.4 2165.75
4471.41 6971.76 4900.8 5522.93 471.7 5456.15 4859.58
2214.8 6571.81 1404.39 2851.56 7116.12 5306.49 4615.56
3711.5 2888.14 4386.39 3289.19 4625.87 4320.1 3388.59
2522.5 6305.76 3777.82 3273.11 8038.53 3102.11 3708.07
7495.64 4147.44 3163.57 1683.3 5983.77 3626.21 1060.12
3497.92 3692.01 4815.8 5095.78 1782.48 5925.36 5987.04
2425.83 1115.35 6226.0 2938.88 5203.63 382.28 5571.02
6603.19 4070.92 1810.08 6195.59 3043.22 3482.16 2664.8
441 6427.23 2483.55 5905.45 7082.39 4643.63 2141.68
6693.48 2520.66 5254.38 4202.05 4256.39 5273.64 6392.28
5236.39 2262.82 3176.07 3789.2 4889.22 2655.5 7193.9
7046.72 3762.07 7634.27 3278.62 3788.47 231.17 4621.77
4631.16 2826.34 6667.77 4943.21 4372.33 8361.02 7043.73
2230.28 376.91 4293.86 2006.09 6462.99 1211.05 2109.91
5059.1 6542.35 6580.85 3834.53 4968.11 2147.21 4094.88
3479.71 4055.28 3564.44 5558.82 2268.63 6331.6 6965.07
4187.34 614.36 2958.15 4553.91 1384.93 8082.92 2947.47
6462.7 2506.32 6606.93 7312.1 3996.49 9196.88 5632.71
3617.77 4252.45 6893.0 2938.29 8032.7 4839.79 722.93
4444.5 7269.98 4512.48 5678.79 2771.23 6988.6 3852.55
2043.37 5570.01 7898.64 6026.43 8504.94 5499.56 4044.02
293 3714.35 1683.96 3072.22 4491.27 2192.33 747.67
4740.92 607.67 4223.84 1397.89 2299.72 2503.41 3623.63
3430.84 948.16 3079.02 1331.64 2751.57 1826.74 4383.92
4612.81 2075.22 4830.52 2610.9 941.06 2620.61 1772.52
2862.56 162.96 3847.9 2123.09 1691.44 5679.83 4306.06
1838.74 3035.79 1774.47 3145.16 4119.25 2040.53 758.06
2426.67 4290.24 4879.98 2232.89 3501.61 901.03 1458.0
2903.4 2836.04 810.05 4813.15 694.46 3535.97 4117.23
2527.75 2296.45 1028.1 1722.86 4108.52 5284.29 1449.41
4622.59 1424.67 3762.98 4677.28 2196.05 6427.87 3598.98
950.95 3801.61 4134.11 811.84 5483.14 2731.44 2138.71
2959.04 4771.03 2678.68 2845.25 842.39 4698.99 1813.84
2169.1 2765.35 5311.35 3749.77 5747.02 4860.11 1869.45
443 1967.44 6128.01 2248.81 3471.31 3815.64 6063.55
4229.02 5780.97 6008.85 3946.0 5338.15 3353.27 1841.25
4575.36 5942.46 6857.15 4479.32 4103.8 6521.61 2019.29
2710.01 5101.24 606.28 6857.44 4413.33 7922.64 3567.23
4745.83 5376.1 2153.77 3439.22 4205.48 1500.66 1412.15
6429.58 8354.69 4509.01 7792.88 3114.24 7154.1 6039.93
3261.0 4694.58 4873.06 5164.26 6191.77 6156.82 4463.22
6346.81 5578.58 4736.79 6647.23 5882.93 2540.29 1301.93
5001.64 7615.1 5334.18 3599.26 9429.25 419.13 5556.51
5818.18 5949.36 1589.49 1794.86 5576.71 1341.94 4062.45
4547.43 6697.56 2550.57 5531.24 2213.29 5024.22 7426.23
5187.86 2426.23 5509.43 2475.71 5701.56 3226.28 5303.37
7179.85 2997.87 1993.77 4581.49 953.16 6827.81 4503.95
55 5756.51 4474.47 6380.95 9216.28 4681.56 6122.41
3357.98 6379.36 1786.24 5707.49 8125.46 7253.73 6054.18
3177.79 5258.82 3280.88 4943.39 3958.96 7570.7 8231.05
4858.13 3894.48 6943.04 8417.43 6108.2 6366.49 6190.46
3401.78 6067.37 7787.1 6794.7 7024.35 6538.94 6151.02
4542.12 6805.16 7320.46 4485.96 4405.73 5394.6 5777.06
5134.11 9634.07 2712.12 3730.71 9379.58 6403.57 6956.25
3141.08 3084.9 6403.71 1112.35 5571.44 7764.84 7200.24
3528.07 6452.62 4880.62 5923.43 7584.91 7164.86 4476.79
10287.71 4663.94 6889.89 5748.96 8074.48 7645.3 3560.85
5367.18 2235.95 8373.0 6717.8 5735.26 8428.66 6073.53
3091.28 5175.19 8511.1 6292.39 6719.29 4372.07 7665.07
7549.39 7236.79 5825.07 9145.93 7101.33 1048.46 4374.65
243 5022.84 4798.61 3945.21 2848.27 4557.43 3265.41
7128.89 2855.04 7204.1 3391.16 834.91 2469.09 4733.3
6121.62 4002.98 6203.6 4035.7 5307.74 2239.83 3803.54
6398.53 5058.59 5444.28 1844.04 2870.77 4695.21 3100.01
5668.75 2991.67 3509.75 2682.16 2074.75 6700.31 5372.91
4908.36 4837.06 1708.99 6039.93 6140.68 4732.34 3576.07
4385.97 1818.0 7462.37 5222.38 558.06 3058.55 2047.05
6031.74 5871.67 2549.43 7842.75 3683.19 3113.44 4396.12
5446.15 4300.38 4132.12 3333.05 5581.55 5846.19 4569.49
1584.12 4545.36 4240.51 6008.05 971.62 6989.28 6079.81
3595.42 6918.25 3281.44 2395.49 6895.21 671.07 4421.44
5890.79 6405.8 453.78 3810.34 2474.51 6700.83 1318.42
2928.79 2776.07 6658.32 1431.54 6456.35 7912.75 4629.31
265 1933.53 2345.08 2018.96 4716.65 171.31 2950.44
2491.5 2906.06 2736.18 1332.25 3955.75 2744.9 2048.24
1422.5 2432.27 2987.32 975.84 592.42 4089.56 3880.99
2384.17 1220.91 3288.01 4803.45 1914.9 4476.16 1710.92
1127.79 2440.82 3382.21 2296.65 2662.62 3738.24 2550.14
2650.46 4965.13 3014.79 3946.28 1840.11 3530.36 2752.82
693.37 5141.69 2747.38 1291.55 5224.74 3171.14 2679.88
2494.3 1798.78 2321.21 3431.15 2526.75 3295.42 3046.1
1195.48 4264.28 1722.92 1446.38 6052.04 3688.69 1786.24
5882.02 2222.45 2675.92 2671.85 4000.34 4679.61 1376.29
1364.45 3005.64 3928.55 2977.68 3355.69 4115.09 3976.72
1521.18 2593.7 4322.29 1872.82 3076.21 2410.21 3576.0
4464.92 2723.66 3228.23 4673.4 3984.58 3558.68 659.9
391 4664.73 3468.94 3698.91 3706.81 3704.06 1873.69
6340.18 1484.04 6077.74 2574.45 723.92 2417.18 4446.26
5161.2 2656.26 4874.37 3004.99 4397.48 955.74 4225.4
5881.54 3918.07 5420.44 1101.75 1943.95 3331.18 2513.77
4639.24 1712.26 3789.37 2366.49 1586.36 6540.85 5141.89
3549.41 3523.43 1255.67 4636.31 5507.01 3324.59 2198.14
3697.91 3010.04 6577.25 4079.47 1666.65 1654.42 1373.59
4752.91 4699.33 1530.56 6678.97 2329.95 3389.07 4462.51
4349.76 2933.83 2897.29 2668.7 4369.31 5863.06 3314.45
2989.85 3225.78 4203.44 5685.48 458.23 7043.91 5225.59
2552.8 5661.33 3789.32 1067.26 6563.59 1313.64 3027.6
4790.57 5958.4 986.39 3506.93 1105.55 6091.09 467.18
1706.51 2773.79 6349.78 2507.17 6429.12 6728.69 3600.17
95 544.4 4178.81 1586.52 4394.84 1838.74 4597.13
2163.54 4447.04 3722.02 2534.97 4851.08 3027.62 898.14
2284.34 4213.17 4679.79 2689.89 1886.35 5490.1 3122.27
949.45 2997.43 1690.16 6067.49 3165.42 6266.25 2485.1
2497.2 3982.13 2801.46 2779.67 3481.13 1904.3 881.31
4483.98 6744.61 3862.79 5754.49 949.62 5352.62 4462.36
1448.0 5247.46 2755.93 3025.84 6011.31 4773.1 3638.05
4151.54 3349.98 3582.1 4371.21 4255.68 2946.9 1989.76
2805.23 6025.67 3520.3 2342.46 7836.07 2001.55 3619.64
6222.94 4053.37 1759.16 839.85 4994.75 2873.03 1774.64
2940.04 4424.41 3417.67 4371.82 1613.05 4789.62 5762.84
2933.5 961.96 5152.29 1667.59 4511.31 1349.0 4609.51
5999.64 2792.77 1441.07 4908.01 2187.1 4547.86 2493.7
126 1340.96 5413.6 2310.35 4621.95 3072.18 5777.49
2708.0 5594.6 4668.49 3662.95 5729.92 3768.17 1537.26
3329.57 5436.19 5861.3 3909.96 3078.7 6567.14 3181.73
1194.23 4218.73 1162.31 7075.58 4263.87 7487.84 3499.23
3649.04 5138.4 3060.79 3645.43 4408.41 669.11 862.09
5718.61 7961.6 4774.37 6976.83 1723.87 6585.48 5663.65
2646.26 5686.45 3358.8 4237.43 6792.81 5936.59 4608.58
5326.5 4508.28 4662.89 5259.91 5464.09 3341.34 2066.13
3994.09 7237.4 4749.3 3411.87 9053.44 1178.1 4854.99
6753.14 5288.5 2059.09 400.54 5912.47 1700.04 2778.49
4129.75 5508.68 3622.72 5470.46 724.04 5566.86 6983.82
4070.05 879.1 5987.59 2482.34 5621.09 1689.4 5559.62
7123.95 3461.85 472.12 5444.17 1065.25 5449.71 3728.71
32 4902.88 682.25 4605.22 6437.53 3027.25 1670.31
4851.21 2077.49 3441.87 2948.34 4131.47 4396.34 4937.87
3395.05 1018.29 1521.84 2287.21 3126.64 3013.94 6186.29
5318.76 1961.29 6205.03 3852.2 2784.01 1717.42 3482.27
2798.95 2050.35 5641.75 3968.15 3646.01 6759.31 5528.26
388.53 2213.91 3734.68 1184.17 4712.58 659.05 1356.96
3528.71 6240.47 4724.02 2011.44 5202.29 1905.72 3420.62
1685.64 2199.02 2766.73 3818.72 1289.1 5376.74 5707.58
2355.23 1703.01 1441.98 3326.81 3220.78 6634.33 1236.23
6485.67 817.31 5329.62 5692.79 3960.06 7680.98 3818.38
2299.85 2548.43 6003.99 2549.08 6343.49 4629.17 1323.99
2589.86 5567.69 4484.59 4389.55 2457.07 5209.56 3646.09
2820.55 4612.91 6234.35 5699.55 6984.03 3788.39 2361.88
412 4879.1 1210.8 4382.46 5838.6 3110.77 843.08
5312.2 1279.72 4187.21 2674.76 3313.46 3890.87 4847.15
3871.18 723.69 2424.46 2245.01 3420.22 2092.37 5773.63
5536.88 2362.9 6094.05 2927.38 2323.31 1333.48 3128.74
3256.02 1414.15 5236.28 3513.24 3046.46 6815.18 5495.82
1098.29 1812.05 3059.22 1954.71 4969.0 678.14 637.17
3512.11 5505.22 5283.98 2466.91 4321.03 1027.33 2789.59
2503.09 2842.24 2178.79 4633.64 737.45 4926.74 5457.79
2824.62 1113.61 1433.4 3036.57 2902.48 6540.93 1513.56
5658.65 1114.36 5092.88 5769.49 3116.12 7649.85 4207.95
2074.25 3406.61 5522.43 1761.98 6504.1 3844.74 829.34
3155.57 5748.12 3647.94 4156.88 1638.92 5512.33 2840.23
1915.49 4156.11 6363.46 4967.34 6957.4 4623.07 2542.28
414 2730.01 2360.66 3127.57 5909.79 1372.04 3552.88
1850.52 3642.95 1539.35 2460.68 5026.62 3947.7 2955.25
398.57 2815.5 2368.78 1817.49 659.87 4882.78 4999.51
2506.0 1110.16 4070.65 5668.4 2958.21 4678.18 2899.98
216.62 3221.0 4524.88 3495.32 3802.31 4166.8 3268.66
2622.62 5181.86 4132.83 3618.76 1877.89 3633.79 3269.82
1834.8 6340.4 1840.39 1013.05 6301.56 3816.36 3780.6
1829.77 1000.19 3320.99 2236.19 3029.44 4471.1 4060.73
656.99 4560.98 2164.43 2633.03 6222.17 4406.48 1960.23
7052.62 2370.18 3714.07 3137.79 5032.78 5224.81 844.48
2270.4 2021.02 5092.82 3840.02 3572.83 5245.27 4216.17
545.57 2806.11 5404.62 3013.88 3899.0 2276.73 4608.08
5115.1 3924.82 3526.76 5865.33 4560.53 2372.99 1220.15
139 3064.32 7281.55 3726.16 5069.45 4924.09 7478.73
4410.28 7241.02 6509.08 5333.42 6978.49 4979.27 3108.41
5224.56 7234.4 7774.41 5715.56 4988.74 8079.72 3653.48
3007.94 6116.64 1952.59 8468.59 5872.54 9269.83 5043.97
5562.02 6808.05 3821.01 5012.21 5790.72 1276.37 2444.38
7587.37 9727.64 6115.12 8873.65 3600.29 8414.77 7407.79
4442.41 6327.84 5046.31 6142.1 7858.0 7604.68 6034.57
7239.79 6421.21 6232.99 7060.3 7225.77 4206.93 2936.47
5905.74 8992.97 6570.98 5024.39 10815.99 1505.94 6715.54
7456.98 7140.16 3165.91 2310.14 7207.73 327.99 4669.72
5874.93 7403.15 4194.05 7042.1 2023.0 6684.02 8766.44
5981.16 2682.97 7163.77 3943.58 7206.21 3425.95 6914.51
8705.27 4628.11 1968.56 6239.82 984.86 7255.19 5599.12
294 1986.74 5207.75 3078.77 5724.82 3067.71 5929.26
1638.58 5835.81 3800.03 3981.77 6377.92 4544.24 2315.81
2686.12 5420.03 5350.27 3958.29 2761.35 6941.18 4333.5
629.03 3928.38 2404.69 7557.36 4624.7 7446.69 3997.32
3168.9 5365.61 4126.92 4308.58 5005.46 1584.97 1859.83
5499.74 7942.02 5388.02 6606.35 1177.03 6458.96 5746.71
2847.45 6687.45 2269.1 3897.87 7539.53 6133.55 5153.24
4813.45 3986.75 5048.4 4308.49 5522.16 4344.5 3179.09
3586.15 7252.74 4707.84 3834.7 9021.86 2435.82 4696.68
7701.04 5140.59 3071.5 1173.13 6516.23 2675.56 2151.34
4288.6 4797.02 4723.66 5814.92 759.44 6316.54 6952.91
3524.74 591.9 6681.23 3184.11 5942.69 727.93 6125.39
7401.79 4291.29 891.14 6382.66 2194.2 4505.61 3599.78
209 667.67 4897.59 1551.74 3975.55 2539.78 5115.24
2863.21 4906.9 4564.66 2978.02 4971.3 3009.63 788.61
3134.05 4838.31 5494.01 3318.26 2708.52 5841.21 2581.27
1399.85 3774.98 849.82 6329.93 3557.07 6878.13 2768.9
3334.91 4459.24 2384.19 2889.0 3655.63 1323.84 110.23
5203.27 7340.76 4019.02 6517.0 1695.16 6017.7 5025.72
2045.21 4982.59 3491.69 3818.77 6035.34 5258.91 3861.49
4971.66 4181.48 3945.7 5205.61 4837.58 2631.13 1425.23
3622.18 6608.92 4173.92 2701.39 8431.01 1155.2 4328.61
6031.31 4748.48 1343.57 589.32 5156.06 2119.26 2618.19
3489.14 5271.99 2973.3 4756.69 1435.06 4808.76 6374.25
3774.09 1195.66 5228.12 1728.45 4911.82 1909.63 4807.06
6417.2 2706.76 1189.23 4717.08 1422.27 5385.09 3223.37
411 5558.15 1321.16 5260.42 7013.99 3678.31 2091.26
5382.8 2524.68 3791.36 3593.66 4566.05 5000.68 5596.22
3937.11 1609.63 1689.33 2945.89 3738.81 3274.04 6818.46
5934.57 2564.82 6863.43 4074.08 3391.24 1420.12 4118.19
3360.74 2586.65 6274.45 4584.7 4213.98 7403.26 6183.39
1015.68 1863.87 4268.3 718.79 5321.37 620.16 1833.07
4185.67 6744.05 5202.6 2594.97 5555.08 2277.35 3973.95
2021.51 2677.12 3332.75 4073.1 1829.01 5998.98 6361.99
2922.69 1558.21 2098.23 3971.83 2760.12 7292.05 1887.32
6910.62 1475.77 5984.65 6335.65 4367.3 8334.11 4391.26
2946.56 2765.77 6619.4 3007.24 6969.32 5094.15 1202.28
3103.3 6191.52 4899.68 5043.7 2889.94 5801.63 4091.71
2933.08 5231.41 6866.96 6204.57 7637.31 4012.47 3006.24
309 3096.23 4101.36 2008.42 1952.79 2996.56 3089.35
5386.36 2673.5 5861.53 1955.72 1553.42 531.47 2794.68
4585.67 3472.16 5392.51 2781.67 3755.54 2944.7 2166.02
4506.28 3867.99 3524.44 3114.99 1753.09 4953.06 1460.58
4249.36 2482.5 1732.72 879.4 847.58 4758.49 3425.99
4315.69 5268.35 902.14 5674.13 4311.4 4560.7 3257.09
2671.77 1987.26 5798.4 4021.65 2505.07 3036.6 1101.93
5073.93 4678.81 1728.75 6544.34 3232.59 1329.32 2498.0
4145.71 4573.91 3252.68 1727.73 6238.7 3942.25 3678.52
2747.71 3842.46 2307.2 4066.99 1805.02 5106.53 4427.58
2443.44 5854.88 1757.49 2244.51 4952.37 1281.47 4530.32
4566.93 4489.1 1733.88 1891.96 2414.68 4847.39 1596.24
3678.51 830.64 4713.75 1505.72 4541.5 6650.56 3294.81
35 5070.64 2445.59 5347.99 7926.02 3461.39 4116.33
3557.75 4426.55 1388.99 4210.24 6329.49 5847.62 5279.36
2492.35 3260.58 1141.18 3368.34 2944.75 5557.23 7205.93
4714.23 2292.72 6415.49 6408.36 4450.66 4219.8 4763.09
2289.26 4185.16 6697.5 5371.14 5410.03 6435.62 5613.09
2457.73 4661.77 5645.86 2377.52 4111.69 3254.84 3767.14
4022.07 8106.8 3108.71 2150.37 7536.51 4391.46 5282.02
1133.94 1535.79 4662.61 1353.8 3585.94 6573.96 6352.98
2136.34 4310.02 3034.65 4511.82 5473.08 6747.77 2594.91
8608.55 2670.03 5991.36 5444.26 6232.89 7520.72 3044.18
3716.51 326.48 7219.16 4819.04 5761.22 6713.13 3932.04
1848.14 5034.72 6711.74 5197.5 4790.44 4363.94 5847.82
5463.11 5921.07 5758.56 7585.67 6873.55 1248.58 2918.32
75 1930.2 2725.91 2366.7 5210.31 858.76 3578.52
1791.66 3571.22 2288.07 2026.4 4652.42 3334.09 2153.06
841.22 2974.75 3050.18 1632.76 280.42 4773.07 4230.39
1915.34 1455.04 3278.86 5499.86 2618.57 4974.83 2355.12
862.54 3112.35 3772.12 2910.7 3341.32 3470.53 2482.52
3020.07 5473.37 3701.26 4189.31 1306.64 3977.06 3350.5
1141.06 5738.81 2052.37 1445.07 5918.29 3814.08 3373.16
2518.01 1712.09 3024.97 2980.3 3115.7 3749.36 3264.71
1181.15 4798.82 2266.25 2099.0 6547.32 3627.46 2216.5
6526.45 2659.75 2923.78 2415.24 4702.24 4495.66 673.61
2050.38 2815.23 4354.97 3669.26 2958.35 4792.64 4486.03
1303.31 2179.13 5015.88 2274.54 3761.3 1828.03 4278.34
5117.23 3263.47 2874.93 5290.16 3818.06 3131.62 1153.36
417 1513.86 5657.18 2405.89 4556.8 3307.0 5969.57
2979.2 5771.99 4952.37 3840.64 5817.69 3835.22 1660.48
3611.48 5655.62 6131.86 4129.45 3344.66 6714.54 3099.84
1472.56 4475.84 1036.27 7197.87 4427.49 7704.27 3642.21
3922.97 5320.75 3027.08 3746.11 4518.2 452.52 958.92
5962.66 8173.83 4877.02 7233.85 2007.83 6815.84 5867.35
2858.78 5661.54 3630.13 4498.86 6848.73 6120.24 4729.43
5598.12 4782.16 4818.31 5542.49 5672.54 3332.66 2025.51
4261.94 7446.13 4975.52 3572.21 9265.39 958.5 5095.31
6744.39 5525.77 2070.97 667.83 6010.63 1420.47 3061.14
4330.69 5790.15 3565.45 5628.93 844.47 5627.48 7200.05
4346.33 1153.05 6061.84 2592.88 5783.25 1960.18 5669.03
7288.36 3515.88 617.68 5444.25 781.8 5732.57 3972.13
222 5562.25 4582.36 4524.6 3755.16 4801.27 2938.26
7430.52 2590.6 7231.74 3645.58 1105.59 3095.68 5304.36
6293.96 3764.56 5980.11 4143.24 5515.47 1641.06 4632.15
6864.55 5071.87 6137.92 1016.08 3041.01 4070.85 3486.57
5783.42 2860.95 4291.17 3196.11 2468.25 7345.58 5976.71
4637.27 4142.4 2086.3 5619.39 6537.53 4282.84 3279.81
4735.74 2718.24 7696.02 5233.38 731.97 2685.98 2337.18
5885.86 5852.68 2646.93 7831.83 3437.0 3886.33 5114.53
5501.48 3688.52 4047.54 3680.48 4794.31 6558.86 4459.58
2279.34 4347.19 4916.11 6573.27 966.65 7722.81 6331.77
3690.31 6799.41 4126.65 2211.36 7461.32 1396.28 3870.17
5943.04 6909.79 891.62 4360.24 2225.5 7114.95 1383.37
2216.01 3435.18 7234.46 2345.43 7155.57 7879.77 4741.08
298 1697.43 5912.25 2138.39 3691.05 3575.86 5937.96
3867.05 5675.71 5676.0 3801.37 5366.15 3364.42 1623.58
4254.0 5768.7 6588.68 4281.22 3816.36 6473.77 2224.19
2346.29 4846.84 361.73 6852.0 4304.26 7772.91 3464.38
4450.33 5256.5 2277.52 3399.19 4176.27 1191.3 1105.42
6215.93 8215.42 4498.52 7562.67 2764.92 6972.97 5894.51
3036.81 4876.38 4512.45 4901.89 6277.54 6046.35 4423.15
6072.07 5291.73 4648.36 6307.49 5727.39 2641.52 1334.43
4723.44 7476.72 5140.16 3470.05 9296.66 116.31 5340.25
5989.82 5743.57 1549.33 1431.94 5592.55 1291.21 3732.74
4381.43 6392.54 2735.42 5452.66 1860.66 5087.95 7273.09
4890.84 2059.92 5560.22 2361.6 5619.69 2861.68 5297.82
7111.73 3014.81 1635.43 4726.73 737.93 6489.82 4265.51
83 7736.12 3818.97 7159.06 8057.33 5977.84 3346.47
8023.28 3666.22 6493.85 5471.62 5095.17 6396.74 7684.22
6566.36 3591.41 4362.41 5113.9 6233.27 3422.53 8326.53
8389.12 5102.15 8911.47 3799.15 5005.86 1539.96 5850.96
5965.02 4037.21 7816.16 6111.44 5472.34 9681.15 8347.52
3555.17 1061.83 5332.03 3040.23 7806.9 2544.89 3382.1
6377.34 7358.13 7888.3 5170.34 5545.84 3282.74 5189.37
4727.61 5357.73 4731.41 6735.47 3565.0 7458.5 8193.12
5520.82 1796.99 4294.2 5809.03 64.3 9363.5 4291.47
7093.91 3849.89 7845.33 8638.29 4809.93 10492.82 6972.35
4914.54 5428.12 7981.93 4016.42 9369.88 5683.85 2041.37
5761.63 8609.62 5279.94 6932.1 3840.72 8332.58 4764.57
2683.36 6714.91 9232.04 6874.26 9804.45 6655.77 5386.39
406 5192.8 5916.29 4110.19 2000.39 5214.99 4500.6
7612.28 4070.94 8036.8 4114.37 2029.46 2727.01 4858.64
6808.29 5159.04 7299.1 4883.72 5977.44 3595.64 3320.53
6642.72 5961.52 5264.13 3186.6 3738.87 6039.22 3675.95
6439.65 4114.45 3218.13 3114.67 2796.44 6585.89 5397.78
6064.74 6196.44 2533.07 7280.36 6508.49 6003.68 4783.42
4907.67 697.05 8033.91 6122.22 1520.32 4323.79 2897.78
7063.02 6783.91 3522.44 8707.16 4854.96 2894.73 4211.35
6291.55 5642.7 5162.61 3939.88 6943.52 5602.2 5606.12
526.79 5655.63 4173.25 6083.75 2258.07 6655.76 6663.34
4483.38 7908.36 2779.32 3591.1 6939.54 1507.3 5742.47
6726.3 6582.55 1731.51 4044.16 3701.34 7022.61 2499.54
4292.58 2908.65 6689.98 792.17 6224.49 8799.98 5442.98
413 4229.75 2124.64 3480.36 4471.19 2820.14 581.95
5390.83 146.88 4837.75 1906.55 1909.09 2647.71 4102.5
4083.59 1310.28 3528.84 1977.53 3401.91 1173.37 4576.0
5212.37 2706.75 5261.58 1968.32 1320.06 2406.95 2154.17
3511.89 498.18 4060.03 2354.56 1736.57 6192.11 4798.82
2205.36 2748.25 1673.93 3356.29 4738.97 2100.12 866.33
3003.42 4080.83 5533.23 2860.88 3012.38 489.49 1458.26
3423.6 3441.63 982.89 5407.05 983.86 3709.44 4464.42
3167.2 2034.29 1628.52 2173.52 3770.97 5717.34 2014.39
4263.11 1885.31 4131.88 5218.43 1741.21 6880.92 4249.46
1572.92 4339.07 4258.35 337.02 6047.06 2423.43 1983.86
3592.69 5354.44 2262.14 3257.02 240.56 5322.04 1426.28
1565.87 2958.49 5864.52 3543.64 6212.9 5443.25 2522.77
215 3894.92 1255.64 3992.61 6464.05 2108.9 2840.39
3162.12 3084.93 1722.39 2736.78 4891.46 4376.81 4045.59
1742.97 1982.29 1003.92 1891.39 1789.87 4284.51 5816.86
3898.09 840.53 5260.02 5127.83 2971.43 3490.36 3296.4
1235.22 2783.45 5294.43 3900.42 3929.46 5516.55 4488.02
1424.64 3986.08 4172.57 2218.56 3269.43 2431.08 2500.16
2686.81 6624.83 2969.38 724.66 6122.75 3122.29 3807.56
488.11 442.99 3199.38 2221.63 2285.43 5142.82 5047.39
870.76 3451.63 1601.61 3051.1 4971.38 5637.7 1183.95
7142.56 1398.35 4673.56 4463.92 4815.05 6543.02 2248.4
2234.84 1203.04 5791.57 3431.46 4962.63 5251.09 3079.67
889.95 4189.05 5276.23 3821.81 3426.68 3680.88 4417.08
4322.42 4466.09 4902.19 6104.46 5862.15 2247.47 1488.83
416 1744.43 5937.57 2546.01 4499.43 3581.61 6194.6
3292.16 5981.5 5276.29 4055.33 5929.26 3931.78 1841.88
3933.0 5910.33 6440.81 4386.61 3650.16 6889.93 3032.49
1792.77 4771.34 973.25 7344.91 4625.4 7953.95 3821.46
4236.14 5536.43 3017.09 3879.75 4658.03 356.81 1145.02
6243.33 8418.62 5007.76 7527.83 2331.71 7081.23 6105.0
3112.87 5646.59 3942.82 4798.82 6922.48 6335.96 4880.48
5908.33 5094.98 5006.33 5865.32 5915.52 3348.4 2023.49
4568.7 7687.62 5238.26 3769.99 9509.27 758.48 5372.73
6745.16 5799.56 2127.44 983.53 6133.24 1105.31 3383.49
4568.14 6111.02 3523.16 5818.31 1063.44 5709.42 7449.87
4661.8 1470.89 6157.79 2746.26 5976.31 2273.92 5804.84
7481.62 3600.28 873.44 5458.56 458.85 6055.66 4254.13
34 2269.2 5264.47 1488.37 1631.46 3350.36 4702.13
4963.2 4338.17 6139.23 2863.5 3445.64 1608.49 1918.82
4687.17 4837.89 6326.04 3642.09 3956.6 4823.93 397.84
3672.12 4580.71 1947.57 5024.17 3083.93 6612.59 2319.17
4591.57 4022.7 181.51 1901.27 2537.82 3276.32 2237.02
5535.78 6983.69 2753.94 6947.19 3752.4 6033.79 4777.92
2801.22 2726.19 5522.71 4697.99 4195.93 4720.75 2819.9
5892.7 5275.83 3280.27 6832.86 4682.11 581.42 931.51
4675.21 6258.57 4389.26 2488.09 8006.82 2274.09 4734.09
3832.27 5033.75 1054.85 2932.91 3709.35 3356.21 4322.42
3509.71 6489.98 628.92 3984.23 3720.8 3064.29 6147.7
5005.72 3522.87 3566.66 1615.59 4160.54 4141.09 3501.77
5539.01 1280.66 3468.36 2570.79 2896.49 6981.4 3930.92
242 2132.31 2488.11 2485.79 5285.15 805.43 3393.79
1937.3 3408.05 2172.71 1963.04 4580.56 3358.31 2335.07
791.45 2762.83 2813.68 1479.6 52.07 4623.24 4357.57
2157.92 1212.5 3489.87 5366.98 2526.02 4748.62 2341.92
655.61 2955.79 3884.44 2919.13 3297.36 3712.48 2699.88
2780.56 5248.41 3647.31 3944.59 1545.38 3744.06 3153.96
1203.21 5760.85 2131.0 1200.29 5852.01 3636.18 3308.95
2283.87 1487.16 2920.85 2869.32 2917.01 3837.94 3426.59
941.04 4580.26 2058.99 2078.94 6319.13 3847.82 1986.91
6515.4 2428.86 3076.2 2654.89 4615.8 4732.27 795.49
1914.27 2618.5 4455.62 3531.66 3202.88 4749.64 4262.53
1097.8 2423.66 4949.91 2374.93 3615.33 2054.24 4190.48
4942.03 3313.36 3119.6 5299.27 4052.17 3010.97 956.76
187 2514.1 5434.05 1721.44 1408.08 3568.25 4809.26
5208.65 4433.86 6372.8 3032.84 3427.61 1682.29 2164.07
4923.83 4982.07 6521.01 3827.44 4186.6 4860.37 248.14
3912.51 4785.04 2138.84 5019.28 3214.28 6717.44 2477.71
4817.98 4137.12 330.48 2019.92 2607.72 3467.15 2468.9
5700.58 7077.17 2794.61 7110.85 3997.69 6168.78 4900.39
3025.51 2549.81 5768.0 4905.49 4110.95 4814.63 2890.9
6095.23 5491.07 3385.08 7067.16 4814.32 620.27 1154.07
4891.92 6357.41 4556.2 2661.25 8088.19 2440.07 4911.3
3667.54 5199.18 1298.86 3162.56 3699.76 3487.04 4564.05
3674.92 6706.62 412.89 4062.53 3937.94 3013.51 6259.52
5228.9 3758.64 3522.79 1838.23 4238.45 4383.83 3517.95
5585.53 1380.16 3685.77 2432.71 3060.34 7214.27 4136.12
73 4574.49 5139.95 3482.28 1944.43 4457.46 3763.57
6903.89 3329.31 7259.43 3341.04 1335.85 2038.47 4254.62
6050.78 4392.35 6517.79 4100.36 5220.64 2984.1 3008.12
6006.31 5176.17 4801.32 2718.03 2952.35 5381.31 2923.14
5667.73 3345.37 2788.53 2385.6 2014.09 6099.4 4840.08
5295.44 5575.91 1746.01 6534.38 5829.93 5276.89 4033.45
4177.2 960.89 7303.91 5337.17 1334.4 3603.4 2110.65
6276.88 5998.68 2737.5 7926.99 4093.53 2417.6 3740.29
5510.75 4983.86 4377.91 3183.72 6386.68 5174.82 4821.29
1254.94 4878.66 3644.29 5509.35 1600.7 6282.77 5926.7
3697.19 7121.22 2469.8 2846.87 6383.0 763.72 5055.35
5947.08 5970.77 1120.09 3390.29 2968.18 6361.16 1773.46
3714.1 2269.8 6137.62 520.1 5794.67 8017.78 4663.79
250 1782.22 5808.32 1853.26 3035.45 3541.95 5654.14
4261.24 5357.15 5906.4 3560.97 4856.03 2877.52 1580.26
4449.09 5576.29 6611.0 4146.01 3906.55 6063.3 1570.44
2773.45 4839.8 606.52 6382.67 3996.45 7529.68 3150.16
4559.33 4963.82 1669.91 2983.74 3742.5 1842.88 1333.79
6106.33 7952.32 4038.1 7487.28 3092.07 6792.32 5646.92
2971.94 4234.29 4891.53 4915.11 5705.52 5735.88 4004.52
6113.09 5370.21 4304.38 6564.21 5499.39 2054.17 834.31
4780.45 7213.02 4991.81 3203.05 9020.36 764.97 5239.63
5353.33 5618.18 1156.06 1875.56 5097.01 1826.57 3963.13
4179.16 6521.63 2089.81 5090.69 2456.33 4537.92 7037.08
5001.68 2524.15 5023.98 2079.13 5262.64 3290.58 4829.79
6730.98 2521.3 2216.95 4105.62 1378.11 6738.38 4222.53
168 3711.64 952.89 3278.5 5090.99 1944.47 1054.2
4282.52 1213.97 3525.13 1588.18 3061.53 3028.25 3693.33
2890.54 459.6 2325.48 1071.93 2325.26 2443.32 4810.11
4383.99 1428.87 4949.78 3271.69 1420.27 2506.37 2107.77
2288.78 910.45 4265.73 2592.9 2328.37 5642.56 4331.03
1158.94 2983.22 2476.16 2546.11 3831.63 1667.97 779.96
2340.45 4996.12 4340.21 1573.08 4261.95 1323.44 2133.02
2141.18 2126.81 1474.94 4088.64 541.5 3999.26 4372.97
1902.86 2269.52 336.03 1965.03 4074.56 5392.34 698.0
5375.1 690.76 3999.49 4596.42 2957.8 6488.06 3149.91
947.87 3043.33 4628.02 1552.17 5336.79 3479.76 2002.37
2308.54 4585.78 3441.24 3057.05 1545.26 4388.63 2576.43
2615.58 3236.45 5192.72 4458.29 5793.94 4125.89 1422.65
464 5468.62 3442.81 4567.72 4670.27 4264.79 1779.27
6868.42 1570.04 6295.99 3233.28 1654.42 3371.71 5282.51
5577.48 2643.19 4791.84 3455.43 4883.07 331.94 5209.52
6586.92 4189.95 6323.59 528.78 2590.75 2658.09 3304.95
5005.98 1987.86 4764.73 3265.36 2491.76 7390.43 5984.84
3437.19 2744.18 2202.89 4274.64 6154.81 2936.99 2125.88
4369.76 3872.66 7026.01 4340.67 2131.28 1498.59 2241.6
4780.45 4897.0 2168.93 6837.72 2331.27 4367.33 5398.36
4655.38 2276.97 3099.85 3410.72 3477.86 6772.32 3451.97
3644.98 3239.03 5119.9 6484.58 1359.86 7953.7 5729.78
3029.95 5702.64 4777.17 1416.19 7346.46 2228.33 2473.69
5075.32 6697.4 1793.7 4362.59 1319.74 6741.26 1448.36
821.15 3726.62 7145.12 3403.16 7321.35 6859.24 4013.77
436 2792.96 1462.13 2568.39 4868.04 940.25 2022.29
3304.59 2046.9 2918.49 1136.48 3466.6 2776.77 2830.87
1982.78 1455.85 2427.65 290.28 1320.82 3277.07 4303.74
3359.58 802.48 4097.9 4050.44 1431.57 3501.86 1700.91
1432.4 1608.23 3767.91 2300.7 2365.81 4677.01 3418.37
1764.38 3989.36 2645.31 3137.58 2803.2 2575.38 1795.25
1417.7 5041.33 3429.93 961.66 4735.24 2263.86 2280.19
2035.43 1623.54 1741.55 3564.92 1563.16 3580.98 3667.53
1160.89 3288.08 747.58 1464.68 5077.17 4524.3 890.79
5618.91 1294.98 3286.57 3617.83 3445.62 5573.71 2162.89
690.9 2784.32 4230.49 2219.56 4328.16 3751.56 3001.44
1605.79 3569.34 3850.52 2368.36 2282.58 3361.32 3024.9
3570.01 2879.33 4194.02 4528.5 4876.74 3646.39 420.85
404 1122.17 3279.75 817.44 3610.18 1076.38 3339.69
3056.36 3137.4 3865.86 1205.46 3500.61 1828.93 1048.5
2441.93 3105.04 4136.61 1624.07 1671.78 4126.48 2683.01
2274.87 2360.38 2304.99 4689.07 1808.76 5123.94 1109.42
2299.16 2685.46 2195.08 1483.12 2124.31 3087.74 1712.67
3579.09 5578.27 2507.99 4957.84 1990.85 4308.16 3258.08
509.39 4204.78 3499.46 2458.05 4696.88 3485.04 2265.16
3666.35 2999.24 2216.67 4562.3 3077.9 2149.12 1872.91
2396.08 4843.25 2479.57 967.67 6666.27 2746.19 2710.27
5074.6 3095.11 1495.07 2115.75 3629.57 3854.14 2164.8
1726.86 4207.19 2762.44 3017.75 2968.28 3492.83 4621.59
2713.36 2338.28 3818.71 682.46 3164.94 2548.31 3237.32
4665.76 1696.25 2770.92 3791.71 3165.07 4703.82 1720.19
17 2755.36 6995.55 3334.29 4610.28 4638.22 7117.58
4367.96 6865.87 6399.86 4974.47 6541.59 4547.09 2760.35
5064.42 6908.86 7556.35 5400.21 4762.94 7674.14 3192.62
2901.85 5863.93 1551.48 8044.15 5494.81 8931.95 4658.66
5359.71 6440.58 3365.77 4598.05 5373.76 1187.39 2129.94
7301.13 9382.54 5691.23 8612.77 3459.66 8101.04 7060.57
4133.14 5867.04 5014.48 5899.81 7405.8 7233.84 5622.54
7026.34 6217.53 5845.0 6978.39 6885.47 3754.3 2497.89
5682.09 8645.45 6259.07 4653.61 10467.77 1096.38 6425.97
6996.12 6843.18 2744.64 2113.68 6774.89 168.69 4514.71
5534.93 7242.28 3733.32 6650.89 2010.64 6237.13 8429.91
5788.18 2575.81 6720.12 3555.62 6817.18 3359.33 6489.34
8311.11 4194.0 1900.75 5780.05 690.73 7170.39 5321.62
419 3754.21 1799.33 4002.88 6623.48 2119.41 3338.98
2686.79 3552.76 1196.09 2947.86 5269.24 4566.56 3947.52
1335.92 2492.53 1335.92 2131.99 1616.4 4772.26 5863.48
3566.34 1050.73 5110.83 5608.21 3277.14 4039.33 3480.16
971.92 3216.52 5358.7 4092.32 4216.89 5240.85 4316.86
1975.89 4533.74 4491.05 2675.31 2941.27 2980.78 3005.93
2676.83 6883.33 2444.69 889.55 6520.46 3620.24 4125.06
811.26 228.37 3551.83 1757.62 2782.6 5246.93 5009.85
796.41 4002.84 2031.66 3221.06 5509.8 5461.67 1652.19
7466.86 1923.34 4646.77 4211.77 5215.1 6298.93 1879.78
2531.72 1021.52 5889.12 3867.43 4632.51 5590.46 3630.92
534.04 3872.42 5654.99 3854.74 3878.46 3296.04 4806.32
4845.75 4615.1 4595.44 6375.4 5632.56 1814.6 1617.7
485 4316.51 2191.26 4628.2 7271.12 2755.04 3821.95
2890.32 4076.53 898.22 3592.95 5867.07 5214.34 4531.06
1740.44 2959.51 1254.59 2770.43 2198.71 5269.23 6494.5
3973.9 1683.59 5658.7 6114.9 3903.31 4269.7 4127.82
1542.18 3774.05 5994.58 4739.87 4850.05 5688.15 4855.69
2296.62 4746.03 5115.01 2650.64 3365.2 3235.68 3478.17
3303.21 7524.84 2510.57 1526.34 7106.66 4103.52 4748.87
902.3 868.22 4160.52 1250.11 3269.45 5890.01 5615.26
1439.5 4290.12 2589.44 3869.05 5654.99 5989.87 2176.43
8090.9 2366.88 5257.57 4689.82 5799.06 6769.06 2294.67
3158.33 439.29 6530.68 4422.93 5027.7 6207.46 3910.33
1105.86 4292.0 6252.54 4486.56 4419.23 3642.12 5396.98
5275.32 5262.71 5016.9 7014.26 6118.78 1258.75 2265.59
104 1972.86 4350.93 914.98 2033.56 2562.13 3794.16
4523.0 3443.01 5431.76 1949.65 2809.95 816.3 1634.93
4019.23 3912.72 5450.45 2750.02 3236.28 4024.81 1307.76
3428.64 3731.92 2249.78 4321.36 2162.47 5704.17 1396.82
3840.53 3109.83 763.14 996.84 1702.85 3494.13 2199.82
4618.32 6085.81 1979.27 6029.06 3355.19 5109.32 3858.62
2058.8 2757.65 5022.51 3859.04 3762.12 3826.54 1976.22
5036.21 4464.03 2379.12 6128.71 3758.65 580.5 1236.63
3872.02 5356.07 3473.35 1578.71 7121.69 2670.84 3828.93
3750.46 4116.71 1034.22 2871.25 3041.53 3841.07 3726.86
2592.26 5680.9 1221.92 3114.5 3742.56 2549.57 5234.14
4233.1 3358.78 3008.51 920.53 3290.29 3833.13 2768.56
4715.01 460.85 3497.27 2432.04 3267.08 6264.69 3087.05
319 7561.34 3716.56 6960.44 7807.39 5825.61 3145.64
7926.98 3450.38 6455.89 5281.54 4837.98 6168.13 7500.37
6469.99 3438.94 4342.03 4953.74 6108.01 3165.44 8097.22
8249.26 4991.53 8719.96 3532.58 4800.5 1405.73 5646.82
5863.95 3833.75 7590.27 5891.92 5241.7 9512.64 8169.23
3463.96 906.5 5092.87 3056.76 7674.07 2444.97 3201.0
6210.19 7097.23 7812.4 5066.81 5279.14 3067.69 4958.54
4683.39 5284.6 4515.05 6723.63 3392.81 7229.09 7985.4
5420.35 1619.14 4147.23 5613.05 250.02 9173.09 4168.66
6827.44 3730.68 7641.02 8475.42 4551.69 10308.94 6861.8
4737.49 5414.44 7745.83 3787.19 9219.02 5426.1 1895.59
5677.66 8463.24 5018.53 6733.67 3611.08 8207.13 4513.52
2423.31 6489.74 9076.2 6615.48 9622.81 6651.26 5248.82
292 1895.94 4936.72 2977.94 5698.37 2828.0 5691.28
1395.73 5609.93 3531.08 3778.64 6219.77 4425.74 2239.21
2402.66 5164.72 5066.88 3716.94 2491.69 6731.26 4335.94
450.2 3654.89 2479.13 7363.54 4423.11 7184.9 3825.29
2887.78 5139.68 4096.04 4166.56 4844.05 1790.57 1860.33
5227.26 7681.52 5227.58 6325.26 914.34 6191.55 5501.09
2640.77 6619.8 2037.82 3621.45 7399.11 5900.68 4980.6
4530.14 3703.65 4848.12 4052.2 5274.43 4290.3 3176.44
3307.02 6996.51 4452.43 3650.71 8759.15 2558.9 4430.57
7613.45 4874.09 3036.15 1210.22 6348.49 2895.37 1868.36
4059.21 4517.36 4701.57 5604.29 993.34 6181.09 6692.79
3241.57 565.99 6531.66 3065.82 5728.04 445.72 5951.79
7176.43 4188.28 1078.71 6296.51 2375.68 4248.52 3341.2
98 776.81 3677.27 578.05 3482.99 1421.88 3723.7
3057.81 3505.18 4089.66 1580.09 3711.4 1896.58 649.84
2634.38 3507.54 4497.42 2026.01 1922.84 4452.41 2428.68
2087.45 2720.18 1901.65 4977.51 2155.31 5522.32 1388.65
2571.8 3060.45 1979.96 1634.0 2348.27 2724.35 1331.53
3977.69 5973.81 2727.25 5351.02 1911.26 4711.48 3652.31
844.1 4194.36 3555.9 2807.81 4865.5 3859.78 2522.06
4015.27 3317.6 2548.99 4781.89 3475.78 2004.48 1521.24
2715.56 5237.63 2882.48 1300.2 7060.52 2343.65 3106.72
5123.83 3495.83 1153.76 1795.57 3864.07 3458.53 2285.52
2125.57 4512.48 2576.89 3358.18 2670.69 3644.5 5020.53
3000.67 2100.31 4007.78 560.31 3511.36 2427.64 3488.43
5016.26 1692.86 2458.94 3818.58 2772.42 4932.92 2090.73
443 4921.89 723.76 4723.41 6715.54 3032.6 2087.26
4625.3 2477.88 3075.84 3124.07 4521.41 4646.37 4988.85
3181.85 1351.22 1078.22 2386.34 3019.95 3457.61 6378.2
5212.8 1847.04 6253.06 4298.77 3043.83 2069.62 3679.42
2611.84 2398.78 5834.25 4201.32 3946.18 6721.86 5544.31
465.72 2549.67 4065.84 970.99 4594.24 1046.25 1758.65
3568.84 6583.75 4447.21 1861.06 5619.96 2334.27 3737.04
1301.93 1919.64 3077.57 3412.25 1655.52 5592.07 5826.34
2177.8 2106.53 1599.27 3499.45 3500.53 6670.64 1280.43
6873.24 958.65 5445.8 5653.66 4362.48 7680.59 3644.19
2480.68 2124.97 6229.38 2938.63 6257.26 5001.62 1726.06
2345.48 5478.18 4881.75 4515.48 2859.04 5061.78 4033.23
3271.68 4838.68 6164.6 6043.32 6985.5 3371.8 2346.17
300 3037.9 4046.13 1951.87 1998.41 2926.72 3053.99
5318.23 2641.13 5792.51 1888.45 1580.71 473.23 2738.96
4515.75 3423.49 5332.51 2716.14 3685.63 2941.52 2165.43
4444.34 3802.03 3485.57 3130.93 1695.99 4924.16 1391.02
4180.09 2440.25 1720.53 809.64 804.22 4712.76 3374.74
4262.75 5244.43 886.48 5624.85 4245.61 4519.29 3216.01
2602.33 2055.89 5729.11 3955.35 2556.37 3006.88 1065.66
5011.15 4612.12 1683.34 6475.58 3187.43 1319.91 2464.8
4077.8 4546.66 3194.88 1658.21 6220.54 3906.22 3619.3
2816.73 3787.71 2265.88 4012.28 1826.14 5073.13 4357.99
2381.22 5789.56 1769.98 2218.05 4898.39 1330.3 4497.81
4498.5 4429.69 1773.65 1831.55 2389.45 4782.94 1602.61
3671.68 785.82 4660.56 1575.56 4503.05 6582.15 3227.09
430 3999.75 264.0 3797.76 5903.47 2112.25 1773.67
3955.82 2052.49 2795.71 2234.94 3972.37 3812.39 4059.43
2500.28 910.36 1417.27 1462.95 2182.72 3222.14 5482.88
4373.93 1024.92 5324.65 4069.96 2248.62 2572.9 2801.27
1891.16 1814.41 4940.77 3352.52 3193.96 5827.79 4623.66
562.01 3076.59 3370.7 1900.57 3768.64 1534.3 1428.96
2640.03 5883.98 3883.17 1093.53 5161.85 2054.89 3019.16
1247.8 1427.95 2368.29 3293.11 1224.48 4717.02 4899.65
1448.38 2467.59 748.98 2604.11 4123.15 5744.79 355.84
6286.49 320.51 4518.86 4759.98 3861.76 6767.48 2893.48
1607.91 2165.1 5360.75 2441.57 5399.77 4390.4 2114.47
1745.13 4623.46 4350.96 3592.37 2412.69 4270.73 3486.18
3245.13 3977.12 5293.19 5348.86 6071.28 3307.61 1432.74
382 3610.62 2769.83 2717.06 3494.53 2592.7 1532.87
5227.45 1110.84 5093.0 1455.83 1291.3 1688.57 3422.04
4084.34 2034.23 4152.44 1945.77 3301.52 1641.98 3617.12
4777.44 2940.66 4487.73 2157.29 829.77 3391.7 1445.52
3590.01 989.21 3113.79 1460.17 762.01 5530.31 4124.59
2930.45 3720.59 706.61 4213.85 4390.63 3029.87 1732.91
2582.27 3202.22 5482.11 3104.44 2555.94 1474.24 479.24
3936.88 3751.74 439.37 5724.98 1751.34 2748.98 3609.47
3339.34 3015.86 2030.55 1569.33 4719.22 4940.25 2472.98
3551.72 2508.62 3304.59 4628.63 1273.06 6118.97 4120.22
1495.55 4809.18 3280.1 694.22 5496.26 1654.58 2967.31
3784.22 4866.84 1676.81 2507.39 869.63 4975.45 848.58
2288.81 2017.26 5290.73 2661.36 5475.19 5793.0 2544.98
272 4817.16 2202.72 4084.75 4964.12 3329.69 555.99
5838.52 557.66 5089.89 2489.72 2197.46 3222.07 4699.1
4479.52 1411.17 3554.7 2456.0 3853.85 916.33 5151.85
5753.66 3030.54 5865.36 1766.79 1921.05 1895.28 2758.54
3885.12 1020.26 4642.86 2949.67 2298.51 6781.95 5393.04
2199.51 2189.13 2182.98 3141.39 5257.98 1814.5 892.55
3560.99 4459.84 5932.17 3172.62 3128.13 278.51 2015.87
3541.13 3693.97 1586.5 5612.92 1111.8 4283.85 5067.96
3504.78 1505.38 1937.23 2771.15 3184.65 6321.11 2247.96
4507.55 2004.44 4736.67 5797.12 1968.75 7483.11 4697.07
2091.9 4463.04 4814.53 842.41 6614.77 2763.29 1531.14
3907.13 5909.15 2501.74 3861.06 667.62 5836.13 1757.75
1036.99 3542.28 6437.96 3933.73 6813.15 5628.69 2953.8
446 2022.48 5122.08 3111.16 5793.51 3013.55 5876.82
1498.88 5793.06 3666.05 3955.21 6380.39 4568.39 2359.13
2571.87 5351.96 5237.99 3902.87 2677.69 6910.32 4413.73
608.75 3839.45 2510.07 7537.64 4599.35 7371.93 3990.83
3066.35 5322.78 4193.03 4319.8 5005.7 1723.17 1936.3
5412.1 7868.64 5388.94 6503.39 1101.58 6377.81 5687.68
2818.01 6737.74 2128.37 3804.48 7552.41 6085.31 5146.73
4702.09 3876.96 5024.02 4170.26 5461.24 4400.28 3256.43
3487.95 7183.76 4639.67 3820.69 8946.08 2556.49 4617.13
7741.85 5060.57 3134.82 1261.14 6512.97 2815.74 2043.01
4242.96 4671.09 4793.87 5783.46 899.88 6332.0 6879.94
3414.66 645.41 6688.76 3207.57 5908.35 611.73 6118.48
7359.54 4323.4 1024.8 6423.93 2328.81 4367.54 3528.44
374 4680.23 3505.77 3710.23 3689.2 3731.24 1910.4
6367.27 1520.99 6111.88 2599.13 698.53 2419.65 4459.69
5191.75 2693.16 4911.24 3035.93 4426.53 976.84 4219.95
5901.96 3952.0 5428.0 1093.19 1970.27 3361.44 2531.75
4671.1 1747.96 3786.94 2376.17 1596.7 6552.67 5154.57
3586.36 3550.55 1261.15 4672.33 5530.08 3359.97 2235.04
3720.88 2982.77 6606.58 4113.49 1629.7 1690.53 1388.36
4789.31 4734.07 1558.39 6713.83 2366.88 3385.93 4466.72
4382.93 2964.16 2932.7 2689.31 4391.6 5869.91 3350.32
2955.26 3262.51 4210.01 5700.91 427.63 7050.51 5253.75
2583.57 5697.51 3780.93 1103.51 6579.76 1288.42 3060.29
4823.95 5977.14 953.39 3519.43 1142.47 6113.87 467.04
1726.34 2776.29 6365.27 2481.82 6437.49 6763.89 3631.52
309 1334.51 3988.36 2282.77 5156.99 1832.78 4696.05
1365.45 4618.76 3029.09 2814.62 5324.64 3638.92 1680.32
1670.45 4178.36 4254.74 2721.75 1547.55 5752.67 3918.06
648.84 2722.22 2422.09 6404.04 3458.75 6208.37 2917.85
2036.07 4148.71 3576.65 3323.73 3949.91 2280.87 1632.3
4284.71 6702.54 4332.88 5445.93 157.51 5229.04 4507.12
1679.65 5944.98 1953.27 2707.92 6536.45 4906.32 4062.9
3716.08 2888.51 3884.33 3648.66 4281.46 3691.67 2792.01
2421.09 6011.19 3466.26 2720.72 7784.17 2668.66 3465.84
6876.99 3909.98 2549.76 1291.33 5434.14 3358.71 1118.22
3066.87 3850.04 4193.4 4626.11 1697.48 5335.25 5713.3
2437.84 920.53 5652.93 2313.93 4745.61 715.38 5027.95
6185.06 3447.94 1635.48 5573.57 2718.02 3832.61 2360.24
372 3982.21 2755.05 3098.56 3743.34 2879.1 1333.38
5513.78 896.1 5251.13 1778.62 1216.98 2037.96 3799.55
4319.79 1971.41 4158.16 2163.23 3560.59 1260.47 3958.52
5123.24 3090.18 4869.49 1811.11 1135.38 3114.01 1819.13
3798.14 945.15 3465.17 1836.45 1109.16 5908.17 4502.4
2879.34 3414.53 956.42 4092.57 4717.96 2851.82 1591.52
2915.31 3329.88 5738.89 3252.64 2420.7 1215.81 829.22
3989.85 3882.5 710.8 5862.92 1661.04 3091.61 3986.58
3514.55 2728.62 2100.91 1927.87 4388.78 5321.91 2532.02
3558.79 2500.07 3684.72 4998.38 1113.03 6500.75 4392.9
1711.23 4884.64 3599.41 417.49 5862.05 1689.0 2715.98
3956.83 5222.09 1592.89 2888.24 571.24 5304.18 728.57
1913.11 2375.63 5659.31 2791.94 5856.81 5919.33 2758.4
300 6222.37 2283.48 5707.95 6927.26 4436.65 1959.83
6494.06 2348.87 5079.27 4003.19 4131.99 5097.16 6189.43
5037.2 2056.56 3019.16 3583.02 4683.75 2558.98 7013.79
6839.95 3559.33 7433.06 3218.9 3598.61 110.17 4428.86
4430.76 2640.0 6485.65 4759.8 4201.54 8154.92 6839.38
2034.96 548.5 4134.11 1901.12 6256.73 1014.24 1913.85
4853.41 6413.99 6387.86 3633.61 4884.75 1980.6 3925.82
3305.57 3865.07 3383.97 5397.84 2067.48 6153.17 6770.79
3987.21 488.87 2751.15 4357.0 1590.11 7881.2 2742.16
6364.68 2301.62 6411.31 7105.55 3878.07 8993.2 5429.9
3415.22 4094.37 6719.98 2777.34 7825.63 4711.8 523.0
4249.66 7062.94 4399.2 5481.45 2613.15 6783.21 3717.29
1985.57 5389.56 7691.66 5894.04 8300.92 5343.23 3837.21
174 4595.44 486.3 4428.85 6506.33 2706.71 2064.51
4297.97 2421.2 2823.44 2863.86 4432.05 4422.82 4670.58
2850.05 1251.78 987.4 2096.0 2678.47 3483.52 6114.68
4871.09 1506.14 5932.52 4332.86 2837.45 2328.33 3427.39
2274.42 2279.07 5572.1 3968.48 3764.29 6384.3 5216.55
367.96 2820.05 3911.24 1281.72 4252.56 1275.05 1720.1
3250.46 6432.17 4137.32 1519.48 5571.41 2329.56 3570.74
1071.25 1606.68 2911.95 3208.23 1575.64 5343.4 5529.82
1838.46 2320.95 1354.26 3235.02 3801.18 6346.72 989.53
6773.46 747.4 5148.9 5316.28 4292.32 7348.3 3306.03
2229.92 1955.01 5985.34 2860.25 5915.91 4887.38 1942.34
2020.51 5136.78 4801.27 4224.68 2799.56 4721.54 3942.57
3370.52 4598.55 5824.12 5893.54 6653.84 3184.48 2018.16
297 2461.95 2689.1 2962.26 5803.47 1354.51 3793.88
1543.27 3850.66 1699.25 2505.62 5114.78 3901.92 2712.29
247.3 3093.51 2730.31 1960.07 591.62 5081.83 4823.05
2146.08 1413.92 3780.2 5847.1 3052.41 5000.03 2891.32
552.15 3412.36 4368.04 3466.37 3843.36 3820.11 2973.16
2959.45 5503.5 4190.14 3981.5 1519.09 3963.3 3526.97
1725.72 6305.86 1628.14 1337.83 6388.07 4049.38 3848.33
2191.53 1362.12 3437.32 2388.08 3286.72 4344.93 3839.44
992.34 4868.38 2417.82 2628.43 6552.6 4099.9 2257.26
7064.89 2680.53 3506.13 2802.34 5141.27 4887.03 482.22
2407.79 2331.26 4951.48 4011.42 3212.97 5295.06 4530.6
903.34 2449.41 5486.74 2870.88 4083.53 1913.38 4715.62
5354.41 3846.48 3171.94 5847.06 4229.5 2543.31 1386.09
26 1994.33 5223.73 3086.52 5728.14 3082.39 5943.77
1652.24 5849.74 3815.1 3994.66 6388.4 4552.73 2322.5
2702.37 5435.34 5366.55 3973.0 2777.3 6954.3 4335.32
642.45 3944.46 2402.74 7569.65 4637.48 7462.27 4008.65
3185.2 5379.55 4130.65 4318.33 5016.17 1574.94 1862.51
5515.77 7957.54 5398.66 6622.65 1192.84 6474.79 5761.58
2860.61 6693.02 2281.96 3914.05 7549.02 6147.81 5164.52
4829.74 4003.06 5061.09 4322.71 5537.13 4349.51 3181.4
3602.41 7268.08 4723.17 3846.65 9037.47 2430.86 4712.47
7707.67 5156.39 3075.68 1174.44 6527.2 2664.24 2167.64
4302.74 4812.85 4726.83 5828.11 747.99 6325.82 6968.43
3541.04 598.75 6691.24 3192.76 5956.06 744.05 6136.68
7415.66 4298.98 883.09 6389.27 2185.57 4519.88 3615.27
444 1959.07 4198.53 876.92 2134.68 2438.26 3644.19
4461.4 3296.16 5318.27 1797.77 2722.48 718.21 1631.57
3915.83 3758.38 5305.03 2602.56 3124.6 3898.57 1461.66
3408.0 3592.71 2329.96 4214.54 2009.44 5553.79 1243.07
3721.03 2958.86 917.08 851.31 1575.05 3550.06 2228.44
4465.19 5937.62 1865.4 5875.75 3306.8 4955.27 3705.94
1948.16 2795.6 4948.46 3721.71 3710.01 3679.72 1844.62
4894.59 4331.53 2231.53 6015.1 3604.91 710.91 1341.99
3741.93 5207.01 3320.6 1428.28 6975.96 2759.49 3678.24
3761.7 3963.68 1106.21 2886.99 2945.96 3935.13 3638.56
2439.35 5547.97 1358.77 2973.84 3765.55 2489.58 5082.67
4108.62 3352.69 2936.05 845.88 3149.32 3798.51 2659.97
4582.77 377.87 3522.99 2445.29 3347.46 6148.63 2949.67
485 2322.52 5110.13 1449.55 1532.5 3266.43 4498.53
4997.91 4128.25 6092.26 2709.07 3207.9 1386.12 1968.38
4651.7 4659.93 6202.27 3506.14 3900.67 4592.49 558.08
3752.04 4471.37 2127.21 4786.82 2894.85 6408.06 2153.7
4525.64 3823.25 81.03 1703.11 2315.38 3451.63 2350.92
5376.54 6773.2 2522.67 6786.83 3793.88 5848.77 4583.86
2732.3 2554.32 5541.89 4593.81 3967.97 4510.03 2598.13
5780.13 5185.29 3074.81 6787.9 4494.85 344.25 1081.92
4587.82 6050.73 4232.21 2337.97 7790.8 2473.69 4588.15
3647.11 4875.15 1131.67 3049.42 3471.71 3573.68 4309.55
3350.91 6401.72 557.11 3766.07 3860.38 2829.3 5947.14
4931.85 3620.64 3330.51 1546.81 3942.29 4207.54 3266.25
5310.26 1069.45 3608.05 2369.51 3095.83 6931.88 3823.32
349 5322.35 3544.32 5815.46 8571.28 4015.45 5204.14
3242.19 5478.56 1186.67 4957.82 7283.84 6551.97 5588.26
2655.16 4340.27 2325.69 4156.69 3348.12 6652.83 7686.44
4637.72 3079.14 6592.69 7502.12 5305.56 5412.53 5471.49
2730.16 5188.26 7213.12 6082.74 6243.52 6368.12 5785.42
3598.33 5853.97 6519.4 3549.39 4105.93 4439.69 4856.72
4518.18 8897.99 2654.97 2917.57 8524.06 5484.08 6153.37
2205.92 2256.69 5573.99 566.4 4657.79 7150.39 6719.15
2767.31 5497.46 4005.44 5207.36 6649.7 6864.43 3587.21
9495.28 3744.02 6384.48 5476.84 7216.43 7477.98 3130.76
4560.12 1289.82 7777.55 5835.83 5610.0 7617.29 5118.47
2356.94 4963.9 7669.39 5701.34 5827.34 4199.28 6814.39
6608.65 6569.49 5659.68 8395.43 6882.56 369.97 3617.92
202 1797.13 4498.15 807.55 2103.01 2596.89 4017.82
4410.3 3677.59 5427.57 2100.59 3084.48 1090.94 1448.71
3993.47 4096.53 5552.74 2869.12 3234.01 4290.3 1171.12
3253.84 3811.13 1979.56 4595.61 2371.12 5925.17 1571.09
3856.42 3329.58 644.67 1238.2 1966.88 3236.46 1969.3
4772.69 6315.32 2251.24 6184.16 3223.51 5301.79 4067.4
2063.29 2933.36 4931.69 3930.82 4023.34 4061.04 2236.89
5122.14 4517.38 2612.38 6123.74 3957.2 626.65 961.52
3919.1 5582.65 3625.54 1723.12 7358.47 2397.44 3963.69
3956.77 4270.57 772.96 2651.98 3316.66 3566.38 3668.46
2748.8 5733.42 1202.04 3363.0 3513.33 2815.88 5449.86
4261.96 3164.41 3279.44 880.39 3538.19 3677.68 3042.3
4974.98 735.94 3265.69 2640.21 2996.11 6266.02 3161.87
113 2018.68 2493.31 2333.62 5125.9 655.97 3321.94
2035.57 3318.26 2329.82 1820.75 4442.93 3199.65 2207.23
948.68 2720.75 2896.9 1381.26 135.26 4524.29 4206.13
2143.93 1239.13 3381.16 5257.64 2395.34 4727.32 2187.59
787.74 2861.03 3729.96 2761.92 3150.51 3653.36 2598.76
2790.64 5224.87 3503.48 3991.12 1546.16 3736.28 3093.74
1044.43 5602.67 2261.77 1247.7 5712.73 3558.28 3168.18
2373.0 1593.47 2795.65 3026.63 2859.12 3679.99 3287.1
1023.55 4546.87 2011.29 1925.64 6301.07 3748.37 1973.59
6361.89 2417.58 2933.29 2589.81 4483.69 4657.17 902.19
1805.24 2746.99 4299.05 3424.65 3173.96 4603.06 4236.81
1225.56 2395.82 4810.34 2219.21 3513.6 2079.0 4058.81
4861.98 3153.58 3078.97 5142.48 3972.51 3166.81 897.4
320 6252.1 3292.49 5471.12 5905.9 4770.36 1919.21
7230.54 2002.62 6269.24 3928.46 2900.42 4445.87 6118.92
5833.93 2635.42 4451.51 3888.6 5260.21 1252.75 6343.93
7201.45 4342.33 7253.4 1568.95 3335.43 1693.36 4151.46
5225.61 2469.23 5868.65 4253.55 3523.42 8213.48 6817.55
3175.27 1614.93 3302.21 3604.93 6698.86 2364.8 2171.39
5010.06 5132.75 7277.45 4468.41 3315.1 1695.13 3247.35
4581.97 4908.14 2962.14 6716.75 2411.86 5484.07 6402.08
4817.75 1397.91 3280.5 4191.14 2224.17 7708.47 3507.86
4858.23 3165.59 6090.78 7239.86 2608.35 8880.26 6094.68
3538.97 5473.36 5944.03 2153.91 8062.6 3481.93 1727.9
5187.05 7358.48 3053.97 5251.81 1988.89 7274.08 2628.86
511.34 4790.17 7883.69 4662.19 8220.06 6701.53 4354.82
249 5139.35 3078.51 4268.81 4584.99 3887.57 1408.73
6484.36 1180.91 5911.53 2876.73 1607.65 3141.34 4966.02
5188.41 2271.85 4442.5 3070.32 4497.72 90.34 5020.56
6228.08 3801.12 6037.79 890.65 2238.52 2498.42 2982.98
4616.26 1599.4 4555.26 2992.24 2233.9 7074.58 5669.06
3087.49 2652.91 1982.7 3992.43 5785.82 2654.33 1757.48
4009.53 3885.69 6637.43 3952.3 2311.86 1131.43 1968.82
4413.31 4512.55 1822.47 6458.54 1955.44 4165.36 5138.99
4266.01 2104.79 2712.06 3072.6 3482.73 6489.44 3069.04
3771.07 2868.13 4846.53 6151.16 1327.07 7669.13 5344.82
2648.54 5335.58 4612.7 1044.2 7006.33 2197.29 2251.35
4686.68 6346.17 1824.42 4058.45 936.24 6371.83 1297.16
828.6 3491.57 6809.25 3390.09 7026.94 6482.89 3625.65
465 4517.68 4101.11 3469.91 2951.2 3896.78 2605.97
6495.74 2183.65 6502.29 2727.91 129.33 2036.53 4252.38
5444.77 3312.81 5503.98 3339.68 4638.52 1766.33 3645.41
5846.11 4353.17 5080.9 1639.28 2180.55 4157.3 2490.32
4978.21 2290.64 3269.59 2149.89 1456.84 6286.43 4920.4
4220.22 4350.77 1074.68 5387.9 5548.83 4099.83 2903.11
3765.9 2182.65 6805.43 4516.96 1166.09 2419.41 1380.96
5324.78 5164.7 1845.14 7137.56 2996.87 2862.96 4063.37
4745.73 3759.84 3423.84 2706.02 5179.19 5504.41 3861.84
2225.76 3846.04 3858.14 5524.12 377.92 6671.83 5426.37
2895.84 6209.73 3164.5 1712.39 6412.84 499.51 3841.81
5190.61 5877.79 266.2 3310.55 1807.31 6119.13 618.82
2506.84 2377.85 6183.68 1686.72 6098.6 7205.99 3935.83
349 5412.54 5862.19 4322.71 2362.02 5313.78 4386.75
7768.12 3965.53 8093.23 4185.78 1910.16 2896.67 5085.89
6906.06 5085.83 7257.49 4923.44 6076.8 3388.08 3647.0
6852.88 5988.61 5553.4 2914.95 3762.6 5846.65 3783.23
6510.98 4051.06 3512.07 3250.1 2848.01 6868.48 5649.05
5993.77 5978.69 2548.37 7168.03 6689.36 5871.38 4684.74
5041.31 1067.75 8167.62 6150.96 1200.14 4192.64 2914.07
7047.01 6810.59 3509.53 8754.49 4773.58 3170.81 4495.29
6338.89 5452.29 5140.94 4042.07 6689.05 5903.83 5583.9
444.47 5603.96 4434.74 6327.89 2104.22 6974.76 6789.58
4507.52 7909.79 3103.4 3492.91 7193.1 1458.3 5573.46
6778.33 6807.37 1570.68 4240.54 3588.82 7216.3 2396.17
4060.35 3111.47 6945.26 1061.82 6526.26 8839.77 5496.72
83 4084.54 4210.26 3011.89 2418.42 3671.82 2854.5
6210.57 2417.87 6402.63 2518.7 608.11 1543.12 3799.79
5253.71 3463.07 5590.99 3228.89 4430.42 2245.69 3074.54
5456.98 4290.05 4561.7 2205.93 2064.82 4544.19 2179.54
4832.55 2415.75 2708.05 1740.92 1177.79 5793.35 4448.78
4365.46 4778.73 851.51 5614.07 5204.75 4372.27 3113.22
3464.98 1809.73 6563.91 4452.56 1495.27 2711.45 1216.13
5359.72 5111.85 1817.97 7059.6 3166.38 2302.03 3529.81
4645.65 4148.53 3456.59 2422.36 5655.1 4977.02 3900.17
2130.69 3949.15 3344.98 5075.04 900.75 6136.94 5180.33
2809.14 6214.55 2592.44 1935.53 5963.21 279.36 4189.19
5086.77 5465.15 698.85 2871.69 2067.49 5762.22 909.77
2996.96 1866.44 5728.33 1276.26 5578.42 7142.65 3808.11
106 2526.48 4004.93 1436.6 2046.1 2597.22 3218.31
4876.89 2835.16 5494.49 1687.46 2071.98 82.05 2221.93
4162.3 3462.4 5219.74 2534.37 3339.71 3310.77 1848.52
3945.89 3597.63 2980.82 3580.58 1681.62 5122.31 1127.26
3877.98 2557.51 1345.2 524.4 1011.57 4195.25 2854.2
4246.9 5476.71 1248.19 5640.61 3774.5 4617.74 3330.06
2207.07 2395.88 5315.33 3742.46 3076.8 3214.91 1294.07
4857.3 4385.69 1796.67 6185.74 3264.34 981.07 1978.93
3823.93 4758.96 3130.57 1382.7 6488.08 3408.26 3530.32
3259.23 3754.79 1757.38 3493.82 2299.66 4581.46 3960.0
2267.61 5586.78 1555.92 2462.62 4379.18 1850.8 4670.89
4226.51 3921.06 2287.1 1329.05 2638.74 4299.72 2029.64
4016.9 281.48 4140.74 1969.94 3998.43 6303.51 2986.22
438 3383.35 4069.38 2302.02 2086.23 3152.66 2945.16
5607.32 2517.81 5980.3 2056.5 1237.55 825.68 3089.99
4746.26 3398.46 5395.52 2851.28 3915.62 2681.84 2452.4
4777.52 3937.84 3843.03 2810.99 1754.18 4773.82 1615.82
4377.93 2377.93 2038.46 1088.81 795.73 5071.94 3731.29
4266.58 5068.56 711.34 5597.84 4558.25 4441.55 3140.9
2872.55 1911.11 5997.69 4095.47 2201.58 2866.84 994.94
5104.01 4756.57 1652.28 6655.67 3139.11 1632.74 2817.54
4244.23 4388.58 3244.17 1877.78 6016.69 4261.65 3679.65
2558.85 3807.92 2624.45 4364.51 1495.44 5426.06 4619.33
2479.48 5912.03 2016.72 2066.21 5251.57 973.79 4367.75
4674.3 4771.56 1415.35 2172.81 2229.78 5103.77 1315.28
3424.14 1145.0 5014.82 1392.94 4860.28 6754.17 3392.9
152 5464.8 1488.63 5387.52 7511.17 3596.06 2908.44
4761.86 3307.31 2901.88 3861.43 5354.36 5428.43 5572.16
3390.83 2184.24 763.15 3072.49 3426.22 4242.63 7105.95
5564.03 2315.4 6820.68 5072.61 3840.74 2519.58 4427.8
2901.48 3231.32 6564.79 4973.52 4760.11 7165.11 6075.91
1284.86 2936.11 4892.0 646.18 4935.53 1664.41 2586.64
4161.06 7411.85 4473.59 2273.4 6441.76 3146.05 4558.49
1265.74 2078.03 3898.65 3072.98 2489.45 6343.64 6482.19
2515.97 2666.54 2359.53 4229.37 3726.79 7219.69 1979.2
7706.77 1745.82 6101.52 6105.13 5192.17 8171.9 3910.83
3232.57 1773.25 6987.07 3771.15 6627.72 5835.54 2304.08
2540.19 5852.79 5713.22 5189.81 3688.23 5342.49 4866.49
3987.84 5602.0 6562.8 6871.81 7484.11 2988.33 2910.76
188 829.31 5068.66 1529.5 3777.63 2718.26 5207.73
3136.24 4979.75 4828.86 3062.89 4930.28 2944.48 837.24
3391.18 4971.8 5711.16 3462.45 2936.49 5871.87 2359.44
1662.62 3976.15 582.39 6328.73 3617.29 7000.13 2805.59
3571.4 4540.84 2202.39 2867.01 3643.34 1316.13 227.94
5373.66 7455.61 3996.98 6704.74 1969.5 6163.12 5135.15
2198.07 4823.41 3765.83 4027.29 5958.48 5339.14 3862.86
5193.18 4411.87 3992.56 5473.43 4954.75 2477.3 1217.29
3844.21 6720.43 4321.57 2763.68 8543.45 928.97 4497.57
5889.22 4910.09 1196.3 805.97 5127.18 1977.43 2881.54
3603.65 5517.26 2775.63 4804.51 1580.37 4736.66 6497.28
4012.36 1440.57 5171.42 1727.58 4964.05 2175.87 4792.12
6468.65 2625.28 1328.33 4581.04 1288.03 5651.93 3406.56
484 2163.74 2085.89 2002.69 4506.95 359.34 2504.21
2959.6 2441.25 3018.49 923.65 3521.44 2465.36 2207.43
1818.03 2048.23 2934.41 534.73 1013.69 3618.73 3804.47
2805.61 1173.86 3473.41 4333.15 1463.26 4101.34 1388.04
1409.4 1974.17 3281.62 1997.27 2265.92 4057.2 2789.15
2389.77 4581.88 2602.58 3748.1 2287.77 3197.89 2326.4
789.83 4829.66 3193.28 1294.35 4794.62 2716.12 2256.55
2486.39 1905.55 1860.77 3702.28 2108.27 3140.75 3087.61
1328.57 3868.09 1357.34 1122.15 5672.73 3897.16 1513.89
5516.22 1924.18 2707.71 3003.02 3553.09 4944.87 1835.65
894.43 3120.07 3787.24 2506.4 3738.51 3712.43 3598.26
1730.87 2992.82 3893.37 1818.84 2605.31 2864.99 3127.74
4003.6 2498.55 3593.52 4342.93 4247.92 3812.62 524.12
401 2647.07 3650.77 3438.2 6346.8 2213.11 4799.33
564.2 4846.88 1783.44 3380.32 6006.29 4605.33 2970.73
897.11 4095.79 3462.7 2933.3 1508.8 6071.91 5202.82
1740.4 2400.79 3783.86 6823.36 3970.26 5969.61 3683.07
1509.58 4402.2 4813.21 4209.81 4686.62 3470.92 2996.22
3905.85 6473.21 5050.73 4803.13 1246.06 4921.67 4533.14
2415.92 6995.96 711.56 2306.45 7270.68 5053.34 4726.15
2944.08 2159.03 4372.34 2336.36 4292.84 4868.14 4111.26
1949.41 5854.41 3423.94 3434.59 7507.53 4010.33 3249.99
7833.81 3663.6 3834.55 2600.7 6056.08 4580.31 680.91
3371.43 2796.59 5423.43 4987.45 2728.74 6134.79 5509.56
1716.22 2066.28 6368.48 3406.94 5067.58 1313.56 5631.88
6359.05 4488.24 2764.61 6571.91 3989.13 2528.43 2379.39
192 1841.29 2491.9 1534.95 4041.62 552.61 2647.67
3117.1 2505.02 3438.94 674.74 3284.7 2030.76 1826.28
2145.41 2332.76 3412.22 834.2 1314.57 3603.04 3320.47
2713.15 1658.02 3090.3 4255.53 1311.77 4369.49 987.13
1822.32 2037.04 2797.06 1575.86 1959.02 3789.32 2458.32
2790.11 4834.22 2321.92 4174.46 2273.02 3526.63 2527.03
503.99 4421.1 3432.92 1778.61 4543.66 2823.87 2002.36
2969.98 2382.13 1736.32 4130.13 2331.7 2660.09 2630.64
1795.64 4105.07 1691.59 723.5 5925.33 3527.09 1924.11
5159.98 2304.98 2249.71 2764.35 3353.03 4614.87 2049.74
993.17 3598.45 3305.35 2476.06 3560.32 3410.01 3865.56
2179.1 2853.59 3642.12 1342.76 2600.81 2859.67 2933.82
4066.58 2035.54 3390.71 3949.98 3920.91 4249.41 1008.62
309 2087.21 3433.91 1087.06 2714.23 1894.96 2888.12
4238.83 2560.69 4791.95 1046.26 2370.97 682.33 1840.87
3465.57 2977.86 4585.05 1880.9 2640.44 3285.99 2240.02
3426.34 2921.1 2842.16 3712.54 1237.24 4793.04 475.81
3175.52 2198.19 1696.08 291.05 1030.89 3928.18 2531.11
3694.98 5188.63 1397.94 5103.73 3183.77 4175.54 2933.64
1525.93 3086.09 4650.24 3061.53 3523.05 2942.9 1248.12
4199.91 3697.53 1499.06 5483.44 2826.76 1440.7 1983.58
3128.86 4453.91 2554.4 702.48 6239.51 3293.92 2926.71
3896.98 3194.62 1662.19 3100.79 2537.62 4473.49 3282.92
1673.61 4904.54 2083.86 2281.03 3987.67 2307.52 4316.27
3526.97 3445.54 2662.25 896.29 2452.71 3733.9 2182.32
3929.08 713.74 3763.71 2637.76 3835.95 5602.03 2298.12
244 5629.01 4376.1 6252.38 9088.4 4554.9 6019.58
3240.56 6272.27 1661.42 5584.0 8008.77 7127.61 5926.21
3049.28 5156.45 3201.01 4822.73 3831.24 7467.32 8102.49
4737.39 3777.11 6818.08 8313.18 5988.26 6291.75 6065.27
3276.1 5956.41 7658.53 6669.06 6902.44 6421.96 6025.34
4449.49 6734.37 7200.02 4425.69 4281.33 5312.59 5674.94
5006.15 9509.07 2596.29 3613.32 9264.34 6300.97 6836.06
3045.83 2969.99 6286.21 993.05 5467.63 7636.57 7072.19
3406.75 6371.64 4769.67 5798.18 7525.88 7041.83 4368.55
10166.07 4562.28 6761.52 5626.51 7959.82 7529.07 3432.75
5247.95 2147.34 8244.53 6607.07 5620.43 8308.86 5992.05
2968.93 5055.15 8394.34 6163.97 6610.33 4253.21 7549.56
7454.17 7109.58 5707.95 9021.74 6982.05 940.1 4252.28
114 3315.32 3929.72 2242.23 2205.09 3027.23 2822.55
5499.72 2397.87 5846.29 1922.36 1233.88 780.96 3030.01
4620.64 3262.71 5254.42 2712.61 3790.4 2610.72 2503.38
4696.07 3798.75 3822.73 2780.39 1612.91 4662.62 1494.0
4246.02 2246.16 2068.97 989.51 654.7 5035.12 3681.98
4128.36 4965.0 596.12 5463.07 4462.83 4313.93 3012.02
2760.17 2052.04 5882.2 3956.65 2263.86 2751.48 860.09
4962.84 4617.94 1515.29 6520.46 3006.1 1666.48 2809.86
4107.94 4279.36 3103.21 1753.55 5922.97 4247.35 3538.5
2683.99 3668.39 2600.03 4305.26 1475.52 5417.16 4502.15
2338.81 5771.78 2086.83 1952.65 5193.55 1037.27 4251.09
4539.0 4698.26 1446.82 2102.61 2118.79 5013.03 1258.38
3347.55 1119.72 4959.1 1532.41 4840.43 6617.94 3256.95
442 5086.77 6309.05 4038.43 1518.17 5359.76 4988.59
7623.84 4552.6 8235.69 4326.04 2569.68 2792.62 4739.53
6939.39 5585.69 7664.45 5137.86 6112.66 4199.3 2951.36
6544.18 6225.33 4980.89 3847.86 4038.57 6613.97 3832.21
6622.28 4538.82 2956.85 3233.81 3077.43 6309.99 5213.35
6481.24 6798.42 2881.4 7749.02 6475.52 6504.93 5248.69
4989.73 388.47 8087.68 6381.86 2212.23 4835.42 3231.24
7389.5 7041.95 3883.76 8918.91 5295.91 2696.19 3957.04
6517.88 6216.5 5512.82 4099.46 7580.86 5280.45 5952.92
956.97 6046.77 3980.32 5910.12 2827.1 6274.68 6740.97
4769.16 8202.02 2433.75 4069.94 6736.19 1998.14 6290.89
6941.08 6450.86 2322.68 4010.35 4196.79 6957.9 3007.25
4915.89 2894.09 6484.07 902.29 5897.58 9024.55 5666.27
336 3220.42 1986.02 2540.81 4059.53 1841.79 1274.06
4460.04 1039.58 4195.35 892.79 2191.7 2020.23 3111.71
3237.67 1372.0 3321.36 1080.44 2489.42 2129.47 3870.12
4197.11 2040.45 4305.32 2831.52 417.27 3155.1 1237.75
2716.31 592.49 3330.89 1614.0 1292.04 5185.8 3801.04
2194.67 3569.69 1468.44 3563.54 3738.76 2537.54 1284.2
1983.75 3975.83 4662.52 2204.2 3452.27 1390.48 1111.97
3066.65 2851.39 477.77 4824.61 1182.81 3031.25 3582.43
2445.74 2830.57 1170.68 1195.6 4639.88 4759.9 1612.82
4423.19 1725.27 3228.63 4201.18 2156.7 5909.56 3329.17
629.77 3922.77 3642.27 1007.35 5026.15 2529.64 2671.36
2890.08 4334.3 2577.31 2314.0 1119.76 4324.24 1738.26
2587.02 2260.5 4844.92 3441.33 5232.46 4892.55 1675.3
196 1946.79 3155.06 2595.32 5492.06 1343.77 4080.81
1292.6 4078.04 2192.8 2499.12 5121.37 3706.58 2229.95
751.54 3457.59 3315.9 2139.69 744.59 5279.34 4414.32
1560.02 1867.91 3225.5 6002.23 3106.27 5434.74 2781.56
1103.52 3619.27 3992.35 3307.15 3790.46 3222.98 2416.47
3440.5 5935.68 4157.83 4536.01 931.23 4420.56 3846.69
1513.19 6102.16 1614.47 1826.88 6380.82 4318.65 3839.32
2776.86 1947.86 3517.65 2856.44 3610.4 4016.17 3374.48
1512.15 5272.57 2753.86 2535.33 7002.15 3527.32 2671.81
6931.21 3111.02 3064.11 2208.75 5181.72 4291.52 269.07
2555.56 2920.57 4593.65 4173.59 2625.99 5236.02 4951.54
1494.47 1857.15 5479.46 2542.07 4267.21 1380.92 4759.41
5622.64 3599.94 2577.7 5672.55 3637.36 3026.88 1647.89
455 2895.36 3711.61 3684.56 6592.6 2411.02 4924.66
598.3 4990.81 1627.92 3579.91 6205.06 4837.1 3219.8
985.36 4197.2 3426.59 3095.69 1684.1 6222.6 5452.07
1947.28 2490.11 4020.35 6985.62 4158.52 6029.26 3900.6
1597.51 4553.08 5061.6 4435.88 4896.19 3666.58 3236.71
3955.4 6532.14 5256.8 4788.84 1481.51 4975.23 4648.31
2642.38 7231.38 497.92 2383.1 7472.76 5183.68 4927.47
2920.99 2166.28 4554.84 2140.46 4407.81 5114.02 4359.86
2025.07 5929.52 3540.47 3648.91 7553.65 4237.85 3339.6
8059.67 3741.4 4083.8 2823.77 6247.47 4777.39 890.02
3539.73 2696.67 5671.42 5149.45 2905.33 6346.67 5578.24
1744.18 2270.8 6570.28 3650.41 5223.63 1493.89 5822.48
6486.72 4726.04 2955.93 6803.09 4198.67 2335.53 2526.79
231 776.84 4466.39 1864.76 4597.43 2146.74 4930.88
2073.44 4785.8 3809.7 2876.03 5177.35 3327.19 1119.89
2413.98 4530.1 4902.07 3011.11 2116.41 5831.47 3272.33
688.06 3258.57 1637.33 6406.68 3506.8 6582.91 2821.55
2695.06 4320.18 2995.58 3098.58 3810.73 1626.51 865.47
4770.48 7064.12 4191.33 6016.12 901.58 5656.75 4790.43
1782.57 5500.13 2697.45 3275.26 6326.28 5109.75 3972.59
4368.49 3553.92 3923.37 4436.02 4581.11 3174.6 2117.87
3032.66 6348.38 3832.12 2682.69 8154.98 1882.54 3913.13
6496.25 4350.58 1937.44 563.11 5325.67 2646.31 1876.13
3273.23 4583.63 3606.92 4713.14 1274.54 5101.83 6080.2
3121.65 634.38 5473.45 1967.13 4852.37 1157.51 4943.31
6339.76 3077.22 1112.07 5178.69 1978.07 4618.97 2784.65
180 5634.05 3812.96 4692.25 4554.13 4525.72 2144.56
7146.41 1904.79 6642.42 3454.82 1557.11 3419.94 5429.02
5882.76 3008.1 5169.17 3743.05 5168.44 698.95 5196.72
6801.52 4521.46 6423.37 154.48 2810.27 3003.76 3470.68
5321.09 2297.24 4777.33 3366.08 2585.45 7530.44 6128.04
3814.1 3056.22 2260.5 4654.47 6391.64 3317.53 2492.9
4592.57 3672.85 7326.16 4674.77 1818.51 1865.98 2358.32
5148.88 5243.76 2384.69 7193.82 2691.95 4374.1 5467.08
4982.15 2629.96 3437.7 3600.02 3722.56 6866.91 3802.43
3356.86 3604.38 5207.67 6654.0 1268.36 8048.01 6012.43
3306.96 6071.19 4740.31 1688.62 7525.45 2093.47 2842.35
5407.45 6897.24 1616.04 4495.49 1618.38 6978.22 1466.92
1132.93 3776.58 7317.27 3230.77 7430.44 7219.11 4314.03
172 5335.19 3498.1 5816.2 8562.76 4008.03 5160.15
3281.62 5438.07 1200.97 4939.73 7252.49 6538.34 5598.14
2665.62 4296.53 2268.39 4134.67 3347.79 6608.6 7687.93
4667.61 3054.6 6611.12 7458.29 5280.47 5352.49 5456.61
2724.93 5151.79 7212.13 6068.25 6220.75 6399.58 5803.32
3547.9 5792.49 6493.89 3484.48 4131.0 4382.88 4812.38
4515.33 8879.61 2699.72 2893.65 8490.38 5439.75 6127.78
2159.26 2232.06 5545.0 606.54 4615.0 7145.53 6726.83
2751.03 5440.03 3970.33 5193.02 6584.84 6886.44 3549.84
9470.0 3700.25 6390.27 5502.07 7182.66 7508.96 3147.84
4534.97 1240.37 7774.23 5798.62 5645.06 7590.03 5061.3
2345.39 4993.99 7637.93 5699.73 5788.38 4233.04 6781.84
6558.67 6559.56 5692.09 8375.51 6910.41 407.86 3600.48
340 6032.92 3123.04 5254.4 5734.23 4555.62 1709.94
7025.74 1783.93 6096.99 3709.25 2739.72 4241.77 5900.27
5634.78 2445.32 4314.2 3675.34 5052.21 1074.81 6145.37
6984.7 4147.89 7036.89 1491.2 3116.63 1668.63 3933.91
5028.12 2251.02 5666.21 4042.34 3317.21 7994.41 6598.71
3019.08 1656.46 3104.05 3521.75 6484.25 2250.1 1971.64
4791.77 4991.07 7080.58 4276.45 3224.25 1480.44 3039.82
4425.44 4728.53 2744.76 6556.28 2212.09 5283.73 6189.82
4623.88 1338.52 3079.54 3972.29 2356.12 7492.08 3318.24
4757.25 2986.54 5876.7 7020.69 2450.43 8663.24 5888.53
3322.36 5323.92 5751.56 1937.64 7843.86 3325.38 1639.72
4998.52 7140.59 2912.38 5034.74 1771.61 7060.25 2447.7
322.78 4584.41 7664.68 4511.74 8002.3 6545.6 4147.2
221 1935.0 6177.14 2537.2 4151.35 3821.82 6300.34
3785.73 6055.78 5714.51 4155.8 5822.39 3818.25 1937.23
4334.62 6084.51 6770.69 4576.4 3979.01 6892.26 2687.58
2270.47 5060.41 772.05 7292.85 4686.13 8108.67 3855.53
4591.01 5626.09 2753.27 3830.19 4610.03 811.11 1310.13
6482.51 8560.6 4940.52 7802.64 2769.41 7277.06 6238.84
3310.75 5347.87 4436.58 5101.98 6748.6 6421.28 4850.43
6244.71 5444.85 5044.33 6320.68 6062.35 3116.47 1804.31
4896.56 7824.0 5435.48 3840.35 9646.66 360.02 5606.82
6463.24 6021.97 1995.78 1398.36 6043.98 876.13 3794.4
4711.55 6502.04 3204.91 5853.19 1587.83 5555.01 7606.4
5025.29 1956.94 6023.53 2754.65 6017.5 2766.92 5740.58
7516.27 3471.78 1397.77 5202.28 262.61 6508.39 4507.46
163 4286.01 6137.02 3298.22 518.52 4841.33 5020.99
6911.12 4587.6 7742.28 3933.33 2835.63 2298.71 3932.38
6373.76 5488.64 7424.45 4777.39 5565.58 4505.78 1979.42
5731.76 5852.27 4037.64 4331.52 3789.69 6794.75 3385.45
6128.34 4470.73 2065.06 2774.23 2865.17 5363.29 4339.98
6346.68 7044.67 2791.85 7689.63 5728.06 6527.96 5230.59
4400.79 839.91 7417.09 5999.66 2901.92 4918.78 3086.72
7091.26 6646.14 3740.25 8436.21 5232.08 1880.02 3045.85
6085.59 6401.56 5288.98 3643.95 7920.09 4313.55 5712.8
1934.93 5877.51 3120.1 5038.25 3126.42 5281.18 6112.79
4467.86 7843.19 1490.34 4119.57 5835.15 2253.11 6416.69
6485.71 5609.47 2711.35 3313.81 4272.02 6173.59 3174.51
5253.64 2283.9 5582.72 1107.54 4925.61 8558.36 5247.24
72 5225.13 3875.54 4242.5 3974.05 4269.76 2222.06
6905.65 1888.97 6579.89 3146.15 985.13 2910.11 4998.92
5708.08 3057.49 5268.49 3550.78 4954.62 943.23 4641.32
6453.29 4427.1 5941.84 616.53 2512.95 3401.16 3081.52
5174.62 2194.33 4236.19 2903.88 2129.21 7085.55 5691.04
3922.04 3513.61 1776.41 4900.82 6079.9 3565.64 2565.91
4270.84 3111.34 7132.06 4586.43 1391.01 1966.4 1933.69
5188.69 5191.07 2095.8 7165.09 2730.53 3830.88 4962.23
4869.66 3011.88 3378.0 3240.67 4249.78 6379.61 3778.52
2876.16 3644.9 4719.73 6245.47 704.52 7558.04 5786.91
3100.79 6105.83 4175.63 1544.72 7125.94 1513.39 3172.07
5306.83 6527.46 1041.22 4056.11 1535.67 6664.05 978.65
1596.44 3265.3 6909.86 2657.85 6954.91 7206.17 4141.62
98 1668.07 5294.27 1291.96 2439.52 3143.89 4992.91
4346.89 4673.89 5747.97 2959.82 4091.02 2120.27 1355.36
4277.87 4986.63 6211.38 3628.21 3630.96 5325.9 1002.85
2962.93 4435.0 1113.72 5624.06 3332.72 6888.17 2495.82
4285.96 4301.26 937.77 2259.66 3002.38 2442.33 1481.5
5584.01 7295.16 3285.73 6985.24 3135.11 6203.02 5012.48
2566.17 3559.79 4941.64 4529.92 4948.26 5055.85 3270.32
5738.46 5046.4 3611.86 6428.95 4881.4 1301.78 211.95
4444.62 6558.13 4447.18 2587.38 8351.35 1457.89 4735.65
4662.21 5086.59 579.74 2159.59 4333.81 2583.92 3848.95
3599.12 6237.23 1445.73 4381.7 2908.53 3774.01 6403.03
4720.43 2778.09 4258.55 1500.08 4555.7 3456.53 4073.25
6006.17 1763.62 2656.83 3388.01 2079.09 6591.03 3794.27
411 2859.07 3461.91 1832.74 2568.87 2436.34 2545.76
4930.12 2153.19 5260.62 1337.85 1598.66 607.34 2604.4
4029.6 2855.39 4745.97 2146.52 3199.52 2649.07 2537.02
4190.68 3234.14 3532.21 2989.09 1110.2 4442.88 907.43
3657.2 1901.33 2032.58 494.01 327.55 4672.92 3286.02
3682.55 4790.72 640.36 5053.18 3921.0 3976.86 2678.47
2185.36 2608.82 5299.76 3389.78 2763.77 2530.87 606.96
4428.82 4049.34 1136.66 5937.41 2632.49 1669.06 2587.19
3528.51 4076.0 2608.22 1163.82 5799.17 3975.14 3032.42
3275.21 3204.27 2316.22 3870.31 1773.44 5156.29 3918.0
1797.87 5216.91 2220.9 1773.62 4758.06 1564.35 3998.18
3956.42 4216.75 1892.76 1658.8 1949.71 4481.68 1439.08
3341.42 940.07 4532.22 2104.01 4541.82 6037.82 2676.72
89 3025.39 3029.73 3634.22 6500.45 2065.62 4325.55
1287.41 4429.46 1136.89 3205.53 5798.92 4615.61 3309.49
472.03 3561.83 2723.02 2603.85 1302.74 5670.53 5477.52
2389.36 1853.53 4279.17 6459.14 3731.12 5341.54 3604.24
988.98 4011.12 5039.35 4180.74 4546.62 4123.99 3472.24
3263.46 5843.32 4887.96 4078.86 1814.89 4284.24 4032.52
2432.56 7019.86 1094.69 1729.9 7073.71 4592.82 4541.47
2212.23 1457.52 4102.85 1780.23 3793.03 5034.89 4452.85
1377.91 5255.82 2935.34 3340.6 6855.54 4554.96 2693.04
7776.55 3077.05 4137.12 3181.99 5813.33 5224.1 821.63
3056.59 2057.06 5631.47 4631.3 3421.96 5996.43 4898.89
1048.99 2714.27 6174.27 3557.2 4689.58 2019.19 5388.04
5885.84 4555.07 3432.34 6561.39 4602.52 1955.42 2008.97
82 1815.45 2948.93 2351.69 5228.74 1019.51 3790.65
1616.89 3773.12 2340.75 2172.93 4795.47 3404.35 2064.9
870.82 3196.79 3237.99 1834.3 502.35 4966.69 4197.66
1696.2 1674.64 3144.12 5682.94 2781.13 5199.23 2462.07
1027.28 3311.42 3756.59 2996.5 3466.89 3276.07 2340.32
3242.25 5697.65 3833.18 4399.2 1083.65 4201.34 3567.52
1204.87 5804.9 1930.55 1658.55 6055.62 4022.99 3513.54
2702.56 1885.95 3193.59 3023.85 3333.64 3758.11 3195.64
1380.15 5022.12 2487.38 2213.44 6771.82 3477.19 2440.99
6619.76 2884.2 2867.54 2228.79 4855.57 4314.29 552.28
2241.38 2949.7 4349.74 3857.02 2744.7 4913.9 4710.17
1458.17 1965.79 5154.08 2280.03 3953.73 1604.11 4433.33
5324.14 3311.14 2667.93 5368.17 3642.55 3183.96 1373.22
195 5901.07 3325.32 5066.1 5358.36 4530.46 1773.08
7066.55 1733.53 6273.88 3600.39 2346.59 3965.79 5744.73
5710.09 2587.47 4586.74 3670.76 5079.7 736.77 5842.2
6926.74 4252.72 6841.91 1036.51 2979.63 2100.32 3762.96
5114.06 2200.85 5379.49 3807.78 3055.73 7850.31 6447.06
3258.07 2110.69 2806.76 3887.71 6453.11 2581.27 2081.95
4714.22 4570.65 7162.51 4391.08 2771.32 1507.13 2787.45
4653.06 4887.01 2580.88 6765.83 2316.12 4988.77 5956.96
4728.3 1749.79 3163.02 3830.21 2784.85 7295.04 3450.23
4307.79 3160.59 5659.01 6904.03 2053.17 8472.75 5924.54
3283.83 5565.1 5427.66 1771.57 7745.84 2924.85 2016.98
5123.1 7063.96 2492.13 4851.89 1624.55 7035.29 2099.07
252.42 4315.62 7556.73 4101.97 7823.82 6767.11 4182.3
432 3642.13 2121.41 2893.04 4087.43 2308.24 990.77
4921.19 648.69 4567.57 1325.3 1879.54 2151.24 3511.45
3675.91 1383.57 3511.5 1522.78 2944.27 1662.73 4063.19
4657.5 2406.93 4672.87 2371.35 728.96 2900.38 1567.16
3136.57 348.17 3536.24 1813.12 1290.69 5602.93 4208.27
2278.25 3278.47 1341.33 3572.07 4204.88 2424.73 1121.29
2440.72 3852.54 5110.1 2568.87 3105.25 1028.7 1040.01
3317.88 3196.21 433.47 5176.7 1109.9 3203.31 3891.36
2837.81 2548.08 1419.39 1582.47 4324.64 5128.6 1855.27
4188.47 1861.11 3552.84 4635.36 1797.68 6290.64 3787.26
1081.82 4205.62 3780.65 540.68 5470.75 2294.83 2442.03
3278.27 4788.43 2262.14 2668.89 656.16 4790.61 1399.59
2143.99 2438.98 5284.45 3311.87 5621.85 5232.86 2106.56
476 6260.72 3601.13 5420.87 5629.42 4883.6 2099.47
7407.97 2085.86 6565.74 3960.3 2613.0 4299.94 6102.98
6041.34 2889.64 4820.96 4019.69 5423.25 1073.44 6161.91
7284.57 4572.9 7194.84 1157.62 3339.58 2157.39 4120.61
5441.53 2554.67 5707.21 4154.78 3396.87 8209.08 6805.48
3512.87 2082.16 3135.78 4038.68 6807.91 2767.1 2394.38
5073.06 4788.51 7492.49 4707.88 2900.46 1841.78 3131.99
4916.49 5186.42 2939.96 7040.98 2632.0 5313.42 6302.23
5049.17 1846.08 3488.59 4189.8 2624.34 7647.47 3758.87
4450.74 3450.21 6008.1 7264.02 2318.07 8825.98 6266.61
3637.84 5820.92 5736.89 2131.28 8105.82 3178.34 2156.59
5436.88 7423.13 2721.15 5207.54 1984.58 7389.4 2405.28
537.17 4651.73 7916.78 4337.75 8179.04 7035.46 4523.25
201 768.5 4399.34 1849.08 4604.36 2082.42 4872.71
2037.18 4730.95 3749.92 2824.77 5143.45 3305.18 1117.17
2349.8 4466.8 4833.67 2949.01 2047.82 5782.27 3290.42
689.12 3190.29 1687.78 6362.65 3457.44 6519.42 2780.47
2627.16 4264.76 3003.67 3068.32 3774.75 1694.9 906.42
4703.33 7001.21 4156.03 5947.74 853.5 5591.29 4729.99
1725.57 5494.04 2656.54 3206.73 6298.24 5053.22 3933.15
4300.19 3485.93 3875.11 4378.9 4519.87 3174.55 2139.07
2964.12 6286.27 3767.97 2637.2 8091.89 1941.73 3846.64
6484.0 4284.41 1947.72 631.69 5288.9 2714.32 1813.75
3215.0 4518.0 3616.58 4662.73 1331.22 5074.96 6016.88
3054.2 667.56 5442.34 1944.39 4800.91 1140.36 4904.47
6286.39 3060.5 1174.19 5167.08 2045.08 4561.19 2718.1
328 6989.98 3244.36 6373.34 7233.78 5277.71 2559.49
7447.66 2858.08 6075.33 4700.07 4281.91 5576.3 6922.04
5993.7 2897.71 4007.9 4398.83 5592.18 2610.94 7505.67
7712.35 4499.26 8136.31 3045.57 4210.99 935.88 5057.56
5382.48 3245.55 6997.87 5299.04 4650.46 8945.74 7594.78
3012.41 455.5 4506.42 2818.2 7146.1 1995.31 2629.71
5646.56 6553.68 7364.16 4584.63 4790.56 2475.67 4367.34
4301.75 4849.14 3922.5 6389.8 2829.53 6637.54 7394.49
4941.32 1064.85 3609.56 5027.78 830.96 8590.0 3662.83
6330.19 3232.77 7051.32 7914.11 3999.34 9729.81 6364.21
4166.63 5084.15 7157.33 3195.35 8669.25 4871.45 1382.59
5222.97 7918.81 4478.81 6146.72 3019.34 7687.69 3942.46
1883.07 5897.19 8521.41 6063.72 9045.41 6331.67 4719.31
180 3281.29 5674.06 2360.56 574.14 4069.82 4807.5
5947.59 4397.48 6946.63 3325.84 3029.87 1734.97 2926.96
5530.8 5121.89 6867.66 4165.33 4751.2 4605.41 939.94
4710.93 5196.32 2981.9 4626.11 3346.05 6680.4 2754.1
5352.65 4178.09 1028.79 2184.64 2550.93 4309.01 3294.6
5916.43 6994.22 2623.63 7307.9 4747.91 6254.93 4955.51
3573.73 1740.1 6480.8 5331.59 3494.98 4763.39 2820.58
6483.52 5952.92 3414.04 7643.58 4909.19 940.35 1991.32
5367.96 6301.61 4798.45 2985.81 7953.06 3268.89 5192.49
2869.78 5424.4 2088.61 3991.67 3320.46 4274.01 5220.21
3929.8 7167.42 433.24 3972.19 4779.69 2527.22 6253.84
5739.64 4574.28 3040.27 2418.06 4142.04 5167.1 3229.6
5352.99 1571.12 4527.34 1711.87 3885.31 7778.96 4561.5
136 5366.05 3048.29 5740.14 8397.98 3877.51 4719.16
3563.6 5023.33 1360.14 4710.38 6904.44 6337.48 5601.81
2712.29 3861.26 1740.79 3879.14 3287.52 6161.74 7610.15
4852.07 2792.27 6683.68 7012.89 4990.77 4795.79 5250.74
2636.06 4770.17 7114.89 5862.29 5945.52 6588.12 5875.27
3064.4 5226.79 6195.26 2901.78 4278.24 3848.86 4369.97
4418.3 8632.45 3036.14 2639.82 8121.25 4995.13 5829.94
1724.09 1990.3 5221.99 1021.47 4185.62 7015.81 6705.67
2566.43 4900.07 3607.26 4993.35 6001.39 6989.26 3172.04
9165.91 3268.61 6354.36 5639.87 6815.57 7689.26 3239.97
4249.72 821.79 7655.41 5408.44 5869.34 7273.88 4523.68
2213.78 5177.79 7288.01 5604.34 5384.42 4455.25 6425.58
6069.19 6389.6 5892.45 8117.0 7064.72 854.02 3390.0
410 4708.39 5188.25 3615.97 2059.59 4561.25 3783.01
7022.68 3351.11 7349.24 3436.27 1328.53 2166.08 4390.04
6153.74 4431.56 6572.19 4184.27 5324.32 2952.57 3146.53
6137.58 5255.77 4942.88 2648.9 3029.69 5367.96 3030.73
5762.48 3386.53 2930.11 2502.83 2102.12 6240.39 4978.53
5336.93 5550.57 1817.78 6559.74 5955.15 5291.64 4060.64
4291.51 1009.87 7416.82 5417.4 1209.76 3614.09 2183.78
6340.99 6078.3 2799.29 8013.82 4128.58 2559.32 3881.88
5597.5 4970.56 4438.53 3289.41 6344.22 5316.56 4882.1
1162.17 4927.66 3784.56 5646.53 1579.57 6424.14 6037.99
3775.18 7192.08 2607.33 2869.89 6521.09 781.98 5052.57
6035.43 6104.71 1077.39 3520.97 2984.91 6488.94 1784.45
3674.46 2403.93 6276.01 623.77 5936.4 8102.11 4752.71
220 2006.97 2308.28 2136.85 4845.47 297.8 2989.45
2408.84 2962.78 2606.96 1443.46 4062.42 2873.26 2138.05
1300.66 2439.18 2896.7 1024.44 473.9 4157.95 4002.05
2377.31 1143.13 3367.27 4882.63 2012.91 4473.9 1835.67
999.37 2500.92 3505.76 2423.82 2778.82 3776.75 2617.86
2612.46 4966.0 3127.78 3886.53 1814.91 3513.05 2779.47
810.92 5269.07 2643.85 1201.59 5333.19 3216.93 2789.6
2396.75 1685.49 2413.76 3301.98 2549.73 3422.56 3153.74
1082.87 4272.05 1727.16 1570.37 6050.16 3761.32 1758.02
6004.53 2198.69 2785.82 2708.67 4101.45 4734.63 1282.23
1433.78 2887.96 4054.64 3052.2 3367.96 4230.82 3976.81
1396.7 2599.58 4430.97 1994.88 3145.54 2375.66 3676.5
4515.83 2852.88 3249.05 4799.41 4041.25 3429.8 631.16
70 3578.06 3436.85 4250.32 7130.26 2707.05 4845.12
1369.07 4981.19 855.74 3840.1 6420.51 5257.91 3880.23
1113.92 4046.12 2873.93 3209.22 1944.73 6223.5 6077.46
2751.01 2367.32 4774.28 7027.06 4351.97 5709.27 4246.23
1567.76 4578.98 5652.01 4823.55 5182.23 4476.75 3977.01
3637.74 6204.93 5519.74 4269.36 2247.05 4649.71 4536.55
3071.42 7662.35 872.47 2225.07 7695.5 5118.66 5170.4
2419.69 1800.79 4714.37 1328.52 4300.26 5660.59 5027.02
1896.37 5660.22 3462.21 3982.18 7179.4 5015.38 3173.6
8417.41 3521.64 4724.67 3610.31 6426.3 5587.23 1394.38
3661.78 2006.77 6249.52 5210.42 3717.61 6630.16 5292.3
1493.76 3076.24 6798.01 4182.49 5258.87 2306.15 6001.81
6395.43 5193.88 3767.19 7204.17 5000.89 1523.16 2610.3
270 6953.44 3275.32 6316.67 7122.88 5262.09 2508.55
7468.78 2789.41 6135.64 4653.29 4159.73 5490.54 6877.93
6017.46 2891.44 4085.96 4378.98 5596.49 2487.26 7418.61
7702.42 4517.51 8084.71 2900.74 4150.49 993.93 4997.05
5404.56 3189.14 6914.49 5223.01 4562.87 8912.71 7554.78
3053.32 552.16 4408.96 2924.34 7142.07 2043.36 2598.75
5618.1 6426.24 7398.71 4607.6 4647.0 2409.16 4279.69
4364.54 4891.62 3851.15 6464.09 2805.85 6550.56 7328.76
4965.16 1064.45 3603.68 4975.02 932.7 8539.11 3675.87
6188.87 3251.27 6988.94 7886.34 3875.23 9683.85 6377.42
4132.86 5161.14 7062.99 3110.52 8650.13 4748.69 1406.42
5257.1 7903.77 4349.41 6090.42 2934.23 7688.31 3829.4
1752.03 5814.96 8498.61 5939.78 9001.66 6410.04 4716.67
412 1299.87 5494.29 2149.64 4309.04 3137.24 5753.78
3026.0 5546.31 4925.94 3617.5 5557.18 3572.09 1416.95
3550.16 5463.81 6020.11 3939.99 3226.86 6472.25 2857.64
1503.25 4336.63 812.45 6945.76 4194.99 7507.91 3400.45
3824.92 5098.71 2769.21 3489.4 4263.4 694.39 714.17
5800.1 7973.26 4620.1 7091.06 1981.53 6634.84 5660.81
2666.27 5402.78 3675.19 4367.99 6584.1 5898.38 4477.91
5489.98 4682.06 4581.06 5534.06 5470.29 3070.3 1768.13
4146.03 7242.79 4791.76 3339.22 9064.1 832.12 4928.63
6482.82 5354.48 1806.03 610.74 5752.23 1531.04 3007.62
4123.76 5721.73 3314.49 5392.57 1054.17 5363.31 7003.79
4255.35 1203.37 5799.11 2340.63 5548.72 2011.96 5413.56
7054.21 3251.53 809.08 5181.26 845.64 5721.2 3811.91
359 4823.37 834.6 4426.06 6090.46 2989.2 1216.9
5028.57 1636.37 3781.45 2731.8 3691.35 4085.0 4824.99
3574.7 708.59 1965.42 2172.71 3202.12 2544.77 5922.91
5365.89 2082.67 6086.57 3384.0 2480.44 1505.64 3234.01
2963.35 1664.03 5380.26 3677.21 3290.32 6726.26 5446.89
661.37 2008.44 3348.15 1576.88 4777.75 528.38 924.29
3444.2 5835.15 4956.88 2165.48 4741.77 1442.07 3050.59
2066.4 2469.33 2409.21 4202.98 905.29 5093.97 5519.82
2522.26 1394.26 1315.55 3106.6 3071.96 6525.72 1260.33
6044.45 819.94 5146.84 5667.48 3510.7 7605.73 3951.73
2095.28 2959.91 5708.53 2114.79 6363.46 4202.23 1038.41
2816.19 5595.81 4038.35 4204.48 2012.2 5301.46 3209.38
2371.62 4324.3 6237.68 5294.8 6909.65 4185.48 2365.91
289 4157.96 4695.49 3066.49 1965.67 3975.24 3376.51
6437.67 2939.44 6775.69 2856.77 1069.86 1599.23 3847.94
5568.24 3964.04 6063.39 3619.07 4738.4 2740.26 2807.41
5575.51 4697.04 4475.9 2609.2 2476.1 5067.61 2443.2
5183.46 2916.82 2514.82 1917.73 1531.92 5752.13 4457.31
4861.6 5295.01 1278.92 6128.03 5378.23 4894.85 3628.9
3704.3 1286.13 6829.16 4857.62 1529.46 3237.14 1640.17
5810.85 5519.35 2278.69 7444.04 3673.52 2122.05 3420.55
5027.99 4671.51 3917.33 2702.47 6155.2 4868.16 4360.01
1739.01 4433.48 3288.74 5113.86 1361.78 6001.91 5450.18
3219.78 6648.26 2290.29 2457.81 5994.57 495.57 4715.28
5463.77 5553.11 994.09 2959.6 2592.4 5917.01 1432.02
3487.71 1861.61 5752.33 750.29 5482.49 7535.78 4180.41
138 6908.82 3441.01 6213.85 6847.41 5284.6 2455.02
7587.26 2675.26 6362.91 4587.74 3853.93 5300.48 6811.07
6147.21 2961.19 4365.81 4394.49 5674.0 2188.55 7219.2
7733.11 4639.02 7992.68 2514.79 4046.68 1285.83 4887.94
5532.07 3107.46 6727.74 5064.74 4371.14 8874.15 7498.4
3247.34 941.79 4185.94 3276.81 7190.93 2271.58 2603.12
5601.81 6096.22 7554.18 4741.44 4261.36 2309.25 4089.42
4604.65 5076.34 3715.94 6726.79 2827.58 6353.39 7195.6
5099.48 1220.89 3665.6 4889.63 1264.12 8448.3 3789.51
5809.69 3384.07 6866.85 7865.11 3563.88 9605.96 6476.92
4109.64 5434.08 6841.24 2939.61 8652.49 4438.66 1597.97
5417.9 7919.38 4017.14 5989.5 2764.71 7749.01 3557.16
1437.14 5634.93 8490.61 5622.65 8931.35 6683.31 4779.03
135 4391.12 299.8 4082.76 5970.23 2524.53 1424.81
4484.68 1777.43 3275.72 2431.88 3796.41 3910.41 4419.52
3030.06 612.93 1624.7 1765.9 2679.44 2855.96 5676.89
4858.03 1543.21 5686.4 3706.87 2301.83 2045.48 2972.35
2419.5 1654.63 5132.26 3473.08 3194.84 6262.9 5016.51
295.91 2549.04 3314.17 1665.5 4261.66 1020.93 1078.31
3014.28 5833.13 4412.86 1621.49 4927.89 1694.18 2984.57
1615.6 1937.46 2325.12 3732.03 933.22 4875.09 5185.31
1977.73 1937.55 919.5 2810.22 3603.16 6117.45 746.31
6142.75 305.9 4807.18 5198.54 3651.39 7171.8 3413.79
1783.19 2532.73 5506.89 2220.04 5869.4 4262.77 1583.63
2273.12 5097.06 4163.07 3867.43 2156.18 4776.13 3307.03
2795.41 4115.07 5752.38 5292.93 6474.8 3728.92 1873.04
96 5426.54 4331.68 4405.0 3808.28 4602.08 2685.35
7235.54 2340.69 6997.05 3454.22 997.98 3002.56 5178.69
6079.14 3513.72 5728.35 3924.71 5307.9 1395.61 4612.49
6705.98 4838.6 6050.37 835.01 2839.31 3837.2 3324.02
5561.28 2619.93 4248.02 3068.38 2320.8 7237.81 5858.7
4384.65 3922.79 1944.06 5367.84 6363.59 4031.88 3027.38
4557.34 2833.06 7488.72 4999.54 948.94 2432.57 2168.81
5637.84 5614.76 2437.11 7592.79 3186.24 3841.57 5040.05
5272.25 3452.25 3806.66 3507.65 4604.05 6477.63 4215.69
2475.59 4097.62 4826.19 6441.98 804.99 7647.84 6129.79
3472.02 6552.47 4119.52 1969.33 7328.37 1386.64 3626.46
5712.68 6760.78 872.02 4232.95 1978.01 6943.64 1200.35
1995.54 3349.19 7104.9 2426.22 7067.75 7638.7 4521.06
261 2369.85 3399.12 1362.4 2660.28 2057.28 2721.27
4476.53 2370.83 4934.01 1076.32 2088.83 564.11 2122.55
3645.12 2885.74 4605.01 1922.95 2815.17 3032.99 2346.39
3700.96 2993.11 3100.75 3437.95 1109.03 4631.67 531.7
3318.74 2039.16 1810.56 91.97 751.81 4205.36 2810.77
3646.81 5012.41 1115.51 5046.95 3443.21 4063.47 2795.7
1742.4 2916.47 4869.24 3140.55 3250.03 2754.39 981.36
4244.69 3789.05 1306.1 5620.61 2708.52 1506.14 2207.43
3237.48 4282.53 2522.27 797.36 6051.08 3549.99 2917.53
3678.08 3151.57 1904.08 3383.56 2255.03 4731.11 3493.66
1654.52 4983.96 2126.87 2059.29 4270.45 2040.53 4164.21
3649.59 3725.17 2383.73 1177.17 2233.59 3999.11 1902.5
3691.28 736.89 4046.41 2445.72 4100.88 5731.99 2392.44
255 4015.22 2844.14 3116.16 3687.92 2945.51 1409.36
5581.2 972.54 5336.48 1834.22 1127.81 2019.44 3826.02
4396.31 2059.08 4247.52 2240.86 3632.91 1246.56 3933.27
5172.0 3175.59 4881.96 1760.23 1193.79 3169.2 1850.19
3878.17 1034.67 3445.48 1838.11 1094.44 5934.02 4528.39
2967.02 3460.55 912.87 4174.42 4773.85 2927.59 1673.94
2968.59 3253.36 5812.28 3338.22 2331.98 1281.16 819.68
4079.45 3969.44 772.41 5949.76 1747.53 3067.77 3987.29
3597.99 2781.56 2189.86 1969.4 4424.49 5333.35 2621.38
3471.3 2589.38 3690.95 5033.01 1024.25 6513.28 4462.96
1788.31 4973.94 3565.06 490.55 5899.76 1605.04 2778.4
4040.67 5266.25 1503.29 2908.43 633.69 5359.7 639.12
1919.71 2361.45 5694.91 2716.38 5873.22 6006.84 2837.18
346 5153.77 4423.49 5852.34 8728.33 4255.35 6014.83
2654.54 6227.69 1490.33 5344.7 7854.81 6826.82 5466.17
2685.47 5162.4 3396.85 4634.75 3504.26 7449.98 7675.64
4170.56 3647.08 6291.25 8284.91 5801.76 6484.63 5790.19
3018.49 5876.05 7253.79 6381.4 6681.97 5826.73 5510.94
4539.83 6948.08 7000.16 4712.79 3754.07 5467.16 5678.74
4658.01 9226.42 2003.85 3485.81 9123.52 6296.42 6641.37
3141.21 2886.98 6130.06 1013.18 5458.45 7260.92 6612.16
3228.3 6525.5 4699.39 5523.49 7800.45 6491.82 4329.9
9939.97 4580.55 6318.2 5072.99 7829.72 6928.94 2993.86
5076.48 2320.84 7851.52 6525.08 5014.66 8113.9 6145.02
2783.52 4482.0 8238.23 5782.79 6545.91 3673.37 7411.38
7503.31 6779.18 5114.3 8755.59 6400.76 1089.2 4044.0
398 2617.29 5722.94 1926.89 1481.24 3802.8 5124.08
5316.53 4750.31 6568.81 3321.4 3724.76 1999.68 2276.97
5110.17 5285.48 6787.12 4103.34 4394.55 5173.91 70.13
3969.49 5039.89 2066.72 5320.3 3522.59 7032.86 2772.78
5034.35 4450.31 612.97 2330.88 2925.29 3380.97 2495.77
5992.77 7394.03 3109.82 7403.92 4102.27 6476.18 5211.69
3248.26 2706.73 5892.84 5155.96 4365.38 5131.31 3208.47
6352.26 5729.35 3700.0 7260.48 5122.5 937.8 1181.65
5127.85 6673.66 4846.8 2946.92 8405.74 2319.05 5194.33
3835.53 5490.89 1408.27 3175.71 4000.1 3307.21 4727.7
3966.47 6942.16 587.0 4380.07 3908.86 3294.69 6573.61
5452.22 3792.68 3806.72 2066.69 4556.0 4455.59 3827.31
5900.7 1694.37 3658.59 2643.02 2929.9 7412.13 4389.95
81 2966.59 1647.82 3107.02 5705.01 1215.17 2842.03
2576.04 2961.21 1900.37 2053.02 4487.13 3655.37 3120.32
1130.65 2086.03 1928.63 1275.55 883.6 4203.65 4957.12
3057.81 378.05 4331.67 5007.47 2443.37 3957.9 2570.75
515.55 2560.88 4447.03 3182.99 3355.59 4622.61 3561.52
1923.05 4461.43 3652.71 3033.5 2436.07 2921.68 2549.07
1785.69 5993.11 2562.46 300.91 5755.47 3110.7 3289.58
1414.86 714.81 2762.03 2557.6 2309.33 4328.5 4140.59
141.47 3831.88 1452.13 2308.99 5510.8 4710.93 1228.11
6618.39 1641.5 3770.66 3561.87 4463.6 5631.86 1507.71
1709.92 1931.56 4971.72 3197.64 4110.5 4763.34 3490.42
585.46 3331.68 4870.96 2949.83 3240.57 2906.07 4044.03
4401.8 3696.61 4031.37 5492.96 4946.93 2650.33 712.81
243 1134.18 4729.23 737.0 2756.31 2541.21 4535.12
3833.89 4244.35 5151.5 2443.31 3908.24 1903.93 792.71
3682.48 4463.87 5613.14 3061.77 3024.19 4997.54 1449.6
2530.84 3835.81 1148.11 5374.08 2879.47 6409.26 2032.81
3678.75 3845.46 1154.09 1919.35 2696.01 2372.74 1135.87
5023.04 6832.25 3021.01 6416.84 2620.13 5680.9 4526.6
1962.96 3736.74 4408.41 3927.74 4884.16 4621.45 2943.92
5135.96 4439.08 3198.28 5835.52 4380.65 1385.47 398.57
3837.59 6092.87 3895.78 2082.99 7901.62 1589.53 4165.52
4792.07 4529.43 97.54 1832.47 4125.27 2771.01 3268.17
3067.88 5629.32 1761.44 3993.71 2670.51 3670.91 5916.99
4112.75 2394.11 4123.73 960.89 4163.56 2997.65 3820.93
5645.7 1564.72 2420.25 3481.79 2163.18 5995.22 3198.61
452 1345.24 4361.83 421.53 2537.54 2306.73 4053.93
3971.81 3747.79 5071.01 2009.88 3389.63 1389.0 997.62
3620.14 4036.35 5333.98 2701.65 2890.24 4472.99 1451.28
2802.17 3568.13 1675.04 4846.29 2393.35 5942.96 1550.79
3528.92 3362.38 994.37 1392.42 2168.02 2867.06 1548.85
4647.9 6355.47 2493.55 6053.74 2778.59 5252.46 4064.73
1745.08 3383.16 4504.23 3675.96 4394.9 4127.61 2417.43
4880.41 4232.97 2693.14 5764.69 3931.15 1071.35 794.35
3630.22 5617.26 3506.5 1636.64 7417.53 2117.71 3809.22
4396.49 4148.47 463.94 2219.14 3602.01 3299.16 3267.03
2651.41 5442.61 1598.63 3480.92 3090.62 3173.9 5455.8
3947.6 2716.85 3615.4 580.97 3652.28 3226.56 3293.6
5127.21 1062.0 2845.85 3078.38 2687.8 5913.25 2919.44
