90 200
1.0 336438.54
1.0 557998.97
1.0 345657.46
1.0 341187.94
1.0 336766.26
1.0 148236.8
1.0 638610.22
1.0 254392.28
1.0 617096.97
1.0 345501.9
1.0 610537.69
1.0 424914.86
1.0 339312.87
1.0 400771.19
1.0 171360.76
1.0 358982.81
1.0 844107.62
1.0 688390.75
1.0 218710.31
1.0 460863.9
1.0 405146.93
1.0 538535.8
1.0 375153.88
1.0 318463.49
1.0 696157.01
1.0 398799.24
1.0 670478.74
1.0 582572.09
1.0 304300.66
1.0 329231.02
1.0 939338.64
1.0 393862.16
1.0 244923.43
1.0 196416.66
1.0 582498.18
1.0 387767.8
1.0 240859.52
1.0 501474.25
1.0 387662.14
1.0 156025.94
1.0 480392.09
1.0 697048.64
1.0 1287148.98
1.0 364202.9
1.0 402053.3
1.0 799157.66
1.0 389405.4
1.0 410727.83
1.0 261112.32
1.0 178229.54
1.0 564874.63
1.0 189326.82
1.0 633074.41
1.0 241332.84
1.0 408657.26
1.0 297116.4
1.0 643910.64
1.0 415999.08
1.0 953183.58
1.0 208183.73
1.0 440183.37
1.0 366475.17
1.0 411673.94
1.0 794903.26
1.0 479583.9
1.0 201642.66
1.0 467320.47
1.0 290746.03
1.0 282472.83
1.0 603767.09
1.0 264830.46
1.0 296010.43
1.0 363748.78
1.0 574415.38
1.0 478690.73
1.0 318318.48
1.0 312364.76
1.0 200375.88
1.0 244775.7
1.0 258028.31
1.0 332159.2
1.0 966461.4
1.0 255321.91
1.0 308692.4
1.0 128260.15
1.0 483255.45
1.0 162639.39
1.0 227457.88
1.0 602704.8
1.0 124935.25
451 5646.26 14513.62 9047.39 18687.57 7511.52 17193.21
3693.11 16983.54 10218.88 10946.29 19475.37 13725.19 6844.57
6042.87 15330.65 15029.06 10499.97 6233.57 20868.18 14351.15
1654.72 10169.17 8795.14 23104.62 13125.73 22149.9 11321.05
7596.15 15393.61 13293.4 12683.1 14817.58 7537.71 6268.96
15496.75 23836.04 16115.19 19239.85 989.17 18770.52 16511.81
7111.02 21474.66 5847.26 10057.79 23578.1 17928.48 15198.91
13205.49 10397.52 14567.04 12163.2 15734.82 13760.49 10470.62
9001.1 21530.32 12918.96 10650.27 27480.12 9423.43 12808.24
24677.23 14309.6 9754.17 4617.54 19844.59 11286.06 4188.04
11723.85 13334.73 15381.14 17054.45 5174.53 19503.28 20488.11
8836.64 2761.36 20586.78 9199.67 17448.35 999.3 18466.38
22285.76 13047.27 5177.33 20248.9 9266.79 12811.3 9145.49
190 19241.22 6971.06 17258.46 21043.84 13435.3 4372.92
21013.67 5596.24 16962.51 11533.9 11583.68 14930.05 19038.06
16124.45 5407.09 10485.19 10450.08 14591.21 6378.7 21448.06
21700.4 11017.26 23188.29 8821.56 9995.99 2187.95 12847.61
14040.79 6714.86 19676.29 13845.27 11862.21 25858.76 21299.98
6377.4 3433.59 11590.24 7608.61 19805.96 3351.89 4467.24
14676.51 19304.64 20887.15 11358.14 14285.48 4320.84 10919.53
11081.88 12521.81 9162.81 18320.12 5130.8 18520.4 20791.74
12571.45 932.51 7818.57 12681.07 7086.78 24720.09 8142.58
19223.62 6758.06 19599.32 22358.11 10739.29 28554.25 17273.27
9673.61 14018.46 20405.15 6996.53 24920.52 13539.88 1249.1
13653.15 22385.4 12517.8 16489.35 6432.07 21664.7 10161.54
4755.93 15950.31 24415.93 17537.9 26226.85 18223.09 11593.12
81 15181.07 9384.79 12251.78 14054.22 11087.31 3935.01
19957.12 2636.15 18493.93 7551.04 4570.83 8617.36 14596.08
15705.91 6619.21 14136.0 8433.33 13257.87 2533.29 15086.28
18913.26 11220.2 18260.1 4750.71 5376.2 9270.37 7876.44
13835.65 3638.05 13446.02 7987.1 5486.3 21739.49 16978.0
9623.79 10133.52 4805.14 13319.01 17456.93 8911.43 5036.61
11401.26 12216.39 20582.55 11754.71 8051.96 3222.49 4552.78
13789.86 13779.57 3953.6 20461.98 5509.9 12158.68 15271.83
12744.56 7932.87 7633.38 8181.93 13300.06 19794.21 8986.58
12476.37 8578.82 14251.23 18610.82 3859.09 23786.37 16115.62
6949.26 16888.5 13804.97 1477.26 21513.53 6469.13 8081.81
14212.51 19293.64 5662.94 11533.02 1390.42 19444.38 3061.94
4726.57 9778.81 20842.11 10437.42 21597.32 20599.11 10386.29
453 19679.13 5847.85 19282.96 26182.11 13315.78 10120.99
17432.68 11534.84 11057.02 13978.27 18498.89 19174.9 20006.24
12784.45 7917.67 3868.39 11389.95 12846.15 14409.25 24999.87
20124.05 9026.62 24256.06 17158.84 13744.21 7919.42 15875.05
11107.13 11450.31 23159.69 17663.54 16780.06 25513.59 21761.5
5009.23 9200.23 17141.72 1165.02 17995.8 5457.23 9101.87
15207.63 25650.31 16440.42 8916.9 22032.95 10856.59 16051.07
5588.55 8334.93 13821.62 11515.03 8880.67 22362.17 23007.21
9779.16 8586.37 8827.95 15241.99 11640.48 25625.77 7643.64
26473.76 6674.45 21716.49 21914.87 17892.55 28898.09 14539.16
11812.33 7164.41 24527.31 13144.64 23723.96 20200.58 7431.35
9899.89 21094.95 19680.27 18597.24 12813.51 19391.12 16859.8
13326.09 19818.32 23492.97 23817.69 26561.4 11188.37 10982.85
302 10080.91 18808.94 7073.44 3029.58 13043.19 16171.63
19151.65 14822.15 22724.93 10754.49 10658.67 5582.61 8882.3
17884.19 17058.66 22729.13 13560.53 15286.32 15822.26 2165.75
14898.87 16977.11 9011.93 16084.1 11022.48 22579.83 8820.31
17362.6 13974.72 2433.55 6999.7 8545.94 13510.86 10074.42
19662.23 23705.17 8950.09 24409.04 15072.35 20975.95 16601.25
11303.17 6918.1 20987.59 17418.83 12563.72 16086.34 9488.24
21374.76 19485.59 11386.1 25085.29 16392.79 2403.58 5650.04
17483.11 21318.47 15830.81 9555.54 27027.47 10006.89 17121.99
10728.97 17979.29 6011.91 12434.09 11622.77 13470.62 16775.26
12859.65 23607.59 369.67 13445.58 15096.01 9073.7 21090.81
18704.0 14419.77 10817.78 7329.59 14032.01 16459.9 11184.37
18332.31 4834.36 14241.08 6664.86 12101.6 25558.1 14803.44
328 17410.13 4470.19 15775.17 20664.16 11356.37 3665.72
18600.53 5143.93 14466.55 9989.29 11941.91 14104.5 17322.61
13689.4 3286.59 8157.14 8458.37 12291.49 7507.72 20494.44
19532.97 8600.01 21556.72 10267.05 8807.23 3682.72 11537.12
11609.88 5704.7 18675.18 12835.27 11220.41 23948.35 19505.49
3885.28 5347.71 11225.07 6036.06 17582.21 1532.31 3080.4
12765.09 19445.35 18413.97 8913.58 15214.92 4167.41 10339.36
8623.77 10018.35 8295.35 15866.62 3432.37 17621.5 19424.05
10126.59 3110.95 5649.03 11219.54 9021.69 23067.46 5751.13
19851.66 4311.98 18185.67 20392.69 11232.82 26809.34 14905.03
7937.2 11612.86 19632.66 6765.27 22845.88 13780.47 1996.5
11168.82 20270.58 13040.1 15011.71 6313.48 19397.97 10364.2
6591.82 15011.28 22384.17 17628.95 24460.28 15791.38 9364.69
348 13242.69 5115.98 11183.48 16043.85 7848.01 1877.42
16300.03 1923.47 14142.3 5456.83 8343.66 9333.08 12982.01
11738.51 2481.62 9877.94 4856.8 9572.7 6127.99 15702.71
16113.44 6954.7 17109.47 8896.19 4025.87 8070.34 6816.35
9755.77 1070.56 13884.91 8043.41 6556.05 19892.72 15272.01
5548.18 9509.06 6777.01 9869.21 14379.71 6064.13 1723.61
8792.63 15270.32 16661.14 7467.71 12304.77 2583.77 5742.08
9405.64 9409.57 3575.3 16067.25 1530.07 12831.99 14753.72
8534.06 7003.52 3273.22 6603.35 13163.85 18642.96 4577.14
16272.95 4261.61 13543.55 16457.45 7912.86 22494.36 12431.53
3739.01 12489.82 14858.53 3085.03 19141.07 9896.83 6422.3
9955.01 16690.14 9605.36 10414.45 3022.4 16326.49 6686.01
6997.44 10220.85 18580.62 13437.73 20176.82 16193.45 6527.51
232 20075.33 5726.72 19247.45 25390.24 13677.42 8725.18
18835.89 10196.53 12932.48 13669.22 17100.56 18537.76 20267.78
14019.01 7047.54 5642.57 11352.79 13640.48 12611.61 24641.6
21057.18 9675.3 24558.07 15266.0 13077.67 5628.61 15481.06
12164.11 10403.17 22796.82 17108.24 15906.4 26200.42 22188.06
4708.83 6878.87 16105.06 1159.73 18951.91 3660.96 7857.38
15463.79 24495.84 18045.25 9696.64 20396.09 9335.53 15100.64
7102.2 9619.09 12919.84 13612.69 7829.57 21889.74 22985.83
10725.29 6386.6 8539.71 14951.43 9419.71 25987.24 7663.61
25033.76 6374.14 21701.57 22581.28 16414.74 29439.54 15660.42
11471.48 9195.28 24005.74 11831.83 24609.26 18899.56 5311.32
11138.78 21969.21 18220.43 18524.23 11428.38 20492.32 15499.17
11300.15 19296.3 24305.22 22668.26 27082.93 13331.87 11360.72
339 21513.1 7314.12 20223.28 25330.47 15210.41 8298.46
21228.91 9751.76 15692.84 14467.78 16289.71 18790.43 21558.69
16329.34 7600.95 8442.84 12556.52 15586.02 11226.32 25152.13
23018.91 11621.23 25840.25 13621.34 13453.83 3206.08 16118.07
14367.52 10394.47 23325.28 17499.4 15906.13 27875.61 23630.47
6303.77 4110.39 15868.79 4029.73 20957.37 3478.5 7765.87
16840.52 23937.08 20599.19 11751.23 19132.89 8640.29 15017.3
9748.29 12054.86 12985.31 16478.04 8035.06 22294.12 23921.37
12877.98 4330.29 9644.03 15729.41 6538.66 27320.68 9165.44
24036.74 7693.35 22661.89 24267.51 15490.82 30940.09 17853.85
12325.99 12048.06 24318.22 11334.68 26494.68 18204.15 3692.65
13505.52 23866.22 17287.05 19470.36 10834.19 22613.93 14788.89
9473.56 19682.17 26121.41 22139.91 28579.17 16214.03 12988.67
42 7395.28 13193.3 10376.8 20208.37 7208.56 16550.08
1890.66 16544.07 7871.14 11039.94 19864.98 14661.75 8542.76
4102.21 14386.95 13119.26 9975.39 5229.91 20602.07 16134.98
4028.65 8843.52 11031.12 23022.66 13147.98 20994.08 11802.8
5970.98 14986.55 14912.63 13432.58 15282.72 9899.07 8402.8
14122.42 22697.37 16553.9 17518.21 2445.31 17506.88 15742.18
7444.65 22657.56 3717.11 8622.96 24089.55 17359.96 15524.01
11317.72 8553.28 14560.71 9783.99 14938.12 15211.19 12351.28
7463.93 20496.12 12020.97 11020.1 26276.25 11749.64 11652.22
25657.8 13118.13 11491.17 6959.49 20121.41 13654.93 2505.75
11368.99 11140.79 16997.22 16842.27 7428.27 20127.68 19380.74
6993.27 5133.67 21048.4 10369.72 17170.48 2659.29 18701.55
21778.82 14146.49 7514.68 21304.18 11646.73 10433.45 8298.0
342 7140.5 15413.72 10601.6 20190.47 8825.21 18433.24
2779.82 18298.9 10025.6 12397.55 21001.31 15292.65 8341.36
6461.61 16434.81 15485.3 11760.99 7245.25 22246.84 15778.09
2528.06 11050.37 9918.35 24537.81 14567.59 23157.53 12848.21
8269.57 16716.25 14780.81 14242.0 16349.07 7999.39 7545.16
16365.97 24854.88 17644.7 19865.68 2485.58 19712.46 17697.95
8591.95 23030.44 4975.26 10871.9 25122.75 19199.02 16709.18
13682.27 10911.33 16005.8 11763.9 16907.26 15286.55 11870.64
9743.33 22601.55 14036.76 12157.41 28465.68 10369.77 13796.66
26243.97 15283.45 11218.38 5615.67 21352.51 11754.74 4770.57
13051.11 13453.19 16864.27 18442.85 5331.63 21057.23 21519.85
9348.33 3477.67 22123.64 10765.01 18817.73 780.63 19965.16
23586.15 14612.8 5579.98 21813.78 9924.98 12429.68 10264.95
123 18955.48 16422.92 15371.65 12039.28 16739.39 10908.1
25604.12 9675.35 25215.11 12791.67 3941.0 10435.65 18033.58
21888.85 13658.47 21175.04 14643.73 19206.85 6640.37 15282.88
23478.24 17894.02 20666.14 4548.1 10817.71 14901.13 12094.52
20214.03 10490.65 14232.47 10939.07 8599.01 24845.09 20266.96
16649.23 15152.17 7300.12 20074.87 22458.06 15554.3 12050.24
16394.26 8330.32 26581.97 18445.05 1375.16 10078.67 8269.15
20796.18 20576.23 9542.74 27286.34 12549.11 12875.42 17149.13
19314.35 13601.75 14497.54 12803.41 17342.27 22059.8 15921.01
6632.27 15609.81 16550.47 22350.02 3743.6 25967.48 21931.08
13112.94 23875.27 13526.31 8310.3 25361.71 4432.48 14198.84
20817.21 23579.92 2900.66 14855.55 8412.79 24395.99 5184.69
8625.07 11542.6 24577.06 7196.94 24107.89 27468.51 16674.12
254 7908.25 14471.65 4230.14 6363.3 9085.2 12089.39
16292.76 10821.39 18903.63 6436.6 8180.15 1555.66 6800.54
14240.66 12768.66 18432.35 9271.25 11507.07 12495.61 5036.71
12810.7 12772.08 8995.45 13367.2 6741.46 18554.2 4498.55
13450.83 9818.57 3292.43 2686.93 4697.07 13218.06 8798.95
15328.88 19781.2 5500.59 20082.73 12422.66 16743.03 12415.9
7556.37 8258.37 17894.51 13237.46 11366.04 12113.75 5651.01
17123.97 15365.33 7264.24 21259.89 12151.38 2126.51 5522.01
13406.15 17336.92 11493.36 5273.3 23229.21 10408.76 12790.48
11479.73 13643.65 4884.98 11046.23 8989.49 14359.03 13395.74
8523.46 19470.62 4217.72 9595.97 14016.08 7257.55 17004.47
14708.86 12631.49 8821.9 4054.9 10193.22 14115.1 8126.57
14888.37 497.91 13190.63 7024.32 12440.1 21689.78 10635.44
495 19287.91 5160.05 18017.62 23406.23 12996.12 6457.76
19267.12 7938.3 14136.32 12276.59 14722.09 16740.16 19332.32
14340.48 5412.96 7098.2 10329.73 13449.21 10051.82 23039.7
20867.41 9508.92 23614.74 12679.23 11348.42 3405.43 13959.96
12335.9 8393.2 21205.88 15404.45 13934.98 25665.27 21404.95
4181.14 4946.97 13995.48 3633.99 18822.27 1349.03 5763.87
14614.85 22243.73 18761.05 9677.18 17880.43 6953.94 13075.11
8124.21 10187.09 10975.7 15162.92 5934.03 20205.94 21724.09
10834.76 3898.48 7417.27 13544.45 8137.36 25094.17 6969.13
22604.24 5484.47 20460.33 22060.69 13991.86 28715.41 15798.35
10121.34 10742.42 22260.3 9562.74 24320.12 16573.83 2743.19
11572.55 21697.27 15799.73 17267.45 9111.0 20514.42 13155.38
8710.55 17594.12 23933.26 20427.08 26354.68 14972.56 10791.82
242 6387.03 17695.26 10088.01 18963.25 10326.89 20005.01
5939.04 19653.3 13194.05 13320.83 21341.46 15070.45 7479.09
9298.35 18340.8 18304.89 13344.0 9408.86 23355.08 14229.06
2031.42 13378.92 7660.79 25404.97 15492.82 25230.98 13308.42
10872.02 18061.45 13556.33 14308.83 16700.5 4913.21 5861.14
18692.49 26903.03 17993.85 22511.07 4038.76 21912.67 19411.66
9493.94 22263.35 8097.04 13295.6 25245.59 20681.26 17221.51
16482.31 13675.49 16923.89 14957.8 18658.67 14315.41 10324.58
12262.97 24550.68 15930.12 12781.85 30570.46 7758.78 15938.92
25719.18 17443.71 9988.58 3517.95 21827.06 8628.77 7460.73
14425.72 16511.23 15569.18 19543.15 2150.61 21096.07 23551.38
12113.33 1663.79 22353.81 10468.58 19985.64 2718.81 20514.68
24954.69 14192.86 2540.79 21252.29 6958.83 15623.54 12193.01
330 6703.91 15094.64 3203.15 6695.27 8957.87 13217.01
15444.56 12023.02 18649.75 6957.91 9766.86 3053.04 5539.32
13840.52 13620.33 18797.77 9655.64 11209.92 13957.92 4072.13
11642.11 12958.73 7416.46 14924.13 7691.74 19688.67 5092.03
13275.55 10899.69 2227.21 3735.29 6097.66 11683.36 7369.87
16003.41 20978.68 7007.87 20783.72 11459.58 17675.64 13438.18
7222.47 9306.56 17166.15 13384.27 12914.38 13322.32 7029.62
17383.64 15420.79 8419.84 21010.85 13099.75 1713.02 3933.73
13409.22 18507.55 12122.77 5697.04 24484.46 8820.95 13320.37
12730.04 14303.51 3336.91 9670.25 10567.38 12770.01 12813.63
9138.43 19543.99 3846.48 10900.3 12601.43 8828.07 18097.43
14617.76 11371.23 10407.53 3302.81 11496.31 13044.37 9669.32
16307.21 1844.96 11764.82 8265.24 10858.02 21477.72 10769.68
283 15199.76 8245.22 12485.7 15042.77 10657.09 2709.33
19418.29 1529.43 17570.86 7389.97 5792.3 9252.91 14703.75
15019.81 5473.47 12975.89 7849.84 12683.8 2803.74 15780.85
18685.72 10362.61 18524.57 5476.33 5296.18 8198.16 8017.59
13089.48 2858.34 14084.21 8434.93 6106.29 21822.17 17077.76
8436.09 9171.84 5637.74 12079.2 17128.52 7678.19 3837.01
11177.64 13381.92 19927.78 10883.38 9263.27 1985.58 5147.24
12698.9 12837.13 3988.0 19482.55 4365.03 12840.28 15684.96
11924.16 6877.28 6700.59 8189.07 12475.99 20066.72 7982.28
13714.56 7463.77 14605.25 18587.41 5098.57 24036.07 15554.71
6441.39 15811.46 14591.41 1249.02 21434.79 7659.46 6929.98
13364.37 19132.23 6901.33 11742.86 697.84 19109.62 4238.89
4404.65 10369.03 20795.55 11587.75 21802.78 19595.11 9723.35
482 9199.3 5267.23 8349.69 16112.56 3005.27 6856.71
11252.3 6857.91 10178.09 3472.43 11474.59 9029.74 9294.51
6865.73 5082.88 8606.88 614.98 4513.75 10996.85 14204.79
11263.85 3070.27 13588.01 13580.43 4541.21 12033.9 5381.22
5058.72 5339.45 12387.76 7416.31 7678.79 15627.34 11317.13
6284.1 13673.29 8646.96 10963.6 9415.48 8952.17 6141.82
4528.58 16724.53 11747.03 3602.2 15780.66 7647.97 7412.82
7278.08 5843.06 5638.45 12386.75 5371.31 11750.17 12078.35
4218.24 11275.46 2718.39 4579.27 17365.11 15041.84 3339.31
18713.45 4667.21 10787.81 12050.61 11427.88 18626.22 7382.05
2060.94 9799.2 13950.64 7364.38 14502.14 12403.48 10332.73
5722.36 11948.02 12772.19 7665.72 7603.91 11327.4 9997.06
12065.41 9372.48 14030.47 14992.52 16265.44 12673.64 1546.14
288 13752.89 6246.93 14588.29 23397.46 8196.78 11688.2
9773.09 12513.24 3887.54 10883.17 18539.17 16398.12 14413.19
5404.06 8776.59 3829.22 8076.01 6512.63 16582.55 20883.74
13000.64 4391.02 18344.73 19439.75 11893.63 13557.05 12716.3
4318.76 11462.84 19165.55 14787.2 15108.03 18717.22 15649.63
6701.43 15204.65 15996.23 8510.77 10894.36 10002.0 10532.59
10096.38 24185.68 8759.44 3868.66 22742.4 12643.22 14755.85
2221.06 1685.1 12757.0 5461.45 9808.99 18766.71 18011.0
3707.56 13536.02 7445.39 11847.86 18405.33 19524.02 6063.76
26077.81 6785.82 16779.12 15253.21 18312.58 22322.68 7274.57
9371.16 2441.92 20947.53 13663.8 16605.99 19693.59 12257.94
2823.74 14051.04 19845.25 14078.6 13661.59 12018.23 16947.92
16679.83 16595.14 16505.49 22449.13 20076.12 5553.56 6419.55
449 4772.48 19135.97 7135.44 13750.81 11150.3 19697.84
11363.47 18919.2 17673.2 12430.72 18531.78 11754.69 4889.68
12939.2 18877.04 21129.25 13746.9 11673.67 21893.17 8795.16
6203.35 15332.75 1781.91 23374.67 14296.73 25761.33 11527.03
13758.53 17436.41 8658.82 11625.37 14267.8 2765.23 2654.59
20171.24 27309.25 15436.61 24628.4 7731.31 22898.03 19449.14
9444.72 17578.5 13558.27 15472.76 21869.23 20140.16 15040.69
19349.48 16646.45 15554.22 19768.0 18833.82 9763.64 5280.45
14780.52 24819.82 16653.53 11408.77 30996.31 1686.99 17206.11
21286.49 18621.36 5623.85 3127.18 19235.35 4662.38 11128.26
14256.62 20259.93 10415.4 18303.84 4606.91 17763.71 24056.62
15234.67 5208.83 19291.43 7837.82 18848.99 7939.2 18142.21
23943.23 10623.03 3808.94 16916.62 2313.43 20395.59 13468.9
64 20156.2 12721.83 17097.8 17065.71 15998.46 7204.83
24774.57 6710.02 22567.52 12559.66 6879.08 12980.93 19525.66
20329.03 10094.88 17150.79 13206.4 18037.97 2560.43 19124.65
23919.94 15533.45 23035.84 1754.55 10387.82 9017.18 12826.1
18361.23 8201.35 17657.73 12669.73 10039.81 26666.95 21904.94
12593.62 9004.97 9023.38 14996.65 22432.34 10524.78 8341.06
16404.74 14092.67 25247.3 16029.59 7668.42 6253.75 9206.78
17253.77 17836.14 8964.05 24329.14 9089.47 16301.2 19875.19
17127.84 7824.35 11824.57 13179.68 11049.51 24553.12 12934.81
12916.31 12092.2 18947.83 23597.39 5887.9 28556.33 20909.39
11793.74 20367.49 17614.23 6366.91 26514.55 8732.15 8695.57
18521.64 24305.53 7127.95 16405.52 5994.13 24417.98 6401.35
2693.32 14186.96 25834.54 12599.85 26422.32 24369.36 15058.0
482 20802.18 9744.79 18405.02 20774.03 15425.8 5754.42
23469.43 6420.95 19810.92 12925.63 10752.81 15344.97 20448.8
18651.73 7768.86 13439.35 12408.84 16883.1 5095.47 21861.16
23717.49 13550.56 24434.45 6818.3 11065.76 3920.29 13912.16
16572.54 7907.13 20179.18 14517.54 12195.84 27462.91 22785.54
9247.1 3847.49 11617.31 10409.14 21926.47 6304.03 6380.3
16420.98 18458.94 23494.16 13941.22 12656.36 5197.91 11238.63
13990.62 15281.34 9938.7 21233.46 7173.55 18923.41 21729.13
15144.41 2917.91 10086.93 13929.78 6518.76 25978.36 10680.0
17820.21 9410.25 20614.12 24069.68 9798.12 29906.43 19658.87
11370.34 16958.19 20616.82 7319.36 26772.48 12750.56 4080.62
16320.99 24316.33 11439.89 17645.77 6724.89 23842.74 9615.24
2692.78 16467.65 26207.13 16791.13 27626.4 21151.75 13824.49
313 7870.6 22135.44 10310.46 15905.21 14149.27 22888.76
12815.45 22121.54 19740.28 15624.67 21575.99 14784.09 8086.46
15276.57 22000.75 23837.18 16847.14 14387.66 25078.11 10962.74
7873.9 18193.08 4463.09 26507.12 17500.36 28909.95 14726.73
16356.03 20634.69 11228.5 14759.61 17404.52 2038.39 5787.16
23171.53 30471.7 18547.54 27532.11 9804.51 25987.21 22619.69
12531.66 19998.84 15005.04 18284.88 24756.32 23339.83 18197.92
22030.19 19267.0 18755.14 21679.16 21991.63 12459.81 8006.58
17498.14 27987.8 19740.87 14611.79 34163.14 3120.0 20218.73
23785.47 21659.69 8605.77 5327.4 22311.78 1764.49 13404.41
17418.33 22660.97 12733.63 21503.98 4840.58 20701.99 27203.17
17789.22 6767.5 22278.25 11025.35 22050.71 9402.75 21257.78
27143.4 13620.12 4455.89 19524.04 1020.62 22331.84 16434.62
239 8465.25 6445.16 7136.26 14615.51 2970.14 6845.02
11812.92 6522.43 11488.51 1974.15 10311.94 7531.24 8389.95
7789.44 5682.2 10068.99 902.97 5161.83 10472.35 12805.9
11153.73 4543.19 12656.05 12891.83 3303.72 12577.42 3886.88
6184.82 4931.88 10977.08 5917.77 6292.55 15052.02 10555.39
7420.51 14156.39 7332.27 12177.42 9478.79 9749.64 6362.71
3867.68 15267.72 12546.46 5061.31 14631.68 7508.71 6116.99
8772.57 7290.98 4575.7 13741.58 5682.48 10293.62 10874.76
5555.84 11691.73 3589.05 3105.11 17854.23 14149.19 4586.22
17350.26 5737.25 9590.45 11552.28 10356.89 17859.33 7988.83
1262.46 11285.34 12491.6 6699.66 14182.3 11105.22 10869.9
7035.34 11719.97 11592.56 6416.15 7038.67 11449.02 8915.12
11827.52 7886.47 13639.5 13551.39 15509.68 14056.3 2691.73
355 12024.24 13629.16 14739.46 24591.17 10212.8 18185.12
3344.97 18543.36 4886.64 14157.59 23022.03 18588.51 13139.2
4989.38 15563.46 11869.8 12298.65 7667.07 22746.98 20713.78
8467.16 9794.28 15691.56 25408.43 16039.53 21388.93 15344.02
6887.21 17118.61 19403.0 17201.01 18663.81 14121.93 13084.87
14352.27 23076.06 19861.75 16597.25 7129.5 17797.09 17180.45
11137.39 26715.31 1169.67 9353.33 27332.93 19094.08 18718.78
10321.73 8126.81 17339.35 5967.98 16371.07 19581.85 16988.73
8180.22 21178.57 13475.94 14475.62 26412.53 16336.98 12609.68
29468.94 13859.92 16074.08 11529.67 23116.67 17872.48 5185.89
13827.22 8871.61 21470.43 19206.34 11411.73 23584.94 19945.02
6943.77 9524.44 24277.28 14618.02 19414.61 6789.49 21674.55
23467.29 18240.69 11703.12 25242.96 16036.28 6639.59 10302.88
316 13141.84 12153.46 15438.68 25191.84 10155.42 17099.09
5333.46 17621.99 2650.58 13959.97 22654.63 18822.33 14173.91
4770.63 14337.27 9854.82 11748.0 7579.41 21825.69 21627.49
10201.78 8744.77 17151.1 24576.62 15650.13 19742.09 15371.66
6177.41 16295.61 20187.89 17340.72 18508.03 16011.34 14460.98
12773.27 21405.2 19636.77 14591.86 8566.1 16163.92 16027.8
11428.04 26966.38 3380.22 8239.36 26972.82 18035.34 18444.33
8436.98 6607.47 16851.86 3739.3 15236.29 20214.62 18059.36
7180.1 19640.9 12446.49 14474.03 24632.0 17937.52 11393.47
29492.45 12501.81 17040.88 13158.99 22650.12 19775.2 5760.91
13276.69 6665.07 22212.02 18454.52 13388.69 23404.33 18379.46
5747.39 11296.54 23939.3 15206.6 18597.25 8638.33 21215.15
22319.92 18619.49 13597.79 25403.61 17829.51 4412.21 9717.91
38 18504.27 6842.04 16419.0 20058.08 12827.83 3496.24
20640.2 4647.15 16917.72 10732.74 10615.9 13978.66 18261.24
15791.89 4938.66 10703.58 9819.73 14120.79 5507.7 20504.08
21117.6 10682.54 22378.42 8062.51 9119.0 3173.44 11981.29
13709.15 5836.42 18740.27 12920.42 10898.09 25141.83 20545.59
6380.65 4324.39 10608.19 8208.26 19263.31 3755.6 3759.31
13985.12 18328.21 20612.56 11059.31 13405.07 3359.69 9952.2
11142.5 12375.08 8235.31 18381.36 4490.72 17572.61 19918.58
12266.72 1878.11 7314.38 11851.32 7909.91 23914.49 7804.62
18297.39 6507.99 18738.32 21669.62 9782.74 27773.55 16856.39
8947.77 14153.86 19442.31 6017.22 24280.42 12565.78 2055.21
13422.43 21770.77 11568.32 15650.37 5449.33 21149.22 9181.02
4138.45 15011.06 23754.99 16557.87 25455.8 18320.28 11085.65
490 8360.63 22370.0 11152.48 17251.48 14429.91 23459.37
12171.48 22765.01 19312.56 16228.85 22580.51 15800.01 8759.17
15041.31 22408.41 23793.62 17237.09 14413.15 25871.77 12292.49
7476.28 18306.15 5575.51 27408.82 18183.58 29350.85 15472.71
16276.81 21246.96 12462.09 15664.28 18303.67 1761.43 6385.97
23403.37 30942.05 19481.37 27647.62 9526.28 26328.09 23124.72
12934.07 21294.4 14326.95 18355.14 25875.55 23956.33 19062.46
21973.61 19181.45 19483.14 21158.73 22466.97 13654.06 9168.14
17497.43 28475.81 20098.09 15284.32 34640.25 4390.43 20476.38
25063.28 21942.96 9647.8 5380.07 23284.6 2548.77 13158.27
17917.59 22408.49 14039.39 22233.76 4083.16 21787.71 27642.54
17668.08 6386.01 23330.54 11833.69 22766.29 8847.08 22184.82
27866.91 14660.43 3938.13 20763.47 2310.55 21820.34 16661.4
19 21285.59 11614.05 18562.11 19733.5 16392.42 6793.0
24811.45 6953.92 21692.23 13434.18 9524.67 14959.78 20802.73
20113.21 9319.86 15610.91 13423.32 18114.69 4048.73 21347.84
24597.53 15083.38 24593.77 4827.94 11385.75 6344.15 14110.87
18061.01 8545.38 19764.1 14369.28 11855.0 27917.64 23176.14
11249.36 6054.25 11051.42 12803.58 22925.96 8570.58 7704.78
17142.73 17015.99 25015.22 15521.5 10747.8 5986.14 10932.24
16015.5 17057.78 10083.96 23239.71 8518.82 18447.87 21654.04
16696.53 5334.73 11454.08 14283.33 7978.16 26133.14 12277.19
15989.73 11155.62 20621.08 24653.78 8528.78 30113.43 20954.6
12196.64 19051.06 19958.19 7333.76 27466.53 11476.02 6436.72
17970.31 25106.8 9982.95 17826.12 6794.8 24883.52 8688.13
1694.57 16137.52 26847.39 15449.35 27892.98 23198.7 15050.85
428 9984.39 8568.81 7234.03 11862.87 6433.64 5905.4
15338.87 4803.42 15326.65 2526.92 6461.86 4945.88 9440.85
11617.53 6551.7 12981.54 4569.06 8901.04 7730.35 11283.05
13795.14 8175.6 13273.78 9691.86 642.25 12370.95 2748.96
10060.89 3578.16 9471.1 3622.97 2615.79 16572.49 11818.99
9313.28 13694.5 3487.98 13974.21 12463.74 10462.69 6137.6
6338.21 11771.35 16270.58 8723.47 10778.66 6092.85 2254.61
11994.71 10962.42 1283.96 17545.87 5872.84 8410.27 10576.72
9369.98 11208.06 5703.6 2979.97 17256.09 14817.54 7166.84
13563.57 7693.76 9435.01 13408.99 6589.34 18775.05 11624.23
3160.9 14781.24 10454.77 4035.05 16314.12 7248.18 10775.64
10867.84 14126.28 7729.83 6483.17 4579.09 14445.67 5154.6
9673.29 5798.62 15639.88 9987.0 16533.26 17829.19 6551.99
313 19160.5 6157.77 19097.78 26530.84 12908.52 11104.14
16174.5 12446.45 9500.32 14074.12 19371.57 19452.08 19587.33
11701.38 8610.17 2680.34 11337.45 12109.16 15629.57 25018.87
19196.03 8515.48 23775.76 18438.14 14115.21 9602.4 16004.74
10197.21 12151.2 23193.78 17893.67 17263.88 24737.95 21203.21
5543.35 10938.65 17746.31 2932.45 17067.08 6853.16 10006.7
14848.84 26287.43 15042.03 8302.7 23076.21 11913.87 16602.25
4506.73 7317.09 14368.22 9806.58 9658.4 22486.16 22780.69
8995.97 10179.0 9058.26 15302.22 13417.17 25093.0 7704.28
27337.45 7041.79 21494.42 21174.59 18832.39 28215.9 13520.29
11979.71 5530.78 24675.04 14009.75 22810.11 20984.42 8974.39
8871.02 20204.39 20593.29 18447.75 13737.61 18342.87 17716.87
14739.12 20001.03 22634.41 24459.91 25903.95 9455.19 10619.5
323 8132.25 20829.74 7278.24 8254.72 13530.04 19610.32
16892.83 18465.48 22126.03 12869.37 15770.74 9431.84 7221.45
17150.73 19727.3 23935.91 15188.84 15084.52 20372.66 3574.72
11922.9 17914.99 4650.26 21117.76 14009.28 26063.91 11221.58
17308.73 17273.68 4694.55 10189.75 12550.79 8700.18 6937.55
21806.78 27399.89 13369.11 26560.55 12863.89 23841.29 19740.76
11570.79 12545.74 18995.64 18227.73 18171.7 19764.68 13492.96
22320.99 19938.66 14856.51 24401.74 19329.3 6066.97 3577.16
17905.76 24914.44 17946.27 11596.45 30936.17 4983.03 18942.05
16378.28 20117.99 4860.35 8920.1 16665.21 7884.87 15601.47
15049.92 23943.66 5413.15 17374.46 10904.61 14439.29 24440.52
18792.74 11115.62 16155.2 7973.78 17970.13 13665.56 15942.81
22759.17 8257.95 10101.21 12381.16 6895.53 24970.65 15750.47
422 16647.94 4200.77 16620.47 24289.74 10398.76 9680.84
14062.8 10885.41 7966.75 11729.08 17656.67 17186.91 17073.95
9410.52 6912.02 763.16 8936.9 9627.49 14465.81 22601.52
16803.86 6002.38 21262.08 17337.42 11956.02 9732.72 13666.77
7782.67 10339.77 20785.71 15605.67 15167.95 22280.15 18694.43
3922.81 11284.47 15755.76 4138.05 14673.56 6402.75 8515.4
12342.72 24279.41 13131.46 5790.79 21554.8 10573.37 14571.87
2213.58 4965.53 12358.59 8824.94 8015.7 20121.72 20289.91
6521.4 9983.24 6876.19 12930.71 14253.49 22582.65 5434.21
25562.73 5074.69 19005.62 18703.16 17206.87 25731.35 11180.72
9697.47 4399.77 22317.95 12354.87 20412.47 19153.52 8699.96
6531.94 17793.05 18917.69 15981.45 12164.08 16028.66 15999.4
13962.06 17675.61 20209.19 22464.05 23412.86 8630.93 8119.69
117 7256.78 20397.94 6842.31 9153.44 12917.32 19477.39
15870.96 18389.55 21268.62 12564.1 16115.22 9585.78 6430.84
16306.22 19430.49 23338.93 14748.13 14337.78 20509.21 4293.76
10862.53 17318.52 3545.6 21399.74 13852.89 25898.56 11016.33
16560.42 17134.12 5062.79 10177.73 12644.58 7606.06 5921.35
21390.69 27277.47 13545.82 26117.49 11872.49 23553.86 19541.41
10962.24 13359.29 17990.88 17606.69 18725.58 19684.82 13567.9
21690.5 19245.87 14787.69 23523.86 19090.98 6433.45 3111.77
17225.36 24780.71 17559.59 11310.01 30852.68 3892.59 18489.92
17181.79 19714.3 4387.88 7836.73 16978.8 7016.23 14711.28
14716.67 23208.55 6127.49 17376.57 9788.51 14888.5 24253.42
18053.01 10034.04 16579.85 7576.84 17968.2 12610.86 16175.83
22846.68 8385.4 8985.5 13078.52 5855.72 24102.88 15181.03
412 13934.18 16612.17 10235.19 5720.06 13759.3 12287.56
21915.66 10806.11 23364.81 10070.55 4587.21 5384.7 12845.51
19156.17 14188.03 21202.4 12742.07 16341.14 10244.02 8811.24
18796.16 16416.66 14724.97 9779.33 8945.43 18091.91 8543.46
17934.1 10649.14 7952.74 6642.89 5697.14 19107.73 14825.75
17208.11 18882.29 4997.4 21561.63 18233.6 17431.31 13109.7
12720.38 3551.94 23315.31 16954.54 5805.11 11846.07 6182.25
20289.88 19196.31 8392.29 25651.67 13226.95 6666.86 11132.45
17478.25 16751.88 13914.21 9440.02 21812.96 16009.44 15407.38
5637.88 15723.44 10781.74 17093.17 5576.59 19795.79 18665.49
11442.65 23078.02 7019.91 9181.32 20052.95 2634.59 16876.24
18938.45 18664.27 4288.4 9938.44 9655.15 20017.08 5779.02
12778.0 6126.84 19221.83 1720.9 18104.84 25982.28 14595.17
242 13669.55 2919.28 13635.12 21570.42 7394.47 8420.14
11926.54 9340.25 7173.09 8932.98 15687.65 14464.72 14074.41
7043.3 5494.28 3106.01 6082.51 6770.07 13327.74 19674.42
14108.05 3003.83 18275.89 16199.63 9445.35 10470.25 10865.52
5159.81 8436.08 17871.2 12861.79 12700.74 19434.97 15730.46
3460.57 12154.39 13431.27 6513.38 11988.88 6879.32 7250.65
9338.07 21856.36 11371.69 2840.21 19790.16 9372.64 12208.26
1929.61 2800.94 10070.87 8762.91 6557.65 17260.34 17292.34
3742.53 10328.01 4529.97 10086.33 15522.92 19611.58 3035.22
23432.27 3481.86 16009.71 15835.1 15368.07 22825.67 8655.59
7033.51 4962.43 19461.06 10602.88 17690.21 17005.76 9068.49
4202.9 15054.0 16982.97 13007.51 10539.48 13490.3 14056.53
13353.4 14870.89 17434.05 20067.37 20493.99 8798.39 5119.04
434 3353.82 13555.26 350.92 10167.8 6273.32 13060.52
11913.67 12157.04 15527.66 5874.66 11895.84 5348.79 2340.68
10606.9 12686.16 16628.14 7905.56 8154.53 15001.06 6559.44
8230.14 10616.04 5859.14 16531.18 7510.46 19345.22 4674.82
10333.1 10742.34 5023.82 4835.01 7443.7 9354.57 4627.72
14549.93 20809.87 8665.0 19275.07 7928.55 16806.3 12965.88
4334.87 12775.53 13666.06 10953.96 15588.98 13412.99 8173.19
15046.86 12777.95 8700.77 17876.2 12442.25 5161.6 3763.26
10733.9 18304.28 10733.28 4700.41 24456.75 7403.13 11647.69
16060.66 12877.72 2472.76 6660.83 12515.69 11352.24 9420.26
7952.57 16858.46 7053.85 11441.69 9671.36 11427.3 17665.74
11766.34 8084.08 12793.04 946.24 11997.82 9553.97 11342.97
17078.06 4457.92 8883.38 11604.05 9123.84 18382.66 8435.58
168 22609.8 11132.57 20220.02 22355.15 17170.94 7538.54
25077.5 8237.38 21109.77 14737.08 12228.52 17098.89 22263.38
20220.0 9376.88 14468.12 14153.19 18550.02 6575.7 23598.75
25466.97 15108.62 26250.38 7797.63 12881.97 4203.51 15726.93
18136.13 9718.94 21934.52 16306.35 13950.38 29270.06 24598.02
10528.4 3353.4 13322.22 10980.57 23650.55 7318.25 8093.94
18207.67 19850.3 25018.85 15472.47 13717.33 7010.61 12996.24
15191.33 16684.08 11747.06 22411.07 8869.03 20665.46 23532.02
16683.29 3726.01 11742.46 15745.9 5049.51 27794.33 12228.63
18951.03 10889.21 22422.79 25866.26 11249.53 31722.84 21294.37
13153.21 18061.49 22318.98 9106.38 28553.0 14213.93 5014.98
17799.83 26082.77 12805.99 19461.21 8514.77 25553.03 11202.93
4035.35 18233.16 27995.64 18232.87 29442.27 22286.52 15504.97
261 15487.34 14061.34 11930.46 10026.37 13402.22 8967.04
22206.73 7543.04 22223.89 9442.01 610.18 7059.7 14583.77
18646.37 11383.89 18816.66 11511.38 15915.17 6026.55 12452.25
19996.61 14940.36 17367.97 5497.6 7585.87 14166.57 8632.77
17063.93 7930.27 11197.91 7465.92 5130.64 21464.15 16842.38
14457.1 14801.66 3837.03 18390.97 18994.58 14015.41 9982.91
12956.44 7339.93 23256.88 15495.29 3751.25 8322.51 4878.37
18218.75 17688.2 6444.6 24374.0 10310.2 9820.76 13911.91
16273.38 12820.19 11781.3 9365.7 17579.12 18798.7 13263.58
7397.51 13198.85 13227.21 18894.22 1333.96 22749.84 18584.49
10006.52 21220.88 10809.94 5953.86 21905.5 1695.03 13115.24
17780.71 20100.21 705.64 11394.97 6264.03 20925.71 2260.89
8522.25 8210.21 21127.6 5682.44 20815.95 24604.32 13531.76
283 17896.06 9290.95 18964.22 27794.63 12594.6 14949.64
12322.49 16010.59 4848.04 15229.06 22462.84 20769.07 18640.9
9028.15 12055.59 4789.09 12384.92 10744.19 19825.2 25277.56
16457.63 8724.6 22419.37 22708.54 16078.7 15124.54 17090.77
8520.12 15198.3 23569.97 19155.38 19326.51 22319.96 19689.75
9305.51 16588.06 20135.25 8732.2 14455.19 11920.33 13766.77
14472.25 28457.19 10666.85 8230.26 26552.76 15879.15 18901.42
4860.63 6097.68 16809.17 4214.36 13159.36 23179.61 22321.47
8111.23 15479.16 11298.4 16232.62 19236.32 23508.45 9809.61
30178.32 10058.38 21108.75 19021.23 22136.21 26023.36 10870.86
13585.13 1982.36 25360.06 17344.92 19965.16 23757.8 14204.79
7043.07 17553.31 23758.19 18472.06 17245.74 15196.93 20831.34
19470.03 20996.0 19995.4 26695.78 23862.33 3741.21 10817.49
246 7798.08 14835.47 11109.07 20820.15 8671.0 18133.56
1704.92 18084.36 8990.27 12400.97 21136.75 15652.16 8992.39
5687.33 16012.12 14650.98 11516.96 6833.51 22104.26 16517.8
3492.73 10486.22 10863.61 24473.63 14543.96 22636.15 13010.36
7603.3 16515.91 15440.04 14519.17 16511.2 9078.2 8406.34
15762.39 24339.21 17797.51 19104.18 2841.51 19149.41 17346.11
8680.96 23513.17 3907.73 10263.68 25313.75 18930.02 16813.08
12864.51 10127.77 15971.22 10692.58 16545.09 15871.1 12639.0
9100.11 22132.76 13637.5 12272.15 27918.95 11378.34 13291.67
26640.94 14759.68 11913.82 6593.4 21440.13 12834.96 4148.46
12873.95 12491.85 17529.22 18323.19 6410.37 21293.31 21020.99
8577.5 4504.07 22290.85 11205.0 18670.57 1756.92 20034.15
23341.07 15040.19 6658.62 22238.24 10989.84 11359.64 9896.5
291 8013.78 22076.22 8825.93 11953.81 14264.42 21732.3
15509.74 20738.81 21662.67 14602.24 18926.72 12283.38 7570.91
16824.58 21398.57 24579.11 16476.11 15250.78 23121.47 7191.37
10350.1 18625.99 3397.82 24151.63 16122.04 28066.27 13253.68
17423.74 19396.01 7945.25 12695.58 15253.05 5728.28 6115.38
23095.48 29511.56 16231.23 27728.13 11808.4 25510.79 21685.99
12376.59 16230.45 17702.85 18842.37 21633.31 22020.15 16147.99
22851.13 20247.9 17175.77 23809.37 21170.57 9302.2 5410.82
18293.87 27006.04 19365.19 13406.7 33138.3 2460.08 20141.38
20060.16 21461.13 6503.82 7264.83 19766.06 4194.41 15073.34
16666.92 24031.85 9032.5 19840.87 8359.47 17762.13 26391.07
18920.9 9349.71 19438.71 9594.47 20423.56 12085.27 18899.93
25394.31 11075.05 7678.77 15993.45 3629.15 24425.77 16594.5
360 8798.81 9810.67 10755.41 20461.79 5532.44 13751.18
4455.62 13978.91 5213.91 9450.22 18298.33 14108.12 9722.19
505.27 11318.02 9530.89 7604.46 2956.81 18159.01 17014.65
7151.74 5563.32 13148.55 20765.57 11312.88 17663.89 10724.51
2544.23 12505.57 15517.64 12651.84 13976.53 12951.95 10407.61
10690.51 19370.37 15157.71 13924.87 5080.06 14122.35 12823.63
6691.22 22255.87 4564.1 5246.45 22611.46 14627.11 14003.66
7723.09 4954.54 12617.21 7487.79 12008.82 15495.85 13582.37
4039.82 17264.34 9067.34 9838.83 22889.93 14153.9 8441.47
24868.12 9841.81 12492.88 9612.6 18390.42 16628.25 1462.55
9124.48 7806.7 17519.74 14548.11 10742.47 18896.53 16098.58
3397.27 8222.7 19557.09 10489.55 14785.29 6151.86 16948.31
19042.91 13882.29 10679.69 20718.57 14453.84 8051.8 5644.26
368 15816.01 9092.37 17134.66 26258.83 10873.84 14672.41
10001.45 15566.42 2554.62 13878.25 21658.13 19337.3 16619.33
6832.66 11745.84 5374.48 11120.89 8799.25 19580.28 23476.82
14165.24 7449.18 20283.25 22451.64 14984.84 15832.03 15661.3
6606.61 14561.18 21817.35 17735.86 18180.93 20037.81 17545.06
9364.47 17400.81 19093.88 9935.66 12187.08 12405.73 13501.11
12670.42 27217.72 8392.18 6908.04 25858.12 15624.42 17853.36
4598.68 4665.91 15872.02 2707.34 12809.04 21520.71 20370.4
6500.66 15996.66 10550.6 14775.7 20329.7 21328.12 9141.6
29177.25 9729.43 19187.5 16781.71 21427.81 23754.51 8637.72
12459.36 1745.94 23675.13 16757.58 17654.91 22802.76 14707.06
5213.51 15264.54 22964.2 16692.89 16737.34 12879.77 20065.96
19526.26 19457.89 17699.85 25498.26 21616.48 2585.01 9354.16
54 14052.3 2961.78 12503.32 18176.31 8050.0 2764.83
15753.01 3789.35 12631.01 6734.98 10581.29 11313.03 13974.9
10947.09 205.7 7713.61 5111.0 9212.1 7671.74 17511.42
16292.51 5869.79 18221.44 10545.16 5861.39 7011.66 8405.09
8874.72 3344.38 15672.6 9910.91 8708.97 20597.92 16148.31
3281.45 8632.8 9022.35 7656.25 14394.12 4255.75 1607.71
9409.91 17536.36 15819.19 6297.4 14444.58 3718.68 7945.06
7435.35 7916.83 5728.34 14388.18 920.24 14708.56 16190.07
7479.39 6231.62 2411.04 7995.23 12328.83 19726.32 3057.37
18531.31 2192.26 14934.75 17051.93 10099.53 23453.86 11952.22
4617.67 10557.46 16800.11 5247.41 19546.83 12168.6 5304.45
8748.77 16992.92 11826.04 11746.31 5057.0 16259.9 8923.16
7872.44 12103.14 19065.69 15704.21 21103.72 14448.78 6188.04
220 11250.81 5242.34 11791.26 20529.43 5381.17 9913.21
9089.48 10485.95 5631.69 8057.44 16035.85 13545.29 11805.15
4167.12 7168.77 5387.91 5307.23 4077.6 14673.4 18054.73
11253.32 1698.37 15874.92 17459.91 9215.64 13087.4 9863.82
2256.35 9240.35 16321.22 11937.32 12377.83 16701.52 13240.49
6062.5 14790.58 13329.32 9391.4 9126.32 9515.61 8843.34
7314.25 21394.15 8732.39 1144.21 20302.48 10851.61 12091.02
3602.04 1187.28 10197.26 7736.85 8049.83 15901.5 15288.52
971.28 12783.19 5292.33 8988.85 18262.11 17135.91 4214.4
23406.0 5422.54 14037.3 13133.15 15893.73 20178.09 5748.3
6694.72 5302.68 18085.33 11435.46 14852.49 17069.43 11574.56
1494.0 12225.11 17341.69 11255.98 11521.83 10587.54 14491.77
15138.98 13726.24 14632.37 19677.44 17873.4 7990.61 3556.23
483 18524.87 7689.4 19077.43 27336.32 12678.36 13211.28
14123.14 14409.5 6917.46 14690.75 21135.55 20234.14 19129.27
10166.51 10430.42 2924.97 11826.83 11280.65 17980.47 25266.0
17768.03 8400.1 23134.28 20845.93 15189.1 12650.7 16615.96
9125.42 13811.63 23491.92 18628.05 18436.76 23528.03 20454.65
7452.21 14053.09 19106.37 6101.41 15680.46 9624.64 12045.99
14629.47 27586.3 12705.65 8010.79 25072.55 14101.09 17899.89
3968.91 6288.67 15716.75 6801.72 11537.18 22952.45 22619.18
8289.88 13110.57 10167.42 15815.36 16593.7 24337.11 8673.37
29006.21 8543.23 21361.61 20080.18 20710.24 27147.95 12049.08
12806.04 2965.0 25152.85 15861.55 21356.49 22583.9 11860.49
7642.94 18833.32 22405.93 18505.98 15684.62 16688.58 19481.12
17380.85 20610.82 21290.49 25785.37 24905.26 6386.08 10600.99
313 5451.37 13213.62 8536.96 18329.74 6292.68 15943.69
3727.09 15771.44 9371.77 9855.97 18514.98 12999.58 6606.84
4914.61 14041.86 13822.05 9255.85 4932.17 19701.23 14197.71
2700.13 8872.3 9167.51 21989.89 12022.39 20850.88 10373.76
6347.22 14185.47 13003.22 11860.33 13876.79 8484.75 6499.37
14198.46 22538.03 15167.25 17978.03 615.69 17469.12 15242.94
6072.61 20900.11 5664.31 8769.33 22672.37 16692.67 14204.7
11996.02 9185.33 13459.59 11436.05 14461.64 13346.73 10404.47
7728.32 20237.84 11631.63 9655.07 26180.12 9973.96 11507.22
23993.01 13008.36 9555.8 5255.25 18842.43 12183.9 3032.45
10517.16 12278.91 15090.96 15895.41 6313.59 18640.23 19190.86
7633.88 3752.21 19656.69 8587.98 16273.54 2222.53 17446.88
21066.27 12409.06 6209.43 19600.14 10059.73 12065.38 7855.82
73 2646.0 12036.55 4751.08 14605.84 4073.88 13448.8
7526.06 12991.84 11494.79 6598.76 14857.98 9122.85 3425.01
6513.86 12106.91 13978.59 6947.58 4601.62 16633.86 10785.13
4783.92 8139.93 7255.54 18703.36 8770.93 19062.89 6715.42
6793.43 11407.25 9403.74 8034.64 10194.57 8597.21 4622.8
13072.18 20684.74 11494.37 17449.31 3736.81 15976.37 12966.38
2799.04 17028.54 9228.17 8286.84 18932.46 14068.56 10622.25
12223.57 9597.16 10203.76 13794.81 12259.4 9597.68 7272.54
7654.69 18251.96 9761.31 6107.29 24382.4 8516.61 10129.23
20111.49 11588.61 6201.68 5007.63 15263.47 11761.69 5087.55
7832.61 13435.19 11465.83 12824.25 7569.75 14852.76 17357.44
8293.23 5170.35 15950.91 4725.35 13274.16 5614.28 13909.04
18276.39 8528.55 7029.87 15716.65 9410.6 14347.96 6330.72
63 7137.23 17676.83 10831.48 19861.51 10550.98 20251.95
5232.98 19968.82 12624.15 13739.06 21939.95 15779.45 8267.7
8993.3 18468.62 18028.24 13563.7 9398.31 23752.63 15161.59
2392.91 13328.32 8642.79 25874.37 15921.14 25308.18 13849.89
10691.2 18375.48 14443.67 14950.52 17283.88 5806.66 6774.76
18657.32 26991.9 18581.89 22333.45 4067.27 21935.2 19609.64
9886.78 23094.0 7334.38 13204.64 25901.9 20958.83 17766.46
16214.91 13423.28 17359.67 14297.02 18841.84 15164.84 11246.7
12125.93 24674.16 16055.41 13277.87 30640.6 8742.44 15971.65
26510.56 17473.55 10863.19 4459.21 22393.39 9473.55 7215.54
14717.0 16067.62 16471.38 19934.83 2986.74 21764.4 23642.5
11856.84 2436.94 22980.57 11169.0 20358.56 2362.27 21059.22
25276.14 14939.66 3485.71 22044.51 7891.39 14966.98 12289.1
189 8816.52 22661.23 11735.57 17993.82 14760.51 23906.49
12022.94 23245.29 19265.31 16701.38 23210.93 16440.0 9286.77
15110.68 22782.01 23943.87 17611.16 14619.73 26414.51 13032.25
7509.97 18545.17 6270.96 27995.8 18686.83 29733.18 16007.04
16423.98 21715.14 13177.55 16262.18 18896.15 2156.39 6905.16
23691.85 31337.03 20086.44 27873.91 9603.07 26665.74 23542.45
13326.26 22024.32 14149.09 18572.75 26547.52 24423.49 19640.26
22119.91 19318.03 20003.75 21055.88 22871.86 14356.98 9866.27
17681.37 28880.74 20451.44 15788.21 35036.22 5125.95 20781.72
25787.77 22258.3 10307.15 5685.38 23902.29 3062.22 13229.39
18340.26 22451.21 14773.31 22752.11 3979.03 22449.04 28025.51
17789.73 6446.43 23978.77 12401.7 23278.03 8773.9 22785.08
28378.2 15310.59 3993.62 21477.3 3056.76 21721.47 16959.85
256 20040.37 6581.49 18395.31 22887.26 13939.07 5903.37
20847.1 7299.68 16104.21 12610.21 13660.21 16527.89 19959.7
15911.11 5910.11 9200.52 11075.87 14729.41 8559.21 22981.92
22051.72 10907.69 24192.98 10995.49 11340.26 1321.45 14115.88
13856.88 8141.66 21176.9 15326.33 13548.73 26562.22 22138.38
5742.54 3000.53 13409.86 5695.63 20066.57 2284.17 5593.37
15388.39 21341.33 20492.15 11156.46 16465.23 6114.3 12632.12
10102.18 11950.55 10705.06 17232.66 6041.96 20083.5 22027.91
12353.95 1816.51 8229.61 13829.75 6530.32 25704.41 8150.43
21373.55 6654.03 20796.9 22995.87 12844.96 29444.24 17245.52
10573.06 12831.75 22046.69 8829.35 25408.42 15591.84 1043.86
13245.65 22817.49 14636.23 17630.26 8301.45 21841.69 12186.55
6886.53 17482.67 24964.47 19555.59 27094.11 17065.63 11880.39
161 20708.05 6431.85 19522.19 24924.74 14375.17 7937.41
20268.86 9412.58 14729.69 13795.84 16112.21 18279.38 20785.76
15375.03 6940.35 7492.1 11781.49 14678.32 11244.39 24579.88
22115.78 10705.88 25074.1 13757.44 12889.5 3662.8 15493.38
13423.12 9922.44 22745.52 16945.6 15461.33 27027.43 22826.8
5409.18 4831.96 15497.06 3206.28 20045.84 2885.9 7289.89
16040.91 23689.72 19628.91 10821.24 19129.71 8375.7 14594.54
8778.35 11088.04 12508.15 15542.73 7474.91 21747.1 23235.83
11937.7 4586.92 8874.37 15067.0 7480.66 26544.25 8312.53
23942.6 6862.13 21968.49 23414.66 15351.17 30129.56 16913.63
11630.89 11109.25 23800.47 11025.65 25606.52 17991.81 3703.42
12544.33 22974.49 17156.38 18775.16 10554.54 21686.12 14570.74
9671.21 19135.27 25245.41 21879.36 27768.1 15289.72 12129.55
410 17235.73 21593.07 13706.69 4986.51 18274.64 17159.51
25878.45 15681.07 28034.74 14806.35 8991.43 9562.78 16054.77
23615.41 19157.41 26171.63 17570.94 20818.55 14528.06 9882.7
22171.57 21255.91 16789.85 13355.3 13870.67 22696.48 13112.91
22564.65 15612.62 9959.21 11075.1 10614.28 21291.92 17625.9
22185.72 23331.15 9978.2 26500.23 21970.11 22299.46 18031.48
16994.72 1461.87 27468.4 21784.07 7820.0 16649.74 11154.5
25224.26 24018.27 13371.62 30354.17 18181.92 9112.27 13341.69
22230.25 21349.83 18879.95 14017.83 25994.1 17783.79 20368.46
3506.57 20704.34 13451.36 19989.13 9871.27 21118.48 22919.63
16336.51 27961.88 8149.37 14046.28 22770.83 7045.05 21592.44
23658.01 21839.76 8171.14 13629.64 14481.71 23588.17 10460.76
16961.59 9868.78 21916.07 3262.43 19869.9 30717.55 19346.13
306 17922.91 16842.71 14271.07 10257.14 16284.18 11534.86
25024.2 10184.78 25165.1 12327.51 3539.41 9268.61 16941.08
21562.83 14120.05 21608.8 14452.24 18816.31 7760.32 13675.39
22580.89 17876.76 19323.61 6095.9 10519.71 16101.52 11382.25
20000.62 10752.38 12728.5 9988.86 7897.95 23592.3 19104.45
17173.31 16491.28 6643.66 20887.03 21697.15 16418.03 12620.02
15736.7 6520.68 26132.96 18431.61 991.79 10789.18 7764.11
21081.23 20618.45 9385.43 27309.8 13025.14 11395.17 15764.99
19215.47 14774.98 14668.94 12162.51 18871.48 20676.38 16139.28
5153.95 15995.33 15254.52 21259.72 3821.88 24536.37 21451.56
12948.7 24107.75 11888.38 8672.8 24265.07 3178.78 15256.03
20722.83 22608.03 2236.59 13814.88 8893.7 23598.7 5119.01
9977.39 10302.63 23461.71 5398.96 22748.31 27534.49 16470.93
392 17176.19 10134.2 14257.43 15514.99 12884.89 4474.83
21673.69 3693.11 19721.08 9485.08 5488.11 10505.35 16601.62
17274.9 7397.21 14764.72 10105.85 14941.27 554.35 16902.24
20834.25 12570.43 20260.54 3321.14 7329.35 8332.83 9881.45
15334.35 5117.07 15309.08 9960.99 7411.57 23744.34 18983.46
10174.74 8910.22 6599.49 13289.82 19325.08 8759.94 5657.21
13317.5 13226.82 22185.26 13082.52 8026.54 3539.03 6501.52
14654.15 14981.28 5928.36 21576.51 6322.57 13995.87 17240.86
14145.9 6993.35 8880.46 10168.13 11791.83 21793.03 10091.26
12923.36 9417.27 16237.67 20599.35 4558.06 25787.37 17811.72
8682.33 17778.69 15542.59 3264.78 23489.67 7486.34 7446.61
15570.7 21242.15 6277.21 13540.1 2881.21 21309.85 4357.51
2869.61 11685.98 22826.23 11530.11 23603.03 21660.43 11982.28
364 19405.72 10656.71 16618.68 17885.35 14710.69 5360.01
23292.75 5232.41 20627.71 11591.9 7723.39 12984.86 18892.44
18696.18 8133.87 14974.23 11792.04 16561.94 2111.7 19385.64
22842.9 13762.13 22644.04 3698.77 9503.06 6850.65 12185.27
16677.57 6818.78 17792.79 12397.89 9878.59 26020.34 21270.08
10452.62 7036.12 9083.9 12723.64 21228.32 8258.68 6414.42
15352.59 15349.56 23617.21 14232.5 9464.01 4456.43 8956.66
15165.13 15923.81 8168.57 22309.04 7204.85 16480.33 19682.66
15372.98 5609.95 10068.38 12391.9 9543.48 24181.69 11050.47
14620.74 10085.34 18656.63 22795.42 6741.18 28166.89 19423.74
10488.63 18261.93 18014.52 5419.53 25637.56 9705.39 6431.55
16713.98 23316.01 8308.23 15887.71 4905.59 23199.27 6773.99
506.83 14161.5 25002.25 13723.55 25957.28 22320.01 13520.43
378 22732.0 10566.43 20521.05 23192.73 17075.92 7645.74
24700.52 8551.18 20396.38 14913.58 13165.53 17671.08 22454.25
19800.36 9097.26 13578.29 14071.88 18287.38 7501.25 24201.57
25359.5 14699.85 26522.05 8990.46 13176.4 3121.37 16042.94
17718.45 9932.39 22497.81 16778.12 14526.53 29378.74 24758.4
9870.67 2031.1 13997.51 9865.58 23485.06 6517.11 8014.28
18235.9 20855.85 24529.18 15027.05 14895.82 7269.63 13567.24
14422.28 16087.4 12140.04 21594.29 8739.74 21260.86 23929.58
16240.52 3015.18 11504.34 15987.01 4100.81 28063.01 11830.93
20105.21 10423.06 22785.39 25919.12 12205.15 31953.59 20969.59
13191.22 17204.52 22990.82 9610.5 28535.41 15162.11 4262.9
17279.38 26022.33 13824.43 19755.65 9013.13 25353.48 12035.26
5029.0 18774.36 28009.47 19199.97 29648.68 21438.11 15281.15
47 15357.61 17956.05 11668.97 5833.52 15305.33 13414.05
23442.66 11936.95 24893.88 11599.64 5286.02 6896.33 14247.31
20702.68 15466.23 22591.0 14243.85 17887.65 10903.16 9642.49
20246.16 17910.17 15898.42 10033.55 10406.69 18984.96 10089.88
19470.5 11916.96 9017.1 8186.69 7178.53 20332.42 16159.19
18512.78 19669.58 6377.11 22772.43 19733.05 18552.0 14299.49
14262.86 2465.74 24856.41 18451.04 5236.96 12900.54 7594.49
21725.4 20693.5 9767.85 27174.68 14472.32 7811.93 12305.43
18995.84 17638.85 15317.39 10985.62 22443.58 17124.1 16816.41
4104.14 17068.52 12057.29 18455.29 6205.95 20824.38 20209.86
12918.41 24546.38 7804.5 10301.65 21390.83 3310.18 17854.54
20461.55 20081.5 4609.81 11407.67 10732.89 21497.76 6715.61
13386.93 7571.02 20552.52 966.13 19230.15 27498.88 16115.52
122 17356.28 2995.67 16530.7 22956.53 10963.23 6828.3
16582.87 8221.54 11328.96 10999.43 15183.2 16009.34 17537.83
11682.91 4617.47 4420.46 8626.8 11050.67 11294.83 22005.01
18488.5 7070.73 21828.84 14110.79 10551.1 6126.41 12842.7
9732.8 8131.79 20159.87 14537.81 13513.21 23531.22 19471.03
1979.98 7734.44 13833.99 2873.31 16402.68 2751.49 5782.73
12735.82 22330.29 15994.99 7152.56 18782.67 7603.48 12760.83
5316.15 7428.73 10539.7 12417.67 5556.02 19291.83 20269.81
8251.78 6325.77 5842.72 12279.77 10931.72 23261.41 4933.15
23159.3 3662.54 18983.93 19911.89 14594.29 26734.91 13226.26
8803.46 8026.79 21430.71 9823.85 22009.92 16874.21 5043.24
8861.26 19372.09 16375.0 15812.11 9505.33 18013.1 13540.31
10494.13 16715.23 21678.6 20497.6 24376.42 12259.51 8657.27
397 21515.75 7207.97 20351.96 25719.51 15171.8 8711.61
20914.09 10181.18 15202.93 14627.48 16821.3 19097.44 21603.43
16040.79 7772.02 7922.9 12600.53 15421.97 11850.48 25407.37
22861.33 11444.08 25893.04 14293.59 13714.9 3946.03 16324.46
14113.85 10729.87 23573.69 17770.26 16264.56 27814.32 23634.69
6178.36 4858.52 16279.91 3378.06 20782.84 3706.19 8096.02
16851.5 24430.57 20216.27 11539.77 19752.07 9115.44 15391.82
9310.09 11710.05 13318.01 15911.53 8297.71 22571.31 24066.6
12637.85 5026.86 9695.96 15898.78 7129.41 27360.4 9104.3
24614.44 7666.32 22798.77 24199.4 16042.48 30934.07 17610.2
12461.7 11492.92 24620.32 11785.07 26365.47 18716.81 4292.47
13190.55 23730.83 17844.2 19605.44 11302.63 22401.36 15296.79
10163.33 19959.22 26014.27 22625.04 28572.62 15628.7 12914.35
357 19123.3 13735.52 21001.72 30465.81 15036.88 19357.15
11501.62 20278.67 5246.4 18352.2 26347.02 23696.3 20076.96
10180.72 16430.08 9565.9 15681.07 12684.48 24265.64 27319.16
16443.11 12058.48 23303.5 27142.41 19597.76 19989.75 20054.33
10671.45 19279.04 25757.28 22118.52 22752.28 22242.91 20586.49
13913.76 21462.51 23711.65 13583.33 14765.34 16730.34 18180.59
16671.45 31695.74 9383.27 11506.96 30563.61 20306.06 22472.82
9200.91 9279.51 20538.63 2890.13 17504.1 25603.67 23940.28
10927.19 20307.99 15265.98 19154.19 24079.97 24144.72 13860.25
33788.77 14410.11 22841.91 19384.25 26134.47 26005.81 11654.82
17074.69 6093.99 27703.34 21476.16 19588.82 27445.07 19026.64
9492.19 17537.82 27653.83 20652.51 21454.83 14868.59 24764.86
24114.05 23708.34 19826.26 30010.36 24070.91 2435.97 13813.04
332 20098.24 8629.86 17844.62 20757.49 14561.72 4999.16
22461.93 5873.85 18682.01 12257.07 10919.06 15045.47 19797.8
17617.85 6755.95 12289.69 11545.37 15922.54 5374.97 21582.49
22857.85 12508.82 23849.84 7467.96 10498.94 3082.46 13365.04
15535.29 7261.98 19862.49 14117.41 11909.61 26752.51 22111.82
8109.28 3469.56 11444.91 9332.48 21029.52 5160.91 5477.65
15643.13 18667.09 22438.06 12885.16 13173.64 4591.52 10950.56
12846.21 14175.29 9467.71 20088.73 6245.43 18641.24 21253.29
14092.91 1899.18 9115.13 13316.68 6660.74 25391.46 9631.0
18257.4 8326.05 20107.34 23317.23 10002.42 29289.57 18671.29
10588.52 15808.61 20412.38 6978.74 25973.35 12913.08 2968.57
15242.14 23487.16 11714.57 17079.65 6382.53 22928.12 9653.55
3285.58 16134.0 25428.89 16954.01 26990.0 20003.98 12877.34
439 11156.54 3656.37 9982.99 16895.59 5030.56 5068.63
12955.0 5357.14 10847.15 4481.91 10959.88 9802.4 11176.66
8307.1 3057.84 7769.4 2176.38 6291.07 9566.59 15506.33
13268.28 3555.79 15460.97 12294.92 4587.26 10008.69 6383.88
6309.72 4027.15 13664.71 8239.76 7835.68 17634.9 13268.64
4595.74 11648.23 8560.65 9372.84 11384.93 6975.92 4223.54
6485.02 16989.2 13229.63 4090.56 15168.24 5935.65 7334.63
6796.69 6174.36 5223.12 12884.4 3425.2 12875.33 13719.9
5103.6 9257.58 741.59 5750.26 15339.6 16938.43 1967.71
18591.63 2899.74 12437.47 14067.27 10741.31 20582.94 9104.27
2329.52 9687.55 15051.16 6216.87 16526.82 12174.45 8307.19
6552.67 13967.76 12265.48 9256.65 6321.19 13269.47 9368.18
10354.42 10357.55 16055.7 15195.56 18224.73 13073.75 3226.55
475 3783.98 12574.87 6634.62 16456.86 5012.36 14698.83
5607.0 14391.64 10362.92 8222.75 16722.85 11088.22 4865.23
5498.95 13048.81 13846.54 8029.71 4441.61 18197.2 12437.69
3284.12 8375.63 7975.28 20383.63 10406.32 19966.52 8568.51
6360.82 12798.29 11170.07 9978.38 12067.53 8233.64 5234.88
13594.27 21627.77 13364.12 17694.45 1797.86 16711.85 14097.17
4372.38 18979.78 7418.03 8393.02 20839.95 15390.3 12443.57
12035.44 9270.99 11848.22 12573.04 13345.64 11461.6 8733.82
7526.15 19255.41 10643.88 7895.4 25306.78 9000.21 10750.57
22077.49 12250.62 7796.72 4670.03 17089.28 11735.94 3766.1
9142.26 12795.43 13251.8 14379.14 6608.12 16781.37 18277.76
7808.35 3993.35 17840.69 6668.24 14792.37 3746.59 15712.24
19698.89 10488.02 6255.56 17680.37 9466.92 13166.87 6950.01
234 10524.2 9655.13 7456.23 10908.55 7565.82 6366.36
16415.07 5073.97 16590.86 3607.32 5290.05 4271.67 9858.2
12822.04 7463.33 14154.62 5835.2 10077.86 7312.39 10783.24
14598.99 9442.5 13459.01 8971.12 1900.02 12815.17 3196.39
11305.24 4169.61 9024.19 3271.51 1452.89 16998.28 12236.54
10344.41 14034.96 2219.88 14923.97 13384.74 11206.66 6803.19
7264.49 10568.57 17420.13 9990.93 9589.35 6367.14 992.84
13216.76 12229.11 1580.14 18813.6 6667.14 7855.03 10524.03
10635.8 11590.21 6862.3 3719.54 17505.92 14993.62 8346.11
12295.99 8770.75 9467.86 13979.35 5513.84 18985.22 12753.1
4425.66 16031.08 9784.51 3928.98 16935.38 5985.1 11288.63
12132.12 14854.94 6532.64 6747.0 4521.52 15353.09 4110.92
9473.28 5292.5 16226.66 8769.89 16801.05 19097.72 7808.71
234 11184.92 4015.62 11226.57 19524.23 4919.73 8359.23
10271.31 8917.31 7177.58 6911.04 14562.97 12462.52 11589.14
5348.52 5660.56 5508.47 4061.17 4426.88 13105.31 17356.38
11855.84 517.44 15788.83 15891.55 7846.69 11852.21 8794.73
3274.2 7682.89 15576.45 10848.02 11061.62 17034.75 13251.71
4949.04 13558.63 11952.51 8859.01 9765.61 8332.4 7305.31
6871.94 20155.33 10118.54 571.84 18807.88 9293.73 10711.97
3955.98 2520.47 8745.25 9223.75 6505.3 15045.66 14850.68
1785.07 11452.68 3723.63 7957.89 17105.01 17128.86 2706.29
22035.57 4032.52 13573.27 13422.99 14388.94 20378.72 6676.46
5323.44 6352.66 17244.53 9882.06 15396.01 15662.61 10281.05
3005.32 12756.06 15869.91 10624.52 9958.7 11396.81 12998.52
13603.31 12750.42 15095.15 18410.12 18039.72 9436.62 2699.53
289 18402.99 11809.98 15316.38 15533.26 14416.74 6159.25
23260.62 5383.45 21422.3 10877.14 5313.44 11208.89 17756.5
18921.58 9085.8 16406.16 11705.77 16541.82 1259.34 17404.67
22237.77 14259.39 21249.41 1627.21 8695.7 9299.86 11068.23
16999.02 6759.37 15910.72 10883.05 8253.56 24895.07 20134.21
11814.89 9606.45 7249.07 14721.34 20795.92 10186.57 7338.66
14731.5 12810.35 23823.02 14774.52 6919.38 5214.01 7421.01
16337.07 16682.61 7260.32 23277.37 8018.06 14560.42 18092.38
15828.89 8003.49 10575.92 11447.8 12095.94 22766.44 11793.29
12039.29 11105.94 17161.4 21849.58 4314.55 26769.67 19407.85
10249.75 19461.93 15927.42 4767.21 24778.66 7250.02 8650.77
17260.7 22598.07 5767.41 14627.45 4475.06 22783.43 4661.94
3094.71 12413.42 24090.42 11223.96 24637.42 23358.66 13615.22
115 17883.23 14292.93 14430.74 12614.94 15091.06 8747.79
24011.48 7542.64 23252.67 11197.74 2915.28 9700.36 17048.23
20109.01 11523.82 19035.69 12813.58 17488.67 4536.65 15228.25
22211.6 15936.09 20026.4 2956.15 9119.48 12859.53 10753.18
18363.88 8441.34 13966.07 9899.15 7358.53 24034.1 19355.95
14496.75 13213.21 6085.0 17910.56 21051.18 13394.3 9896.55
14931.92 9436.02 24877.55 16482.75 3372.88 7911.06 6838.95
18697.94 18578.03 7762.86 25283.11 10413.85 12588.32 16615.7
17396.71 11542.99 12461.5 11374.9 15622.11 21478.94 13858.89
8432.35 13490.72 15878.02 21325.16 2223.72 25448.38 20269.16
11279.33 21790.36 13575.98 6241.04 24327.38 4344.43 12086.75
18891.25 22399.07 2616.0 13843.75 6297.18 23016.27 3557.77
6696.79 10879.88 23571.79 7994.89 23472.46 25445.31 14836.28
45 6831.06 8876.65 4820.04 12338.76 3515.53 8322.34
12159.76 7600.65 13197.67 1058.34 9529.35 5367.82 6486.3
8914.19 7807.36 12491.83 3340.96 6101.23 11024.9 10343.89
10417.49 6760.67 10621.04 13071.18 3148.25 14492.5 1725.57
7727.5 6076.8 8516.9 3780.38 4990.41 13488.74 8803.34
9831.09 15989.15 6235.13 14604.76 9103.97 11930.29 8124.49
2974.84 13394.19 13279.42 7230.95 13771.06 8786.06 5189.32
11126.17 9385.46 4571.05 15523.18 7571.04 7867.65 8530.13
7473.72 13487.89 5955.19 820.05 19658.91 12149.38 7042.79
15833.94 8134.73 7261.76 10179.53 9808.11 15993.81 8591.77
3077.77 13473.61 10068.68 7235.94 13024.02 9900.73 12804.03
8851.14 10772.43 10721.54 4068.55 7717.7 11080.55 8405.89
12789.29 5545.91 12381.9 11769.51 13681.29 15902.88 4643.35
64 19182.8 6240.57 19142.31 26605.08 12941.16 11210.54
16138.11 12549.75 9434.47 14137.45 19471.84 19523.67 19616.4
11682.88 8706.76 2674.63 11393.79 12118.66 15742.74 25074.68
19187.53 8545.11 23799.66 18552.74 14193.45 9721.09 16069.17
10194.58 12245.99 23250.79 17963.1 17346.78 24740.23 21222.18
5637.61 11055.0 17834.97 3044.57 17059.15 6971.72 10110.73
14883.68 26376.32 14992.09 8325.24 23182.78 12022.58 16688.64
4499.99 7308.84 14455.08 9718.47 9757.71 22548.55 22821.7
9004.76 10298.81 9132.6 15362.94 13524.12 25113.0 7771.19
27436.51 7125.69 21536.0 21180.25 18935.44 28224.67 13506.32
12048.23 5457.19 24738.41 14110.77 22801.96 21080.67 9094.16
8859.67 20198.64 20695.04 18494.72 13841.02 18324.64 17816.75
14857.06 20067.28 22630.67 24549.25 25914.87 9362.38 10656.84
184 6585.42 20907.16 8160.82 13042.26 12972.18 21035.64
13543.23 20146.93 19863.24 13795.13 19028.13 12256.32 6393.59
15096.49 20449.66 23129.32 15398.0 13708.96 22835.26 8099.98
8383.8 17254.44 2140.73 24091.83 15500.43 27248.01 12653.77
15835.31 18727.13 8431.22 12410.45 15038.72 3816.6 4528.55
21937.55 28749.64 16118.8 26482.12 9934.3 24525.13 20885.56
11164.9 17144.67 15742.48 17428.61 22052.64 21403.07 15881.77
21368.69 18702.49 16663.3 21968.56 20316.78 9701.06 5336.89
16796.73 26247.19 18309.41 12674.42 32413.98 639.03 18969.59
20938.99 20344.41 6131.69 5327.28 19806.46 3505.81 13302.63
15754.07 22384.61 9877.79 19386.37 6356.13 18047.5 25553.75
17322.24 7362.07 19662.92 8917.98 19953.22 10105.61 18824.6
25005.01 11065.22 5661.15 16705.9 1916.65 22594.45 15307.71
373 17471.55 6044.02 17791.46 25835.39 11435.62 11573.62
13844.22 12764.24 7077.1 13205.43 19493.84 18727.54 18004.53
9526.69 8784.49 1285.31 10356.86 10274.02 16360.63 23908.92
17102.25 7070.89 22095.86 19231.07 13613.85 11329.86 15139.21
8215.59 12170.3 22116.5 17128.41 16853.11 22758.01 19456.32
5817.61 12806.55 17497.73 5092.1 14984.53 8152.43 10405.75
13394.9 25994.16 12644.86 6737.93 23426.35 12468.47 16297.44
2647.78 5306.24 14104.15 7491.11 9891.57 21528.67 21391.55
7191.86 11693.73 8566.67 14360.02 15555.02 23350.92 7081.92
27373.25 6900.52 20120.79 19243.81 19064.71 26312.32 11384.22
11266.54 3128.76 23729.74 14215.6 20713.86 20953.63 10424.54
6796.03 18138.81 20762.59 17192.23 14038.72 16152.61 17838.75
15821.7 19145.24 20587.02 24188.08 24032.34 7195.72 9267.26
31 17498.01 9026.72 14811.11 16851.35 12726.63 3501.73
21326.38 3248.37 18859.65 9652.1 6985.65 11448.21 17020.98
16762.79 6382.12 13533.63 9811.22 14591.45 1732.13 17940.61
20868.67 11879.5 20849.56 4517.21 7598.85 6759.87 10342.52
14759.88 4835.15 16282.99 10717.4 8302.6 24131.25 19392.37
8950.76 7411.97 7670.39 11797.26 19245.35 7260.86 4628.46
13387.41 14736.62 21685.73 12363.91 9597.92 2559.28 7352.82
13562.54 14132.14 6312.72 20617.21 5382.98 15008.26 17986.01
13484.06 5416.99 8172.28 10497.18 10454.98 22391.46 9234.04
14508.96 8382.08 16918.96 20869.14 6088.86 26361.74 17456.37
8505.04 16681.92 16670.34 3572.22 23692.18 8975.38 5864.67
14853.45 21352.73 7837.54 14068.58 3015.95 21215.63 5716.3
2099.78 12592.76 23066.69 13013.46 24127.76 20661.51 11558.08
234 24580.6 11184.92 22725.21 26190.86 18564.42 9854.79
25424.94 11025.26 20276.9 16976.32 16307.34 20341.11 24437.74
20489.06 10491.24 13081.19 15660.39 19381.98 10677.23 26874.78
26705.18 15536.35 28624.26 12288.31 15478.81 3539.57 18328.67
18453.49 12197.48 25119.9 19306.0 17234.72 31147.33 26662.82
10286.77 2062.23 16844.25 8685.11 24722.01 6869.8 9879.51
19956.35 24037.46 24968.99 15762.69 18189.27 9729.51 16280.66
14283.17 16395.66 14620.9 21140.14 10462.23 23938.83 26273.39
16948.47 4550.92 12854.48 18144.72 1926.07 30150.05 12803.54
23388.7 11304.32 25077.26 27599.57 15368.12 33948.05 21871.25
15039.84 16706.01 25770.84 12310.02 30048.3 18305.56 5247.9
17761.57 27464.04 17031.92 21956.21 11722.06 26492.92 15082.83
8276.24 21388.88 29592.61 22349.34 31608.43 20885.62 16532.4
210 16477.71 15326.15 12863.34 9902.17 14651.71 10139.38
23416.09 8743.8 23530.17 10693.12 1915.31 7899.81 15530.73
19921.51 12629.79 20086.92 12810.79 17178.58 6790.14 12815.16
21071.74 16248.88 18110.6 5701.47 8876.34 15075.33 9794.08
18357.42 9206.24 11706.11 8488.28 6296.76 22300.1 17742.12
15697.47 15603.91 5026.4 19546.06 20135.49 15126.78 11186.83
14140.39 6719.02 24503.46 16803.82 2511.94 9448.44 6127.5
19512.31 18997.06 7751.8 25682.55 11546.58 10342.54 14594.4
17578.15 13733.8 13081.31 10557.53 18213.45 19504.48 14560.37
6258.67 14468.79 13997.26 19850.79 2369.43 23415.89 19824.68
11309.73 22521.69 11092.15 7183.79 22861.45 1883.6 14111.69
19085.33 21133.75 610.6 12370.06 7455.31 22050.57 3539.51
9184.62 8993.64 22069.62 5242.84 21552.12 25913.19 14828.43
276 14212.4 12295.45 10783.93 10508.14 11686.57 7383.49
20548.16 5920.65 20397.7 7735.29 1229.04 6195.63 13387.1
16878.22 9654.52 17038.51 9701.23 14170.26 5293.86 12198.16
18563.03 13109.13 16477.14 5693.43 5800.82 12981.94 7113.7
15263.11 6156.44 10750.09 6244.53 3687.39 20405.27 15706.65
12730.61 13779.76 2417.4 16793.57 17455.25 12502.79 8333.63
11361.98 8501.35 21535.17 13664.02 5534.77 6833.76 3227.54
16405.6 15855.28 4618.51 22542.58 8601.01 9385.98 13148.28
14450.75 11640.64 9959.98 7778.36 16790.98 17955.03 11446.83
9082.17 11425.5 12333.06 17656.28 1448.26 21945.34 16877.61
8188.84 19397.01 10708.83 4293.08 20657.11 2792.59 11797.63
15958.22 18733.79 2535.27 10182.82 4681.98 19408.55 666.95
7839.08 7399.81 19903.89 6717.09 19914.04 22771.45 11726.23
330 9766.34 6107.42 10417.92 19378.45 4037.24 10115.57
8199.18 10485.09 6178.2 7133.16 15521.21 12489.29 10335.53
3307.62 7582.19 6864.38 4604.95 2603.51 14693.97 16720.04
9897.14 1806.02 14389.81 17399.53 8560.51 13937.68 8830.46
1226.35 9103.75 15014.13 10899.92 11599.48 15258.55 11754.1
7033.58 15643.77 12637.52 10726.23 7782.69 10424.07 9136.28
5925.94 20467.05 8175.24 1533.52 19827.8 11019.66 11414.24
5087.5 2528.76 9684.99 8450.84 8322.84 14659.68 13861.23
515.31 13510.98 5405.52 7933.94 19196.55 15649.56 4685.14
22658.02 6090.17 12620.45 11677.01 15468.26 18710.35 4588.6
6108.12 6606.33 16827.27 11245.09 13476.12 16407.6 12354.57
1739.26 10840.04 16817.76 9914.33 11407.23 9346.45 14040.56
15404.48 12578.71 13225.47 18790.95 16399.75 8798.01 2619.52
289 14925.4 6948.73 12461.95 15857.69 9965.68 1421.13
18570.87 497.91 16399.4 7040.44 6987.84 9705.25 14526.17
14052.48 4178.18 11670.76 7044.05 11832.79 3819.38 16237.77
18140.98 9264.71 18490.16 6632.25 5121.9 7424.61 7970.08
12076.32 2088.09 14487.57 8701.4 6617.56 21581.81 16876.22
7127.64 8576.79 6381.26 10838.79 16490.81 6505.66 2528.81
10690.48 14451.71 18973.93 9770.87 10564.88 928.32 5673.11
11421.95 11659.77 4038.8 18268.72 3073.74 13302.21 15827.57
10850.75 6158.17 5564.75 7995.73 12050.69 20034.08 6774.16
14946.95 6180.36 14691.21 18250.03 6350.65 23965.33 14700.5
5750.33 14539.85 15161.72 1800.25 21029.46 8789.88 6008.79
12261.56 18651.89 8141.75 11701.92 1317.22 18457.48 5381.62
4814.98 10755.56 20425.31 12638.59 21691.85 18364.84 8811.46
200 8797.76 9070.23 10504.07 20117.41 4981.13 12993.05
5203.49 13235.01 5286.8 8847.14 17657.81 13645.55 9654.62
422.29 10554.63 8978.48 6899.71 2398.94 17420.67 16810.6
7579.35 4804.36 13247.73 20041.17 10658.91 16919.16 10195.97
1794.81 11770.79 15266.41 12159.14 13388.33 13300.48 10510.91
9961.31 18625.67 14550.75 13292.75 5467.39 13384.98 12061.6
6294.83 21786.91 5303.08 4498.27 21975.02 13871.73 13382.8
7157.94 4358.39 11942.65 7620.61 11246.76 15181.09 13477.0
3297.67 16509.08 8305.93 9301.3 22155.46 14315.86 7681.07
24329.32 9087.15 12349.16 9881.35 17727.91 16935.31 1866.92
8426.62 7497.45 17240.37 13827.6 11190.34 18302.58 15347.57
2792.15 8624.08 18924.22 10189.83 14055.6 6705.3 16285.98
18285.47 13473.97 11078.06 20222.41 14721.5 8146.51 4918.56
229 17776.32 21195.21 14171.18 6057.83 18363.03 16545.94
26231.27 15078.3 28039.54 14753.2 8231.71 9743.45 16613.67
23743.05 18682.66 25838.16 17445.94 20932.25 13632.57 10826.25
22712.71 21121.58 17627.26 12291.35 13640.69 21883.25 13156.16
22591.86 15134.03 10724.98 11172.56 10399.3 22128.31 18302.41
21738.08 22446.92 9625.15 25942.67 22395.37 21663.36 17470.25
17196.08 1799.33 27746.71 21659.14 6624.38 15981.51 10840.81
24970.29 23900.71 13015.35 30336.66 17674.25 9761.64 14118.25
22171.9 20538.05 18565.45 14060.15 25009.76 18685.41 20064.34
2229.27 20308.32 14125.15 20653.99 9050.48 22117.82 23145.94
16144.7 27778.46 9038.8 13445.09 23491.47 6371.53 20843.91
23625.04 22437.47 7290.04 14026.03 13845.04 24073.02 9781.35
16015.0 10199.68 22639.32 3109.26 20784.28 30675.28 19286.87
54 13119.3 3936.16 11374.08 16895.44 7360.43 2520.6
15508.8 3051.25 13015.56 5588.35 9523.91 10031.34 12967.6
10835.74 1471.25 8687.77 4346.81 8833.47 7199.0 16256.82
15655.87 5918.05 17177.14 10013.23 4585.72 7942.24 7184.47
8810.01 2202.85 14421.0 8640.06 7435.46 19722.95 15193.02
4440.35 9493.69 7789.0 8930.38 13836.06 5462.87 1724.87
8537.73 16320.73 15753.52 6409.96 13509.87 3414.17 6688.11
8199.48 8276.27 4461.74 14904.24 1012.79 13440.47 15030.83
7520.71 7021.01 2209.05 6824.87 13188.78 18694.95 3403.6
17429.92 3069.66 13787.74 16219.85 9112.85 22475.35 11656.78
3567.46 11286.81 15523.98 4291.64 18806.56 11033.27 6242.13
8901.95 16297.03 10793.5 10610.97 4215.1 15749.44 7868.57
7813.3 10832.44 18287.43 14490.35 20135.84 15017.78 5765.3
394 11463.47 9284.68 13209.44 22753.37 7418.45 14058.58
5874.05 14556.37 2568.06 11068.98 19654.09 16145.24 12354.45
2417.02 11335.25 7761.91 8732.02 4940.64 18761.93 19525.71
9637.39 5681.53 15833.86 21507.94 12664.3 17026.37 12592.98
3193.13 13226.46 17967.9 14613.33 15603.92 15501.08 13092.94
9991.22 18713.68 16696.6 12420.69 7644.66 13434.54 13003.65
8924.31 24252.34 4870.27 5184.76 23967.43 14989.81 15488.87
6089.91 3764.33 13830.87 4904.02 12205.68 17847.1 16190.21
4110.84 16827.71 9388.31 11688.0 22064.02 16830.0 8380.29
26637.47 9557.36 15068.03 12244.55 19622.36 19212.79 4117.89
10252.06 5384.55 19926.99 15387.37 13160.74 20469.99 15588.62
2695.84 10732.74 20945.48 12873.61 15528.0 8420.94 18191.49
19301.2 16052.44 13175.7 22638.55 17076.0 5427.28 6708.75
315 9659.62 6649.89 10526.4 19643.15 4225.16 10713.82
7630.04 11073.47 5757.2 7538.97 16027.54 12815.85 10290.56
2719.99 8177.82 7102.04 5104.53 2417.56 15281.51 16854.98
9514.21 2392.49 14271.04 17978.68 9046.39 14494.02 9180.02
635.89 9681.53 15175.85 11239.81 12039.76 14970.25 11604.06
7556.67 16200.49 13102.18 11116.95 7388.92 10966.65 9735.35
6040.3 20839.81 7576.53 2072.93 20339.44 11616.74 11885.77
5293.74 2581.78 10201.76 8065.76 8921.95 14872.4 13893.59
891.98 14085.3 6003.95 8277.67 19739.01 15494.97 5272.36
23094.16 6662.74 12670.11 11412.66 15993.86 18468.37 4084.24
6622.93 6526.43 17024.98 11813.77 13111.06 16875.25 12921.1
1436.66 10482.92 17320.59 10056.92 11984.53 8888.68 14562.48
16003.18 12856.06 12890.75 19181.46 16174.38 8444.65 3087.71
56 15122.91 18901.7 11489.69 4506.98 15679.57 14580.75
23514.25 13099.29 25396.88 12136.62 6645.51 7028.27 13973.04
21048.91 16493.61 23467.55 14880.69 18241.4 12297.55 8698.48
20052.56 18564.95 15246.14 11495.31 11163.77 20298.78 10486.37
19936.26 12956.31 8313.87 8479.07 7907.28 19726.55 15741.69
19508.67 21029.71 7289.73 23868.98 19692.2 19725.4 15414.43
14482.65 1253.36 25027.48 19095.64 6603.23 14118.04 8454.44
22517.45 21332.53 10677.16 27706.46 15534.64 7233.39 11682.37
19563.15 18954.75 16175.31 11391.82 23855.72 16392.91 17662.64
4331.22 18013.01 11580.01 18077.28 7593.53 19982.88 20430.56
13633.25 25262.51 6857.79 11470.36 20957.17 4647.98 19122.68
21001.59 19809.45 6051.64 11322.3 11932.39 21387.4 7987.18
14798.64 7487.44 20109.31 610.33 18501.54 28059.32 16677.33
340 17944.88 16846.1 14293.59 10283.06 16299.45 11534.53
25041.38 10185.94 25175.56 12342.53 3549.59 9291.46 16963.63
21576.76 14122.57 21612.29 14463.95 18830.92 7751.35 13701.75
22601.59 17886.42 19348.45 6079.05 10532.3 16092.41 11400.22
20013.03 10757.28 12754.35 10009.45 7915.17 23616.46 19127.73
17175.18 16479.69 6659.92 20884.68 21716.32 16414.58 12620.72
15754.41 6543.93 26148.58 18441.25 967.8 10787.44 7778.77
21086.86 20627.46 9395.89 27319.34 13027.3 11420.85 15790.09
19226.31 14766.25 14675.71 12179.7 18856.22 20701.54 16145.53
5165.34 15999.16 15278.89 21282.36 3825.41 24561.9 21467.41
12959.89 24114.27 11914.82 8675.72 24287.83 3200.9 15249.31
20733.7 22629.51 2247.73 13836.76 8894.95 23618.33 5126.21
9964.96 10326.29 23484.63 5424.59 22773.32 27543.45 16482.98
166 7382.08 9686.51 9227.29 18939.53 4217.49 13071.68
4958.29 13154.04 6660.9 8176.79 17068.6 12644.38 8257.98
1679.71 10843.59 10140.79 6630.48 1793.82 17279.49 15494.9
6380.29 5324.08 11827.59 19801.35 10138.5 17457.2 9331.85
2645.84 11627.8 13990.06 11215.86 12657.12 11990.56 9091.7
10638.19 19158.82 13867.5 14283.72 4249.9 13990.08 12228.11
5201.62 20790.53 5642.33 5148.96 21366.32 13906.01 12743.11
8314.63 5506.94 11492.17 8970.08 11419.82 13969.35 12098.71
4051.95 16947.5 8490.3 8460.97 22751.58 12905.49 8106.68
23466.62 9579.26 10991.12 8521.6 17213.41 15588.82 1090.12
8102.67 8881.94 15990.98 13583.56 9991.68 17576.79 15836.59
3977.34 7384.33 18308.63 8962.31 13866.37 5723.31 15774.13
18332.4 12384.99 9821.99 19276.32 13353.03 9515.74 4817.51
164 15437.8 7279.65 16372.04 25180.18 9987.79 12896.26
10707.34 13839.95 3770.2 12635.37 20085.75 18165.58 16135.48
6795.95 9969.54 3598.86 9805.42 8225.37 17804.5 22674.29
14376.2 6129.63 20004.55 20682.08 13560.99 13999.58 14485.14
6006.72 12901.91 20959.24 16552.88 16795.59 20173.88 17291.75
7517.31 15582.06 17644.71 8271.47 12307.1 10555.99 11719.23
11879.24 25903.41 9380.4 5624.64 24240.29 13844.74 16406.39
2757.68 3478.89 14357.93 4545.18 11047.12 20560.95 19769.57
5499.86 14145.73 8923.89 13622.52 18570.23 21146.36 7471.68
27713.89 7949.36 18545.09 16775.01 19811.24 23826.97 8677.01
11050.07 651.19 22742.32 15083.98 17951.2 21308.67 12856.14
4509.97 15451.14 21388.24 15868.68 15034.88 13262.42 18473.03
17693.89 18379.9 17907.83 24154.18 21614.14 4437.15 8201.53
67 15572.93 12427.83 17662.45 27299.65 11996.76 17773.6
7864.76 18482.8 2430.79 15597.03 24025.29 20723.53 16566.25
6815.52 14894.24 9211.24 13131.24 9503.18 22628.64 23927.13
12772.71 9744.43 19673.9 25454.01 17089.34 19576.8 17161.93
7720.57 17290.35 22426.33 19188.89 20109.67 18579.23 16968.58
12865.92 21179.03 21166.18 13820.59 11110.8 16080.92 16640.08
13469.8 28826.25 5799.97 9196.54 28317.36 18726.96 19944.42
8175.03 7164.77 18179.34 1471.16 15888.43 22366.46 20446.44
8347.51 19651.71 13303.4 16256.47 24183.71 20489.0 12058.08
31161.92 12934.65 19386.83 15719.83 23926.39 22342.83 8116.91
14616.76 5627.62 24416.83 19489.84 15942.23 24937.38 18365.64
6840.25 13867.79 25326.44 17371.24 19559.34 11205.09 22512.56
22843.08 20622.6 16164.24 27203.12 20400.53 2092.95 11144.95
227 3246.66 11195.02 3480.17 13206.76 3335.52 11936.36
9222.1 11360.59 12282.26 4855.89 12959.3 7332.4 3369.26
7377.29 10884.23 13739.42 5739.36 4918.6 14868.06 9806.03
6648.2 7731.4 7645.68 16865.52 6991.38 17802.29 4820.61
7116.09 9796.59 8242.56 6168.9 8295.8 9838.22 5354.49
12225.11 19381.14 9595.64 16799.51 5606.05 14890.2 11561.39
1452.46 15351.46 10762.06 7997.8 17039.55 12492.04 8732.38
12076.38 9665.42 8408.01 14632.66 10902.96 8217.59 6725.77
7630.55 16911.17 8645.98 4243.42 23078.19 9075.36 9257.28
18330.98 10639.07 5496.9 6400.47 13370.21 12668.84 6304.83
6356.88 13699.4 10230.17 11077.26 9190.08 12970.59 16094.4
8571.34 6938.95 14053.48 3211.06 11551.19 7509.17 12022.47
16602.64 6840.92 8568.22 13973.46 10311.42 15136.43 5656.52
348 4329.01 13154.77 7429.37 17204.8 5796.69 15497.62
4856.68 15229.88 10191.49 9116.94 17637.23 11969.17 5477.92
5493.17 13761.89 14151.65 8810.61 4904.89 19069.44 13069.73
2564.49 8883.06 8194.47 21277.94 11298.94 20649.03 9482.88
6631.63 13637.18 11872.81 10880.6 12981.71 7944.07 5486.71
14162.84 22320.74 14278.41 18139.65 887.44 17344.38 14863.74
5273.58 19817.49 6781.51 8850.47 21752.02 16207.1 13356.92
12328.92 9532.32 12740.79 12329.37 14101.38 12226.73 9288.65
7903.29 19971.95 11350.11 8807.9 25988.76 9092.2 11371.32
22949.56 12875.74 8426.87 4510.14 18002.48 11557.27 3647.47
9972.58 12870.04 13960.84 15252.55 6066.31 17689.31 18969.09
8020.01 3426.43 18754.31 7507.42 15657.57 2836.63 16623.97
20536.82 11342.45 5813.44 18541.55 9353.05 12943.8 7611.3
166 1953.32 14965.23 5647.81 14900.5 7030.84 16322.42
7588.93 15783.91 13219.69 9277.67 16932.56 10616.76 3110.26
8405.0 15063.04 16634.9 9897.49 7171.02 19260.67 10438.48
3013.0 10957.83 5132.96 21162.96 11391.43 22018.19 9000.89
9212.98 14215.25 9475.03 9874.35 12315.83 5645.65 2431.4
15999.28 23634.39 13600.76 20300.32 3538.28 18935.68 15885.35
5659.45 17951.2 9669.49 11048.3 20797.13 16903.62 12885.68
14840.15 12111.04 12790.47 15383.68 15191.89 10072.46 6538.75
10285.23 21193.18 12722.24 8566.74 27332.98 6091.6 13069.73
21331.35 14537.87 5893.91 2046.64 17451.16 8940.82 6630.72
10713.26 15703.24 11549.37 15486.0 4773.67 16644.68 20311.84
10682.36 2792.0 17921.55 6013.97 15968.76 4572.48 16169.06
21027.72 9756.23 4144.08 16866.69 6626.36 15993.07 9255.89
423 16486.63 5255.55 14509.73 18789.94 10773.7 1769.15
18674.81 3200.22 15305.8 8772.44 9921.75 12397.44 16274.52
13865.98 2981.95 9589.33 7765.45 12105.33 5653.0 18869.45
19064.54 8775.65 20426.75 8489.33 7294.24 4761.99 10125.07
11790.36 4039.68 17074.06 11224.66 9415.85 23113.52 18540.26
5034.54 6184.39 9319.96 8008.3 17217.41 3550.72 1714.59
11943.87 17450.29 18726.6 9184.23 13234.08 2148.52 8504.37
9743.84 10661.24 6577.91 16913.91 2437.29 15961.7 18068.83
10378.61 3680.02 5299.87 9929.59 9850.47 21957.67 5922.38
17832.88 4759.29 16865.18 19628.73 9213.65 25790.65 14867.21
6920.48 12838.06 17913.09 4791.11 22228.19 11768.15 3164.92
11603.05 19716.48 11020.54 13740.69 4314.27 19110.38 8349.45
5196.13 13366.93 21706.4 15638.92 23464.18 16908.79 9057.49
159 3868.21 10582.61 4863.72 14591.35 2596.44 11986.99
8012.68 11576.44 10914.4 5303.44 13857.97 8570.25 4347.77
5991.49 10609.13 12738.26 5451.48 3619.1 15304.44 11170.12
6087.83 6804.12 8474.2 17462.35 7487.71 17565.13 5720.56
5840.18 9986.23 9627.86 7301.44 9222.34 10084.73 5953.66
11618.78 19187.8 10511.09 16054.75 4687.91 14486.8 11481.87
1449.23 16651.8 9451.27 7001.74 18023.86 12626.98 9552.4
11022.72 8501.56 8929.24 13260.02 10769.01 9607.0 7966.61
6495.48 16757.44 8265.67 5000.81 22885.22 9814.65 8665.03
19548.25 10113.36 6777.23 6503.6 14194.35 13187.63 4931.47
6376.23 12471.35 11621.24 11486.81 9042.14 14016.77 15859.75
7320.17 6585.63 15002.39 4599.15 11915.35 6662.75 12807.16
16874.88 8158.04 8520.08 15231.48 10829.34 13771.64 4893.89
137 11613.56 9243.54 8616.09 11669.6 8213.23 5406.49
17132.28 4037.03 16830.86 4332.35 4806.01 5317.66 10984.0
13318.19 6852.31 13874.89 6117.63 10641.6 6156.64 11854.63
15564.21 9567.27 14627.72 7933.28 2250.06 11795.98 4279.48
11680.34 3374.08 10121.34 4430.16 2242.84 18127.95 13365.1
9843.0 12965.21 2378.65 14289.68 14263.57 10391.71 5975.94
8135.07 10918.52 18025.37 10121.9 9118.32 5309.97 1338.94
13073.67 12333.14 1079.35 18997.15 5953.08 8916.15 11695.45
10877.19 10545.57 6625.31 4692.68 16397.77 16163.53 8128.14
12291.77 8355.03 10642.12 15061.22 4832.03 20153.09 13397.05
4609.09 15988.32 10777.39 2778.41 17998.63 5872.82 10312.81
12384.31 15864.82 6103.09 7899.14 3374.72 16243.69 3390.16
8299.02 6392.41 17303.72 9091.4 17961.67 19243.46 8142.67
129 9729.7 18280.06 6633.79 3323.41 12542.92 15669.94
18764.43 14327.71 22243.61 10226.1 10299.22 5066.54 8529.04
17417.03 16535.67 22202.78 13034.22 14803.92 15396.43 2268.81
14581.66 16458.04 8885.95 15722.28 10499.43 22086.57 8291.61
16869.83 13464.62 2112.97 6472.79 8054.17 13389.06 9815.22
19134.1 23223.37 8491.63 23881.97 14697.79 20459.7 16089.23
10817.63 6963.33 20578.65 16901.87 12353.19 15595.63 9000.35
20852.3 18974.58 10877.46 24604.5 15874.91 1895.88 5441.86
16975.39 20829.55 15301.84 9029.0 26560.71 9944.45 16593.01
10741.52 17450.78 5702.46 12180.41 11253.51 13496.08 16332.21
12330.52 23095.85 516.7 12964.3 14890.1 8767.4 20590.54
18204.24 14132.64 10508.47 6861.56 13552.52 16120.57 10771.72
17898.03 4305.49 14034.69 6569.41 12048.49 25073.15 14286.88
380 17419.26 5209.43 15578.02 20004.92 11535.6 2982.01
19114.11 4413.01 15282.8 9809.85 11050.56 13595.66 17259.67
14238.64 3486.66 9144.36 8565.2 12670.74 6474.8 20052.86
19788.99 9127.48 21449.06 9221.68 8434.32 3663.87 11238.64
12154.37 5212.69 18251.01 12400.13 10627.6 24014.05 19493.32
4755.45 5193.82 10533.69 7055.25 17887.34 2522.25 2718.49
12822.09 18626.99 19030.8 9484.69 14224.46 3311.19 9718.51
9521.14 10748.91 7772.68 16755.81 3288.01 17151.88 19172.55
10696.12 2742.23 5899.15 10998.79 8890.85 22973.1 6248.09
18920.16 4904.41 17955.88 20494.26 10309.19 26771.57 15361.0
7864.33 12550.63 19115.47 5991.88 23028.33 12923.6 2000.03
11819.86 20483.58 12116.89 14810.03 5499.38 19743.71 9502.53
5565.64 14552.35 22534.3 16820.68 24434.36 16702.61 9672.51
433 3148.93 17407.88 6135.27 13998.08 9417.47 18238.53
9786.95 17540.95 15878.53 11003.46 17714.15 11035.25 3583.64
11111.04 17265.59 19302.3 12106.59 9841.81 20707.61 9176.12
4680.8 13537.52 2710.63 22350.81 12970.5 24186.72 10298.32
11918.21 16021.58 8662.77 10673.63 13280.45 3566.33 1212.62
18444.02 25760.76 14504.51 22853.8 5992.06 21243.86 17923.98
7790.6 17535.75 11957.31 13663.52 21274.9 18730.96 13987.22
17518.14 14808.35 14287.37 18001.17 17280.19 9580.65 5323.3
12951.77 23284.71 14997.76 10071.5 29456.12 3405.37 15486.05
21134.25 16920.65 5227.66 1627.13 18352.21 6361.88 9313.01
12716.53 18421.17 10603.94 17035.15 4157.8 17124.86 22478.94
13393.43 3823.3 18566.63 6752.7 17560.77 6437.0 17181.02
22661.04 9984.46 3305.63 16695.18 4006.67 18622.06 11717.64
223 5800.44 15989.76 2916.02 7250.51 9257.42 14540.28
14842.32 13407.58 18673.61 7906.29 11385.17 4660.51 4599.62
13758.04 14722.02 19432.11 10414.34 11279.67 15516.72 3437.35
10683.0 13479.35 5844.55 16536.02 8940.8 20993.94 6177.79
13435.9 12203.27 1899.74 5162.35 7644.82 10190.19 6088.78
16936.92 22331.92 8602.35 21715.09 10766.57 18821.09 14678.65
7377.56 10419.8 16687.36 13861.26 14468.11 14705.86 8558.71
17927.93 15785.5 9799.44 21024.23 14283.89 2453.22 2317.74
13746.44 19844.82 13052.78 6624.12 25878.66 7219.77 14150.2
13992.58 15237.4 1915.24 8442.24 12186.42 11155.68 12547.0
10103.23 19892.58 3978.16 12362.39 11292.75 10411.67 19373.57
14845.88 10291.29 12010.78 3376.01 12955.01 12195.86 11276.59
17834.47 3453.22 10444.32 9558.98 9273.33 21526.69 11277.29
70 2570.99 16943.87 5201.59 13070.39 8967.32 17521.79
10253.68 16775.8 16003.44 10261.5 16762.86 10063.81 2742.95
11142.14 16666.6 19058.23 11536.3 9640.93 19856.55 8296.51
5271.72 13200.64 2332.21 21448.1 12174.59 23555.76 9453.95
11781.11 15276.31 7708.25 9742.05 12361.36 4437.1 459.28
17978.36 25108.9 13573.53 22465.17 6300.3 20687.58 17252.84
7237.12 16561.67 12385.81 13363.99 20296.25 17983.81 13086.99
17297.08 14637.47 13464.91 18182.1 16630.96 8601.66 4402.85
12725.25 22622.23 14443.7 9277.18 28798.29 3439.87 15011.35
20150.23 16419.33 4243.67 2414.72 17413.68 6873.4 9406.64
12054.98 18362.48 9673.87 16215.8 5134.66 16148.96 21850.38
13272.93 4539.18 17601.48 5845.75 16750.57 7007.09 16259.1
21850.7 9003.61 4285.64 15708.73 4520.82 18788.3 11294.39
298 20262.45 11087.82 17500.64 18701.78 15479.94 5993.69
23993.17 6007.53 21123.03 12430.91 8510.2 13873.55 19761.58
19349.04 8662.91 15268.46 12536.36 17274.46 2971.3 20265.24
23646.82 14367.11 23528.51 4098.65 10358.89 6589.97 13059.89
17313.84 7600.39 18678.51 13289.02 10769.63 26884.69 22137.69
10808.75 6570.42 9966.78 12759.37 22007.08 8380.14 6984.93
16170.13 16071.73 24264.04 14823.35 9986.09 5132.1 9848.25
15557.1 16446.09 9038.04 22745.21 7790.69 17363.38 20573.84
15980.88 5435.91 10696.91 13252.37 8840.24 25066.79 11607.37
15194.07 10567.12 19545.96 23643.55 7519.2 29050.32 20128.01
11266.67 18630.33 18882.95 6287.07 26473.63 10477.64 6395.89
17292.7 24135.57 9028.01 16767.73 5761.06 23972.65 7623.5
706.32 15051.43 25845.05 14475.14 26836.67 22732.73 14220.53
208 13012.8 12914.49 9465.39 8920.99 11189.08 8466.28
19885.15 6985.23 20346.43 7252.13 2133.52 4664.86 12113.76
16519.97 10414.48 17578.78 9588.94 13744.79 6954.7 10507.87
17539.7 13168.86 14990.79 7336.56 5636.49 14387.16 6244.22
15052.15 6865.75 9086.73 4991.55 2759.89 19027.1 14383.34
13460.26 15277.29 1549.58 17750.37 16581.46 13608.86 9289.62
10596.77 7356.34 21020.51 13720.27 6060.94 8050.58 2765.48
16783.84 15951.73 4784.1 22562.72 9429.08 7716.65 11593.59
14389.85 13058.11 10338.19 7023.73 18379.72 16445.23 11841.01
8594.61 12028.29 10842.48 16421.65 2908.33 20419.5 16334.56
8153.54 19679.02 9011.75 5365.74 19432.65 2228.71 13110.69
15887.62 17630.22 3070.05 8921.9 5856.2 18498.86 2293.79
9490.5 5848.48 18656.75 5526.2 18436.99 22838.31 11564.44
48 2191.62 15388.83 5889.84 14990.83 7457.75 16739.54
7692.7 16191.7 13504.07 9677.76 17253.22 10881.96 3290.01
8727.15 15489.71 17026.49 10323.64 7565.45 19647.5 10456.89
2921.3 11370.44 4899.01 21528.23 11782.83 22444.71 9361.92
9587.24 14625.37 9561.21 10183.48 12649.73 5220.67 2264.65
16422.63 24060.2 13930.32 20714.24 3709.33 19362.71 16307.76
6080.11 18120.36 9805.68 11454.99 21086.84 17316.14 13234.98
15228.13 12489.98 13176.68 15645.97 15615.88 10210.21 6537.56
10679.1 21617.99 13149.46 8946.7 27758.88 5783.03 13494.75
21535.22 14963.79 5970.59 1619.45 17785.26 8541.63 6929.93
11132.36 16049.18 11623.75 15878.77 4388.18 16930.29 20738.27
11050.0 2551.64 18227.97 6293.77 16365.13 4563.4 16513.41
21429.28 9993.47 3737.47 17068.61 6238.07 16261.29 9679.76
79 15177.43 9454.07 12235.51 13990.67 11112.63 4010.5
19987.39 2706.56 18548.54 7561.91 4494.38 8577.16 14587.04
15745.91 6689.27 14206.33 8469.2 13291.39 2541.41 15040.63
18924.26 11271.64 18240.64 4717.9 5384.79 9340.86 7868.22
13879.69 3690.72 13404.15 7959.31 5449.54 21730.87 16968.96
9696.23 10198.53 4754.72 13395.78 17474.42 8988.41 5110.27
11413.75 12142.6 20620.02 11806.88 7978.58 3299.48 4519.15
13855.62 13835.85 3958.48 20520.09 5580.19 12114.37 15243.63
12793.39 8002.79 7690.45 8181.87 13357.39 19774.06 9047.51
12399.39 8646.65 14226.93 18609.18 3782.18 23767.22 16147.76
6981.67 16953.15 13753.82 1519.24 21514.95 6394.24 8155.97
14262.83 19300.48 5585.95 11518.5 1454.6 19461.97 2988.53
4761.76 9740.99 20841.62 10364.55 21581.11 20658.82 10426.08
125 7487.01 18811.11 11178.37 19840.82 11516.75 21201.85
6462.09 20857.54 13881.54 14525.35 22503.44 16177.31 8540.43
10235.84 19510.95 19268.2 14534.56 10522.23 24560.01 15034.78
3222.37 14477.55 8271.64 26602.05 16696.3 26386.69 14493.33
11896.63 19265.47 14464.83 15455.77 17870.35 4910.29 6759.56
19801.05 28062.92 19161.33 23543.0 5152.03 23047.29 20599.59
10699.77 23246.54 8524.28 14373.77 26378.48 21882.22 18403.5
17451.87 14654.76 18126.48 15528.44 19843.21 15283.29 11170.7
13314.99 25720.93 17098.72 13977.17 31724.48 8157.35 17075.62
26746.29 18579.89 10930.59 4393.58 23000.79 8450.54 8438.79
15627.27 17332.6 16444.26 20748.5 2111.38 22223.95 24711.44
13088.66 2820.09 23502.98 11588.31 21191.45 3594.23 21695.66
26159.54 15272.37 2822.42 22281.51 7060.18 16199.59 13350.52
398 16312.25 6596.97 16967.25 25456.07 10557.05 12257.54
12088.78 13312.94 5222.42 12822.89 19797.88 18380.27 16936.11
7965.62 9358.99 2319.5 9955.34 9066.06 17140.58 23203.97
15570.15 6389.08 20916.51 20024.31 13523.79 12810.9 14723.43
6899.81 12515.65 21450.07 16766.78 16779.76 21310.81 18231.61
6653.78 14354.0 17542.45 6867.67 13473.73 9457.37 11074.45
12495.87 25930.59 10819.91 5952.53 23867.02 13190.03 16315.05
2193.26 4090.48 14190.86 5774.98 10462.06 20965.49 20467.46
6116.4 13046.14 8652.04 13893.1 17246.26 22111.81 7154.24
27554.59 7360.63 19218.73 17854.01 19455.08 24922.94 9845.48
11063.24 1340.09 23161.25 14653.89 19167.14 21128.31 11759.59
5414.66 16629.09 21089.73 16418.09 14549.5 14531.26 18160.81
16847.78 18686.55 19085.45 24152.49 22677.32 5555.49 8567.05
145 8573.87 19189.32 6262.3 5251.02 12629.94 17230.58
17718.86 15976.68 21979.1 11054.99 12625.12 6674.43 7421.72
17034.13 17736.03 22765.02 13685.41 14618.98 17478.16 283.78
13156.92 16835.63 6744.6 18020.88 11778.78 23700.74 9208.69
16790.4 14939.49 1906.65 7753.05 9818.48 11208.2 8167.25
20108.86 24937.43 10475.2 24890.76 13604.84 21780.42 17510.33
10744.57 9354.6 19672.47 17225.04 14874.4 17269.8 10777.54
21283.09 19158.02 12407.44 24321.27 17197.29 3088.36 3711.57
17118.89 22490.46 16224.37 9782.71 28379.25 7628.18 17389.97
13172.6 18407.95 4479.56 10474.6 13549.7 11024.95 15731.67
13244.36 23264.63 2121.46 14741.12 12971.91 11202.21 22136.8
18209.73 12561.14 12932.1 6748.38 15337.82 14802.58 12935.22
19930.17 5613.63 12123.02 9089.75 9706.12 24836.8 14633.29
457 11532.24 5216.78 12089.97 20817.9 5679.96 10014.96
9186.03 10623.96 5455.49 8330.07 16250.17 13826.84 12094.55
4285.66 7237.67 5131.85 5563.49 4342.34 14801.21 18353.31
11465.64 1917.91 16155.46 17599.68 9456.2 13041.01 10144.99
2448.24 9404.58 16619.15 12217.77 12630.16 16944.32 13515.41
6002.46 14741.54 13570.05 9205.12 9336.62 9460.45 8930.36
7612.4 21660.47 8757.94 1364.81 20508.6 10957.81 12330.83
3334.14 902.82 10417.17 7522.29 8143.52 16196.59 15585.0
1253.03 12767.06 5431.46 9272.46 18189.73 17410.51 4294.47
23649.86 5445.45 14334.51 13383.04 16094.85 20433.61 5918.45
6932.38 5008.36 18381.13 11604.16 15069.7 17303.91 11547.76
1502.57 12446.48 17556.59 11554.75 11677.68 10766.75 14697.86
15219.82 14015.41 14860.68 19939.46 18133.07 7759.94 3841.26
326 13438.42 3494.43 13560.44 21693.34 7244.73 8932.36
11389.76 9809.33 6592.24 9046.14 16055.74 14597.87 13888.64
6531.71 6013.0 3176.91 6178.53 6427.71 13835.02 19666.31
13698.53 2846.92 18056.55 16700.78 9687.26 11060.66 10966.62
4704.52 8848.73 17876.4 12988.2 12943.07 19093.55 15479.5
4054.82 12743.0 13716.41 6941.93 11573.24 7470.42 7770.2
9200.92 22094.06 10796.77 2582.15 20191.31 9886.66 12486.0
1694.28 2222.8 10380.97 8225.05 7059.63 17307.6 17185.11
3344.12 10922.22 4884.75 10162.87 16098.99 19369.13 3419.27
23750.12 4014.74 15908.36 15505.75 15763.71 22522.3 8185.36
7230.69 4556.08 19508.6 11031.32 17292.84 17329.33 9662.66
3665.95 14661.56 17355.45 12953.21 10989.97 13031.99 14434.61
13909.5 14958.59 17057.97 20315.9 20200.23 8282.14 5030.38
36 19621.66 7850.51 17477.41 20774.81 13973.22 4560.34
21758.36 5591.25 17889.13 11824.09 11096.9 14875.78 19360.66
16896.63 6068.9 11482.89 10964.03 15258.39 5695.09 21412.62
22263.61 11785.19 23456.28 7985.03 10151.63 2647.01 13019.53
14812.7 6879.83 19668.37 13877.77 11762.76 26264.92 21655.11
7311.13 3426.36 11382.78 8591.65 20408.92 4361.89 4899.37
15118.25 18845.0 21698.45 12149.91 13575.59 4291.83 10807.96
12042.35 13400.4 9199.98 19284.44 5636.49 18474.37 20941.96
13360.32 1327.61 8454.06 12921.92 6883.29 24994.71 8905.17
18592.55 7572.9 19775.31 22801.59 10212.34 28868.06 17984.45
10074.58 15001.2 20297.49 6836.68 25421.54 13077.67 2214.95
14487.79 22914.96 11961.3 16709.78 6249.26 22293.19 9752.67
3849.5 15936.28 24892.72 17104.78 26556.0 19197.64 12227.5
440 6403.71 9473.3 7986.77 17660.86 3064.6 12346.34
5885.41 12309.41 7808.44 7009.92 15906.04 11358.07 7186.35
2868.28 10313.12 10536.38 5740.23 1185.95 16372.0 14285.8
6254.34 5164.23 10955.8 18822.51 9035.62 17093.1 8079.77
3093.69 10751.26 12750.74 9939.91 11443.48 11546.46 8249.18
10469.24 18781.94 12670.4 14418.94 4189.01 13713.1 11579.76
3911.36 19502.96 6824.44 5124.14 20189.03 13140.61 11567.93
8729.54 5986.37 10419.89 10145.76 10785.38 12699.36 10974.86
4213.87 16494.97 7911.42 7219.68 22421.06 12121.64 7748.19
22201.4 9250.0 9832.47 7978.06 16086.31 15032.75 2139.32
7142.96 9683.41 14737.04 12625.15 9793.08 16357.02 15436.54
4579.03 7153.09 17132.23 7695.94 12942.41 5956.15 14651.79
17553.57 11094.17 9516.49 17995.6 12742.49 10668.08 4138.89
402 6345.54 19848.02 6383.79 9955.63 12222.08 19213.28
14819.61 18183.88 20338.46 12165.43 16329.07 9662.88 5613.3
15392.29 19010.04 22632.25 14207.48 13513.69 20503.23 5005.65
9789.87 16623.47 2459.38 21534.29 13590.14 25588.97 10727.36
15729.73 16871.71 5445.02 10086.25 12633.14 6616.29 4887.2
20853.27 27006.61 13608.91 25547.22 10845.35 23132.78 19213.45
10281.59 14054.97 16950.07 16888.42 19138.97 19471.16 13531.65
20956.05 18459.59 14604.47 22575.54 18727.16 6770.48 2810.49
16454.06 24503.26 17059.65 10939.2 30614.15 2937.3 17925.7
17855.92 19192.28 3976.2 6754.08 17158.61 6406.26 13761.27
14278.73 22379.91 6788.16 17250.18 8722.88 15211.38 23926.06
17227.14 8951.58 16871.07 7143.22 17835.65 11540.69 16279.83
22786.85 8454.56 7913.57 13657.23 4987.46 23162.33 14517.37
477 8610.6 22680.75 11318.16 17198.67 14729.13 23703.53
12563.79 22991.51 19697.9 16462.14 22699.45 15912.48 8967.25
15411.22 22687.33 24145.17 17517.48 14752.61 26059.1 12251.65
7855.09 18634.9 5637.66 27563.75 18398.35 29624.64 15669.42
16630.58 21480.59 12479.47 15814.46 18456.9 2085.11 6605.13
23714.85 31209.98 19623.81 27978.38 9897.06 26620.91 23383.53
13209.03 21278.0 14719.68 18690.16 25950.18 24189.77 19226.79
22326.37 19536.94 19686.74 21548.54 22731.97 13691.64 9217.52
17841.85 28739.55 20386.07 15500.19 34907.27 4378.08 20782.6
25058.26 22245.15 9745.73 5700.69 23414.93 2187.91 13528.41
18175.69 22781.7 14015.36 22437.85 4475.51 21875.49 27916.33
18027.18 6762.04 23431.84 12009.96 22974.32 9236.22 22330.34
28074.06 14763.31 4318.99 20779.92 2271.0 22209.87 16971.31
114 5277.81 12924.92 1653.02 9047.97 6505.24 11694.62
13380.45 10663.47 16218.99 4850.2 9932.87 3419.6 4308.32
11450.37 11694.04 16444.98 7366.97 8781.71 13232.28 6335.51
10061.83 10551.04 7530.15 14643.04 6068.39 18099.77 3216.95
10827.84 9351.55 4541.82 2900.24 5536.91 11270.54 6577.23
13871.28 19492.73 6729.09 18649.47 9541.51 15806.34 11741.85
4792.72 11165.97 14985.33 10963.42 13631.18 11948.12 6316.18
14989.71 12977.56 7102.48 18580.28 11303.73 4149.47 4731.5
10961.14 16992.06 9987.49 3570.18 23090.92 9061.64 11091.95
14294.55 12171.89 3574.03 8627.06 10567.62 13057.24 10517.63
7044.14 17100.49 6298.34 9794.14 11638.25 9470.56 16453.4
12165.25 9989.8 10824.76 1196.11 10369.34 11281.92 9423.12
15397.48 2669.42 10851.72 9870.55 10901.38 19039.84 8353.72
245 9461.48 14897.42 12651.75 22431.64 9532.53 18657.06
640.36 18740.55 7899.56 13409.1 22254.81 17040.07 10645.9
5567.14 16347.69 14149.9 12194.24 7370.27 22846.43 18205.46
5235.45 10639.54 12613.76 25319.03 15496.43 22752.33 14203.91
7632.04 17204.43 17080.09 15828.44 17681.28 10683.52 10149.96
15765.42 24458.75 18950.11 18745.7 4436.4 19205.6 17790.5
9845.71 24998.64 2322.01 10335.26 26486.8 19497.0 17911.79
12424.76 9817.04 16898.1 9361.94 16978.64 17456.85 14345.75
9128.65 22347.27 14037.78 13417.63 27968.05 13109.91 13510.01
28038.74 14926.12 13583.62 8336.43 22497.8 14418.48 4503.1
13631.35 11647.53 19169.83 19117.24 7939.09 22529.42 21186.64
8336.35 6221.35 23443.54 12691.17 19423.02 3485.36 21073.71
23923.65 16495.62 8272.17 23670.83 12651.44 10035.22 10408.89
132 17521.3 7651.49 18249.73 26753.31 11839.15 13286.79
12861.2 14399.51 5644.28 14116.91 20975.65 19674.31 18171.31
8999.4 10423.19 3019.26 11248.36 10278.99 18135.3 24496.39
16586.79 7689.33 22112.62 21015.79 14784.1 13325.91 16020.31
8086.77 13670.48 22745.67 18061.24 18040.69 22376.13 19414.23
7586.45 14799.35 18782.21 7004.56 14513.44 10121.59 12106.81
13772.18 27194.85 11429.51 7250.88 25005.01 14204.99 17559.06
3430.62 5342.38 15417.74 5653.56 11532.27 22265.33 21731.96
7380.7 13677.23 9865.4 15191.88 17501.35 23283.82 8363.05
28769.94 8455.85 20488.02 18959.81 20606.14 26018.99 10881.92
12337.06 1698.06 24460.82 15782.85 20163.33 22341.79 12403.69
6589.52 17660.01 22261.8 17706.64 15652.68 15471.48 19331.67
17711.39 19985.92 20117.02 25411.43 23794.75 5293.8 9865.99
282 11076.32 19276.96 7980.82 2002.13 13801.92 16366.98
20120.26 14980.59 23540.4 11308.98 10373.66 5936.81 9876.19
18736.12 17417.38 23308.24 14149.8 16101.37 15704.21 3087.79
15912.15 17634.53 10020.46 15783.14 11397.5 22717.89 9371.32
18145.1 14228.95 3437.38 7451.85 8720.77 14515.04 11101.58
20101.41 23785.57 8978.65 24819.34 16051.8 21263.54 16862.8
12112.18 5998.73 21933.55 18090.84 11957.2 16222.32 9637.03
22000.53 20191.3 11639.59 25901.7 16701.47 3183.71 6678.31
18206.5 21436.02 16308.72 10151.21 27039.16 10984.04 17639.43
9827.54 18432.59 7025.94 13461.98 11357.51 14378.72 17673.91
13362.14 24307.41 1397.34 13544.08 16122.81 8674.58 21269.32
19460.71 15442.53 10413.25 8186.23 14120.43 17462.95 11043.33
18236.09 5361.68 15268.01 5914.37 13070.75 26362.55 15480.53
307 12313.93 4115.85 10613.18 16422.5 6576.59 3194.35
14835.94 3447.28 12649.8 4833.1 9493.4 9476.53 12170.45
10228.01 2066.1 8773.89 3559.2 8130.6 7654.68 15610.26
14872.87 5431.13 16388.36 10410.75 4013.96 8741.21 6490.96
8234.07 2249.42 13769.42 8036.95 7025.07 18916.08 14389.59
4772.28 10298.99 7499.05 9412.57 13070.71 6167.37 2515.61
7731.21 16038.84 15151.0 5948.34 13587.55 4027.66 6344.2
8119.78 7927.98 4111.08 14611.61 1818.9 12825.08 14286.85
7007.11 7827.8 1780.88 6085.74 13994.73 17903.46 3186.15
17317.97 3227.11 13036.53 15413.86 9162.64 21675.21 10973.51
2770.7 11155.98 14934.02 4449.56 18007.27 10895.22 7038.6
8432.53 15504.02 10783.66 9852.79 4479.66 14993.83 7854.69
8453.58 10226.43 17484.57 14215.28 19334.23 14758.94 5067.19
254 13460.35 10308.62 15312.02 24861.18 9500.07 15467.99
6801.72 16102.85 688.13 13067.36 21515.79 18222.92 14389.15
4477.25 12634.34 7777.58 10610.03 7047.8 20278.26 21620.01
11212.97 7285.72 17740.81 23078.47 14566.56 17770.18 14644.68
5195.5 14861.79 20072.6 16678.99 17579.11 17095.33 15006.1
10861.91 19419.76 18638.3 12513.26 9346.61 14207.8 14359.66
11033.66 26312.22 5170.36 6746.06 25814.32 16416.08 17418.05
6401.32 4843.45 15672.09 2822.01 13587.48 19957.35 18244.0
5841.37 17721.98 10909.6 13739.12 22601.01 18668.99 9735.48
28631.38 10729.3 17139.28 13990.5 21433.6 20843.56 6014.95
12103.08 4623.33 22035.85 17052.88 14611.25 22410.23 16449.97
4335.15 12319.5 22815.14 14982.5 17145.75 9816.53 20014.58
20618.91 18150.96 14717.54 24681.21 18780.34 3389.32 8617.32
55 17781.64 9060.63 15116.7 17167.86 12953.8 3613.6
21516.03 3477.6 18945.8 9926.08 7274.03 11773.99 17314.34
16925.64 6453.52 13519.74 10022.32 14785.78 1897.04 18267.3
21116.81 12012.37 21156.02 4587.34 7887.4 6503.11 10643.76
14912.63 5070.01 16608.93 11037.22 8627.96 24419.32 19683.86
8947.22 7116.03 7996.85 11672.28 19478.47 7138.23 4709.39
13645.08 15023.9 21847.61 12489.96 9798.34 2691.15 7677.62
13592.66 14225.75 6614.4 20677.71 5481.63 15334.8 18303.22
13620.58 5164.51 8310.87 10786.65 10134.19 22698.33 9335.04
14746.53 8439.12 17232.67 21145.89 6366.72 26666.13 17647.11
8737.46 16707.32 16996.72 3880.45 23960.39 9266.93 5662.97
14976.37 21610.54 8103.01 14372.57 3317.03 21445.64 6026.23
1834.31 12917.56 23339.47 13307.49 24428.46 20711.54 11743.67
72 4993.74 10132.93 6531.12 16269.44 2648.59 12339.69
6597.98 12124.32 9294.21 6288.73 15097.48 10145.54 5720.04
4338.5 10597.73 11703.63 5646.7 2264.55 16050.2 12809.38
5715.06 6007.66 9592.06 18366.72 8425.75 17505.53 7069.17
4445.19 10536.22 11294.0 8803.36 10528.37 10543.74 6923.71
11157.37 19169.73 11792.87 15352.38 3887.1 14249.47 11690.59
2730.42 18263.17 7873.09 6085.1 19330.26 13066.62 10756.01
9927.52 7263.7 9853.91 11627.96 10927.0 11286.78 9489.8
5356.12 16807.09 8188.91 6263.84 22846.0 10816.96 8292.99
21080.43 9790.92 8344.98 6928.62 15357.27 13902.19 3274.9
6866.65 11088.72 13296.47 12248.02 9065.26 15398.83 15818.91
5945.0 6457.3 16285.33 6278.86 12621.16 5845.33 13940.99
17424.2 9794.01 8680.85 16806.88 11576.72 12153.98 4486.3
77 15656.55 20528.85 12142.91 3588.24 16853.5 16343.96
24335.35 14862.73 26646.96 13485.52 8464.78 8126.76 14473.91
22164.78 18178.54 25036.73 16290.36 19378.91 14113.99 8373.37
20591.2 19971.36 15236.43 13246.64 12691.98 22111.82 11736.26
21170.63 14657.16 8383.41 9676.82 9452.97 19739.53 16042.24
21168.1 22849.03 8954.67 25585.61 20409.58 21486.59 17150.94
15518.31 957.82 25949.13 20491.47 8098.95 15903.38 10076.11
24023.62 22715.91 12310.81 28977.59 17242.13 7527.56 11770.14
20890.61 20768.43 17748.57 12637.41 25667.77 16256.59 19222.6
4650.41 19641.33 11867.03 18405.05 9410.3 19650.98 21424.02
15112.37 26701.24 6609.4 13239.55 21192.13 6467.43 20923.33
22299.3 20255.36 7843.19 12084.0 13713.37 22015.15 9796.35
16610.36 8357.08 20337.61 2426.05 18349.59 29356.01 18013.6
341 20815.57 11503.08 18047.91 19129.45 16019.94 6499.77
24511.09 6551.96 21558.83 12983.68 8920.4 14390.49 20313.38
19850.75 9124.55 15612.26 13070.27 17797.54 3462.76 20763.98
24194.24 14852.51 24074.1 4280.79 10911.99 6646.09 13610.25
17809.93 8145.21 19188.22 13824.33 11294.83 27437.26 22689.77
11189.83 6483.16 10472.97 12968.43 22548.86 8650.52 7466.47
16720.29 16420.13 24762.43 15302.91 10199.05 5653.26 10377.79
15948.54 16896.14 9589.57 23153.07 8276.01 17868.22 21108.76
16466.57 5559.49 11193.9 13805.23 8546.84 25611.86 12075.86
15432.19 11005.6 20085.93 24196.69 7924.59 29596.7 20647.81
11809.56 19007.88 19366.13 6838.79 27025.98 10872.5 6591.94
17766.07 24685.81 9384.37 17316.04 6314.05 24512.93 8091.12
1244.56 15571.8 26397.94 14848.57 27385.35 23129.45 14740.39
493 8411.84 20621.4 7149.64 7362.23 13503.66 19173.9
17332.16 17991.63 22332.41 12583.11 15048.92 8841.68 7420.26
17351.1 19412.25 23868.34 15002.95 15183.89 19759.05 2737.04
12441.42 17858.52 5308.78 20421.32 13605.22 25641.11 10867.72
17403.21 16847.17 4030.87 9703.76 11982.17 9495.87 7407.31
21583.54 26945.38 12746.34 26353.06 13264.95 23511.94 19352.02
11550.88 11658.57 19404.19 18193.51 17352.92 19290.97 12932.79
22287.53 19970.42 14387.3 24629.91 18970.38 5379.6 3598.3
17929.73 24470.52 17707.0 11302.49 30451.89 5786.12 18754.87
15491.67 19887.68 4822.39 9496.8 15957.92 8776.54 15859.99
14776.46 24012.02 4560.49 16850.54 11614.46 13668.75 24035.32
18874.77 11681.13 15393.49 7802.22 17447.56 14169.0 15280.7
22172.17 7694.37 10797.2 11519.01 7743.38 25185.91 15675.47
403 3363.44 12076.06 1756.26 11415.16 4677.58 11989.73
10889.06 11210.85 14029.8 4721.65 11840.94 5769.98 2828.41
9154.15 11368.54 15044.77 6440.55 6618.02 14366.46 8098.14
7776.47 9028.27 6967.47 16127.18 6612.63 18144.43 3973.65
8773.63 9721.33 6482.86 4817.93 7217.52 9926.53 5185.06
13083.07 19655.24 8503.04 17777.76 7085.6 15468.68 11788.32
2742.48 13656.65 12506.18 9360.67 15770.34 12425.63 7804.67
13454.41 11185.37 7928.17 16385.53 11212.6 6424.38 5319.96
9141.39 17155.92 9315.38 3713.41 23328.89 8487.36 10153.96
16740.6 11428.65 4036.7 6819.11 12352.98 12322.47 8093.95
6654.05 15271.39 8448.05 10674.36 9788.04 11640.79 16449.58
10193.14 7846.23 12853.31 1418.65 11199.55 8880.37 11078.61
16300.03 5150.43 9067.83 12338.2 10015.55 16877.67 6855.16
105 12898.37 12516.62 15297.28 25084.99 10174.81 17378.18
4868.42 17863.37 3177.5 14025.13 22772.29 18795.22 13951.9
4775.64 14645.35 10340.38 11890.4 7589.92 22071.21 21443.95
9809.72 8995.64 16834.16 24803.49 15763.93 20152.01 15387.1
6326.06 16512.2 20033.25 17333.46 18571.67 15590.56 14160.07
13161.63 21821.3 19718.06 15078.42 8235.28 16568.38 16321.07
11371.12 26942.91 2862.41 8503.63 27092.02 18309.16 18535.64
8890.35 6964.49 16990.71 4235.82 15524.3 20095.75 17835.11
7409.98 20026.14 12704.56 14494.39 25073.42 17587.82 11693.48
29523.76 12837.85 16839.63 12796.94 22790.86 19353.28 5596.53
13423.33 7190.19 22069.57 18657.38 12944.57 23479.1 18770.21
6015.41 10898.16 24051.19 15090.56 18815.55 8216.49 21352.89
22617.88 18558.16 13173.7 25400.23 17433.38 4909.36 9860.8
359 11542.64 7521.89 12803.41 22060.14 6624.32 12377.59
7321.53 12938.92 3350.12 9956.6 18300.26 15255.51 12304.98
2858.8 9614.39 6291.49 7412.01 4457.81 17132.44 19148.02
10463.26 4079.33 16072.16 19908.99 11370.73 15270.56 11619.15
2281.83 11662.22 17505.52 13679.88 14428.64 16219.4 13347.92
8231.67 16960.4 15459.28 10843.46 8369.03 11678.92 11302.39
8357.82 23275.27 6567.63 3550.49 22594.9 13316.53 14232.63
4529.24 2011.8 12454.74 5630.44 10511.8 17254.52 16033.59
2622.25 15064.55 7748.61 10717.27 20331.18 17187.06 6668.09
25487.22 7807.13 14846.67 12801.03 18210.92 19857.6 4738.96
8891.6 4588.32 19390.74 13846.29 14062.16 19226.61 13826.3
1114.85 11523.24 19601.13 12378.7 13954.0 9461.35 16793.03
17594.73 15282.54 13980.05 21609.8 17639.1 6004.91 5448.06
31 8383.56 10785.53 10649.67 20450.25 5942.41 14577.51
3502.5 14740.8 5765.98 9901.55 18792.19 14296.08 9381.43
1516.88 12213.08 10521.9 8274.42 3471.13 18896.6 16814.31
6282.14 6500.33 12585.68 21456.79 11852.71 18631.81 11037.38
3509.31 13238.91 15386.73 12894.85 14379.14 12131.63 9854.02
11677.7 20338.26 15591.9 14934.94 4270.98 15100.92 13680.81
6841.45 22433.57 3922.74 6210.75 23090.98 15437.18 14467.89
8719.89 5961.68 13196.3 7933.08 12867.07 15454.75 13265.2
5013.52 18208.75 9923.28 10172.77 23871.78 13517.62 9368.64
25160.31 10789.72 12230.84 8882.33 18930.67 15839.22 949.37
9769.75 8666.79 17421.73 15235.43 9842.1 19297.8 17054.4
4407.43 7370.7 20033.3 10453.74 15498.98 5187.42 17490.59
19861.18 13986.41 9820.83 20943.73 13706.98 8534.87 6380.78
426 8419.82 22763.8 10575.51 15526.03 14773.28 23309.46
13779.89 22492.0 20647.24 16041.59 21640.81 14858.07 8510.29
16128.02 22529.34 24599.59 17398.92 15137.36 25327.02 10635.62
8797.72 18891.71 4572.48 26660.92 17853.24 29407.78 15042.04
17145.49 21030.84 11060.28 14940.76 17580.44 3016.88 6305.17
23799.72 30948.99 18688.13 28215.66 10686.27 26549.72 23085.15
13093.77 19704.17 15973.42 19003.92 24692.62 23727.43 18402.04
22800.46 20053.58 19070.04 22609.79 22477.64 12338.93 7967.37
18251.45 28456.37 20304.46 14983.7 34632.66 3076.27 20838.0
23513.43 22261.99 8698.58 6135.55 22406.3 1009.64 14263.9
17899.99 23508.26 12442.22 21810.69 5831.23 20683.4 27703.99
18592.88 7693.61 22292.52 11312.65 22367.25 10356.29 21397.81
27445.22 13674.33 5425.1 19316.53 1357.48 23259.79 17079.77
389 4560.04 11011.14 2560.51 11479.44 4065.79 10730.46
11331.19 9950.28 13768.03 3464.1 10869.2 5230.7 4090.13
9035.52 10173.3 14209.22 5361.58 6335.12 13152.9 8650.09
8690.32 8237.58 8201.47 14981.43 5362.43 16909.1 2817.43
8372.85 8459.32 6916.24 4019.78 6209.41 11170.18 6439.98
12003.11 18409.75 7508.23 16735.02 7752.69 14286.03 10544.53
2353.5 13323.59 12787.13 8618.36 14907.78 11163.59 6717.28
12686.06 10572.61 6697.47 16129.13 9982.08 6604.79 6294.65
8543.55 15908.56 8186.27 2464.38 22079.26 9728.79 9109.53
16216.65 10329.52 5005.57 7993.44 11323.24 13580.72 8214.17
5443.9 14691.22 8743.65 9437.26 10928.45 10826.03 15217.9
9718.77 8867.37 11937.39 1895.29 9955.89 9640.42 10009.05
15054.85 4861.36 10232.9 11891.55 11276.89 16585.57 6036.36
425 7625.71 7093.04 8004.1 17031.3 1621.41 9753.78
8333.07 9777.88 8288.42 5141.51 13910.09 10242.34 8073.05
4168.82 7720.54 8984.22 3249.12 1593.06 13895.85 14300.51
8672.83 3052.67 12237.18 16428.81 6910.92 14552.76 6646.19
2811.34 8245.14 12596.87 8684.55 9689.37 13558.34 9689.29
8117.01 16232.25 10825.78 12370.25 6696.87 11238.24 8973.01
3516.82 18313.85 8927.76 3240.86 18227.94 10563.4 9645.91
7294.69 4927.13 8207.33 10627.06 8178.02 12264.46 11489.84
2883.41 13916.8 5312.49 5740.63 19889.94 13567.49 5268.36
20694.5 6771.25 10236.64 9938.93 13983.49 16839.28 4464.5
4739.88 9024.78 14423.37 10208.23 12094.25 14588.74 12881.83
4046.8 9473.29 15178.51 7494.79 10483.85 8537.34 12541.38
14984.95 10249.03 11721.0 16686.98 14493.81 11031.7 1535.5
451 4582.3 18556.83 5494.08 11185.27 10744.23 18406.14
12876.24 17485.78 18490.79 11199.25 16394.56 9607.47 4049.09
13570.84 17937.69 21085.79 12969.43 11822.94 20138.41 6236.09
7855.92 15115.55 801.88 21413.41 12841.79 24671.79 9984.92
14020.51 16086.22 6131.18 9715.91 12347.46 5303.09 2956.06
19577.93 26149.8 13439.71 24203.66 8911.77 22038.8 18296.68
8851.89 15032.69 15008.7 15343.07 19543.23 18749.46 13186.25
19372.31 16806.29 13982.58 20706.09 17752.47 7293.0 2805.73
14829.58 23644.73 15866.69 10045.28 29801.09 2177.68 16621.0
18760.97 17949.89 3447.64 4848.21 17154.01 6176.91 11898.83
13215.59 20658.65 7850.02 16699.14 7039.38 15487.23 22985.49
15520.3 7042.08 17071.04 6257.97 17268.43 9603.88 16148.26
22312.97 8428.66 6201.39 14420.75 4195.62 21300.93 13072.14
296 24660.28 11214.84 22824.44 26334.08 18628.53 9965.07
25445.62 11146.23 20257.02 17071.06 16460.94 20466.34 24524.61
20510.65 10561.33 13049.51 15732.1 19425.25 10834.25 26998.69
26757.64 15570.03 28716.25 12455.32 15586.91 3618.0 18434.14
18479.04 12306.83 25241.25 19423.85 17363.12 31220.8 26744.74
10308.73 2184.61 16980.38 8626.74 24769.59 6903.07 9973.61
20031.49 24193.02 24975.18 15790.96 18355.19 9851.69 16409.75
14268.34 16401.28 14738.77 21102.44 10548.24 24063.58 26379.09
16974.02 4659.71 12917.8 18243.61 1931.92 30240.88 12848.05
23553.11 11347.2 25180.44 27669.32 15523.25 34033.09 21902.93
15125.31 16669.57 25901.07 12440.78 30108.48 18458.98 5325.23
17774.75 27521.26 17189.9 22055.53 11853.78 26534.69 15230.91
8438.49 21510.73 29656.62 22502.75 31692.05 20843.04 16586.12
191 4484.39 18500.19 5487.99 11304.68 10673.1 18390.85
12741.85 17479.53 18375.52 11175.19 16444.35 9654.95 3979.43
13459.69 17900.57 21004.29 12919.97 11728.28 20156.4 6359.69
7717.95 15039.29 706.5 21448.45 12834.3 24645.82 9980.83
13923.06 16073.69 6230.37 9740.94 12375.6 5196.04 2828.59
19522.45 26128.43 13475.23 24141.03 8782.09 21998.65 18272.51
8787.29 15138.06 14875.97 15262.95 19613.72 18740.84 13209.34
19287.32 16714.45 13984.22 20587.6 17723.69 7380.65 2888.97
14741.32 23623.75 15819.84 10028.62 29782.62 2143.26 16563.73
18861.28 17897.85 3485.69 4708.58 17198.69 6146.53 11782.17
13181.57 20558.72 7964.33 16704.64 6906.95 15551.28 22957.97
15422.79 6902.58 17129.41 6249.53 17272.42 9466.37 16184.68
22322.2 8480.11 6067.85 14514.71 4132.55 21183.56 13002.95
107 6596.79 14191.56 9864.97 19594.76 7627.74 17207.07
2618.29 17091.03 9258.31 11268.38 19950.92 14409.35 7784.77
5353.37 15197.09 14388.08 10542.87 6007.74 21061.93 15337.9
2683.13 9828.14 9882.78 23383.51 13427.25 21924.16 11811.14
7086.24 15511.62 14226.41 13289.35 15314.1 8525.7 7337.68
15149.41 23620.73 16604.21 18712.01 1598.13 18485.77 16464.53
7503.86 22265.68 4758.17 9661.25 24109.85 17978.71 15637.79
12574.79 9785.19 14861.34 11143.97 15672.72 14636.77 11480.75
8546.39 21364.3 12799.48 11089.5 27235.02 10510.15 12563.15
25395.68 14051.77 10718.36 5703.13 20273.37 12285.83 3591.76
11851.16 12508.75 16316.2 17264.81 6039.14 20075.47 20284.45
8218.87 3778.88 21094.05 9957.11 17630.21 1295.2 18874.95
22371.99 13792.53 6132.67 20991.04 10310.6 11797.76 9028.51
330 21775.84 8414.42 20008.01 23995.54 15732.88 7256.14
22677.91 8540.15 17802.15 14236.8 14420.9 17867.41 21657.41
17741.21 7666.58 10760.71 12838.05 16564.95 8996.99 24373.35
23874.72 12746.12 25865.37 11108.15 12835.55 783.23 15658.83
15690.63 9575.81 22590.81 16747.9 14813.7 28327.64 23864.59
7556.31 1276.98 14547.84 6796.76 21897.01 4103.12 7148.51
17140.55 22165.88 22296.32 12991.6 16832.26 7274.86 13873.7
11789.48 13739.53 12076.53 18833.61 7686.25 21451.85 23598.08
14186.97 2081.5 10022.4 15428.92 4692.21 27385.42 9986.19
21896.02 8491.57 22384.68 24773.83 13540.35 31159.58 19083.95
12257.22 14407.55 23353.9 9955.09 27215.27 16397.5 2449.33
15058.24 24631.11 15288.56 19240.09 9389.08 23677.78 13052.66
6923.05 18871.51 26761.07 20417.91 28815.25 18632.82 13701.37
41 12584.43 5705.34 10408.87 15216.7 7427.75 2533.16
16062.52 2058.82 14310.61 4736.15 7791.59 8481.69 12277.06
11623.89 3212.42 10431.91 4511.69 9322.49 6189.12 14852.99
15628.48 7030.97 16366.08 8845.88 3188.36 8878.78 6005.39
9698.51 552.12 13036.91 7193.17 5730.7 19243.58 14589.19
6229.77 10285.45 6012.02 10656.01 13956.27 6913.43 2568.37
8221.72 14535.57 16533.66 7565.17 11863.67 3052.76 4939.79
9836.9 9608.68 2744.48 16307.24 2352.87 11980.08 13949.43
8564.18 7780.49 3483.25 5837.16 13919.92 17903.48 4910.69
15661.59 4826.88 12749.2 15846.91 7440.34 21778.02 12193.56
3221.89 12880.08 14006.6 2750.55 18577.21 9254.28 7246.08
10025.41 16164.52 9075.52 9639.88 2854.06 15920.45 6145.39
7349.03 9369.18 17995.18 12704.45 19471.23 16466.36 6333.8
95 6665.79 20762.04 7619.1 11761.01 12927.62 20543.66
14328.17 19586.25 20358.35 13369.29 18085.99 11361.08 6238.27
15501.6 20133.41 23232.42 15176.19 13903.9 22095.6 6841.46
9181.66 17283.32 2054.12 23233.43 14952.61 26842.37 12086.0
16079.15 18214.55 7297.1 11652.29 14248.41 5084.33 4784.45
21783.81 28306.17 15276.79 26402.74 10551.23 24238.51 20463.63
11048.44 15905.53 16510.22 17496.84 20978.09 20859.66 15121.64
21503.35 18900.57 16048.53 22521.21 19931.7 8606.67 4411.03
16945.85 25800.41 18072.53 12194.51 31946.84 1420.05 18825.78
19712.34 20156.77 5385.27 6081.08 18894.22 4546.58 13763.81
15406.96 22691.72 8641.5 18740.18 7498.76 17022.35 25160.52
17576.79 8220.2 18666.27 8387.85 19317.22 10930.81 17968.13
24325.77 10156.95 6755.0 15522.35 3229.36 23133.02 15259.67
139 19503.4 15159.78 21619.02 31225.32 15861.4 20743.1
11377.04 21613.66 6051.9 19337.3 27529.53 24576.06 20511.94
10766.55 17817.2 11115.83 16748.49 13413.2 25649.99 27887.3
16459.63 13194.73 23523.42 28518.74 20694.93 21570.05 20973.66
11525.45 20556.61 26383.17 23020.84 23798.91 22154.32 20840.04
15388.97 23056.28 24802.14 15198.7 14926.88 18277.22 19573.02
17394.68 32640.79 9188.82 12639.87 31778.57 21695.67 23568.2
10642.17 10451.82 21696.15 3768.72 18876.38 26307.74 24394.85
11953.3 21861.87 16535.85 20068.92 25698.11 24274.98 15167.64
34855.36 15801.69 23343.35 19477.81 27356.83 25902.73 12064.38
18184.32 7575.52 28368.24 22760.32 19431.39 28556.8 20577.48
10473.46 17533.86 28836.11 21318.97 22765.36 14812.84 25969.7
25577.77 24518.68 19735.68 30986.96 24059.74 3552.23 14821.56
52 17017.67 16257.96 13366.61 9650.12 15440.84 11063.42
24153.12 9673.05 24407.92 11489.46 2828.72 8365.42 16036.69
20740.43 13562.33 21018.15 13673.2 17982.93 7588.67 12886.61
21678.6 17138.81 18445.55 6247.71 9726.35 15907.64 10503.01
19206.06 10135.97 11891.23 9087.33 7029.37 22701.06 18203.73
16629.82 16388.24 5790.15 20463.63 20805.0 16033.44 12115.92
14859.92 6159.51 25282.96 17693.72 1890.74 10362.56 6935.54
20435.9 19893.56 8637.63 26571.72 12478.86 10548.51 14894.32
18451.89 14569.95 13999.87 11292.56 18910.62 19807.23 15481.7
5367.1 15399.94 14367.1 20355.62 3291.89 23680.08 20598.75
12181.49 23439.43 11117.72 8116.05 23361.39 2273.61 14980.09
19958.33 21703.22 1537.44 12909.65 8383.78 22702.81 4466.89
9922.93 9405.5 22558.77 4850.14 21874.5 26808.87 15684.37
350 6550.9 7945.26 6840.36 15980.27 580.41 9996.27
8441.35 9845.9 9270.34 4513.75 13402.31 9299.89 6939.56
4819.5 8240.67 10121.23 3306.21 2007.16 13855.67 13149.03
8077.7 4136.53 11139.98 16274.36 6487.81 15165.49 5796.69
3821.03 8269.65 11459.12 7781.18 9021.1 12665.37 8640.03
8979.92 16822.15 10214.3 13370.21 6234.39 11961.07 9326.71
2349.17 17420.35 9308.3 4375.84 17701.74 10744.0 9079.6
8450.82 6094.38 7864.4 11624.94 8560.8 11165.09 10320.36
4050.35 14447.63 5837.35 4900.42 20504.67 12497.51 6051.88
19928.64 7529.8 9066.17 9052.38 13553.38 15854.81 4662.94
4622.83 10183.3 13310.16 10088.57 11369.29 13942.17 13473.36
5153.86 8787.62 14644.18 6345.22 10422.38 8165.94 12115.7
15127.43 9227.91 10937.43 15833.76 13499.99 12057.02 2235.78
407 15804.37 11752.98 12532.14 12558.88 12549.57 6348.18
21480.9 5028.01 20591.76 8722.39 2452.69 8189.55 15064.19
17486.46 8999.56 16514.64 10181.07 14898.91 3238.12 14315.9
19927.02 13274.67 18364.77 3732.78 6586.21 11286.24 8516.79
15718.02 5801.23 12838.62 8017.8 5374.67 22160.79 17421.04
12025.59 11937.61 4254.27 15708.1 18658.09 11263.9 7447.41
12528.73 10198.21 22284.13 13821.48 5646.71 5605.26 4653.79
16103.16 15921.62 5185.64 22628.73 7894.03 11482.39 15119.25
14737.24 9939.97 9816.18 9041.71 14803.49 19864.39 11229.54
10129.79 10929.12 14241.51 19262.73 1552.51 23865.2 17704.59
8649.05 19180.92 12838.43 3615.94 22237.82 4450.68 10257.67
16230.73 20187.41 3341.93 11881.7 3745.65 20636.97 1582.82
5781.77 9397.77 21513.44 8494.46 21782.25 22797.2 12197.58
302 1844.45 14158.04 5375.23 14889.96 6229.77 15575.35
7330.21 15066.82 12610.41 8588.62 16435.73 10257.76 3042.96
7739.48 14274.47 15855.39 9113.51 6391.07 18600.77 10578.43
3216.81 10155.48 5726.38 20557.03 10724.61 21230.42 8419.67
8460.65 13491.68 9491.51 9417.68 11794.27 6451.87 2985.95
15192.0 22851.13 13087.35 19496.55 3217.38 18134.99 15118.75
4905.91 17778.7 9337.26 10251.71 20366.66 16171.55 12325.92
14065.68 11349.95 12136.37 14809.9 14418.51 9984.28 6741.41
9504.29 20415.34 11926.98 7936.39 26549.08 6781.37 12263.55
21083.71 13733.05 5960.15 2845.45 16922.52 9733.99 6012.57
9961.05 14990.17 11579.26 14812.0 5465.12 16227.51 19524.85
9938.87 3259.18 17456.27 5649.91 15284.58 4570.49 15617.29
20327.13 9462.07 4882.42 16628.61 7410.02 15408.4 8448.81
271 4543.27 18341.6 7827.59 15659.45 10408.74 19574.49
9174.86 18954.85 15817.11 12410.28 19413.32 12766.78 5208.32
11280.78 18418.14 19858.42 13247.18 10430.82 22249.87 10779.91
4046.13 14293.31 3937.97 23972.5 14446.25 25369.23 11855.61
12363.15 17409.19 10370.14 12350.95 14935.96 2266.97 2920.82
19374.97 26974.37 16175.84 23637.91 5840.56 22311.98 19188.79
8965.68 19266.04 11379.8 14356.67 23014.44 20113.52 15614.14
18046.49 15274.33 15798.15 17820.89 18512.67 11320.65 7000.17
13532.2 24520.73 16090.92 11559.62 30673.59 3991.46 16448.99
22880.02 17917.76 6976.32 1357.04 20031.79 5759.82 9413.7
13991.85 18663.74 12273.98 18534.24 2453.09 18860.84 23661.6
13789.58 2978.43 20286.32 8410.31 19044.59 5723.79 18836.32
24136.38 11728.95 1599.58 18445.17 3609.15 18463.94 12633.1
23 16611.26 2311.5 15602.75 21810.74 10256.51 5659.11
16436.2 7038.65 11661.27 9989.14 13997.68 14895.06 16729.78
11502.63 3450.03 5156.07 7749.19 10593.25 10211.4 20959.52
18020.27 6644.96 21023.02 13051.47 9432.38 5818.71 11798.14
9483.01 6946.69 19114.58 13444.34 12352.89 22900.93 18730.09
1316.36 7500.84 12653.33 4012.04 15966.49 2232.89 4597.46
11955.46 21143.08 16005.25 6814.87 17625.66 6456.68 11589.27
5711.06 7450.42 9373.85 12938.05 4367.55 18216.72 19337.63
7979.65 5769.91 4885.53 11271.42 10912.18 22477.51 4188.43
21973.82 2769.1 18057.06 19287.49 13416.93 26023.6 12936.88
7792.02 8634.23 20341.87 8636.44 21492.11 15683.89 4485.75
8774.6 18863.65 15194.07 14872.06 8324.71 17650.29 12353.17
9556.18 15628.81 21122.35 19310.42 23662.31 12835.27 8002.18
320 16530.68 4102.27 14848.04 19781.51 10539.46 2856.4
17998.06 4335.76 14186.52 9062.25 11226.2 13182.5 16422.44
13115.79 2451.9 8214.21 7606.21 11587.92 7089.09 19561.41
18759.29 8005.66 20647.01 9918.12 7871.51 4517.91 10600.34
11031.57 4791.23 17740.84 11903.08 10321.6 23090.24 18620.17
3721.07 6139.34 10364.82 6622.67 16835.26 2297.58 2158.77
11899.22 18652.01 17902.45 8358.03 14639.89 3480.66 9451.29
8480.63 9629.68 7381.87 15699.05 2498.54 16692.1 18491.31
9569.99 3772.99 4856.43 10288.07 9833.78 22161.05 5128.02
19171.84 3775.53 17254.97 19547.38 10557.58 25918.15 14256.8
7027.7 11541.8 18710.31 5969.7 22036.28 13026.2 2809.84
10691.26 19474.97 12359.45 14083.77 5552.77 18676.11 9622.85
6489.81 14081.15 21559.77 16829.63 23572.08 15663.24 8613.41
469 9249.42 7998.05 10596.38 20022.71 4648.56 12037.36
6269.67 12342.53 5215.41 8336.93 17030.47 13375.03 10012.55
1350.36 9539.09 8025.57 6157.76 2235.67 16543.16 16938.65
8490.49 3761.29 13791.61 19204.89 10022.57 15849.94 9825.31
733.91 10912.94 15330.55 11842.33 12882.46 14117.37 11074.4
8885.59 17556.44 14002.27 12260.59 6362.41 12311.51 11078.34
6216.42 21481.67 6235.35 3432.26 21350.05 12930.05 12808.89
6199.37 3388.72 11251.72 7576.35 10263.91 15148.35 13758.0
2225.9 15452.85 7333.23 8920.86 21081.09 14929.42 6641.36
23894.71 8030.31 12583.49 10631.03 17051.37 17701.95 2861.16
7692.26 6847.33 17254.78 13010.22 12104.95 17771.3 14284.63
1848.42 9507.28 18311.16 10211.21 13210.05 7713.7 15612.44
17330.25 13297.52 11948.88 19872.1 15451.36 8039.85 4133.93
250 10382.08 24670.33 12624.45 17175.61 16683.11 25338.37
14942.3 24533.01 22053.14 18069.95 23643.54 16870.06 10531.47
17701.13 24510.57 26340.17 19364.66 16902.16 27374.57 12378.21
10191.07 20723.55 6615.5 28692.07 19896.53 31406.74 17089.27
18844.44 23066.09 12945.82 16981.66 19619.31 4324.41 8281.71
25706.46 32957.83 20718.37 30064.47 12197.99 28509.73 25098.03
15051.16 21439.08 17097.21 20809.81 26623.38 25765.1 20445.48
24528.85 21755.44 21117.75 23920.71 24481.34 14253.32 9948.95
20008.99 30468.73 22262.87 17022.93 36645.21 5102.23 22752.65
25264.7 24191.29 10726.28 7826.89 24420.22 1111.24 15821.3
19904.61 25082.3 14209.69 23859.06 6854.03 22645.85 29701.23
20264.51 9090.07 24271.28 13361.07 24415.08 11607.32 23426.78
29493.96 15680.32 6669.59 21140.88 3336.78 24581.02 18970.16
435 6731.18 17644.16 10431.06 19396.02 10393.57 20088.69
5551.6 19772.09 12874.74 13490.48 21608.79 15396.16 7846.11
9100.75 18363.37 18127.02 13410.92 9355.62 23517.13 14682.16
2131.19 13309.6 8147.25 25604.78 15668.77 25229.82 13543.15
10736.43 18178.99 13982.24 14597.72 16958.78 5369.98 6301.23
18633.43 26908.03 18254.94 22382.72 3987.84 21883.36 19470.18
9647.32 22657.48 7687.85 13206.22 25544.37 20780.82 17459.48
16308.24 13507.35 17104.27 14597.4 18709.41 14719.42 10770.94
12150.1 24572.7 15950.43 12992.18 30566.58 8252.69 15912.64
26091.59 17416.63 10406.42 3974.62 22077.36 9064.96 7288.85
14530.02 16252.58 16004.05 19701.31 2573.04 21400.81 23556.87
11942.02 2005.39 22636.39 10787.95 20134.18 2466.28 20753.2
25077.69 14539.16 3019.23 21624.83 7434.07 15265.27 12196.26
246 2262.09 16593.33 5257.38 13469.38 8604.91 17330.72
9700.71 16624.88 15465.35 10089.72 16843.04 10196.8 2671.86
10618.36 16392.47 18614.04 11242.46 9176.62 19790.38 8745.51
4742.77 12789.87 2879.24 21446.19 12051.57 23303.5 9381.2
11298.86 15108.17 8077.78 9788.09 12385.48 4485.24 373.47
17628.97 24870.94 13616.68 22080.0 5743.31 20388.32 17027.45
6929.28 16881.31 11830.06 12938.22 20448.09 17817.52 13082.94
16844.27 14167.11 13368.28 17636.9 16390.02 8914.44 4828.76
12272.18 22391.42 14141.49 9152.48 28564.75 3913.88 14665.59
20434.44 16088.13 4552.08 1996.65 17469.03 7180.18 8870.57
11821.43 17861.83 10073.73 16115.94 4862.06 16292.35 21596.33
12786.83 4050.96 17713.17 5856.08 16641.55 6469.92 16286.59
21741.84 9170.66 4029.17 15981.74 4818.74 18245.01 10920.95
257 18831.33 4476.18 17822.62 23763.82 12462.35 7085.33
18237.23 8553.75 12845.37 12175.55 15470.06 16942.59 18960.33
13339.16 5453.54 5723.54 9980.85 12667.32 11092.64 23101.35
20106.67 8689.75 23253.72 13803.23 11489.73 4811.46 13952.67
11386.37 8763.72 21258.2 15533.25 14277.21 25082.68 20949.69
3441.19 6314.9 14461.26 2435.3 18029.12 2101.13 6210.55
14181.31 22849.23 17626.72 8791.91 18820.94 7715.78 13463.97
6848.99 9070.25 11291.57 13799.89 6196.81 20324.91 21554.79
9902.26 5279.32 7108.92 13456.79 9351.47 24705.9 6394.34
23413.57 4999.98 20276.35 21465.54 14796.68 28236.47 14877.86
9983.11 9370.58 22426.92 10188.69 23612.47 17259.27 4073.4
10514.16 20977.22 16600.4 17088.36 9791.28 19656.26 13862.95
9937.44 17724.32 23265.66 21021.47 25875.65 13594.5 10185.31
379 10490.22 13895.67 6804.66 6616.17 10152.54 10466.9
18249.32 9057.99 19859.23 6626.1 5263.07 1800.65 9468.53
15536.53 11763.9 18270.15 9424.48 12723.98 9976.81 7338.61
15267.54 13104.97 11941.03 10553.78 5939.57 16781.25 4948.52
14397.1 8410.86 5870.55 2979.47 2871.66 16122.06 11607.46
14621.8 17849.5 3056.5 19224.28 14607.28 15451.93 11035.21
9052.1 6732.95 19645.31 13625.57 8487.34 10288.19 3733.42
17190.78 15852.1 5857.11 22172.61 10952.22 4503.81 8463.36
14045.92 15496.69 11020.28 5853.66 21137.08 13356.57 12463.03
9309.4 13018.49 7816.93 13779.21 6115.5 17301.22 15000.92
8278.51 19836.69 5954.49 7604.53 16778.91 4341.71 15349.0
15473.05 15209.33 5874.49 6410.07 8181.08 16423.26 5408.15
12463.01 2814.24 15970.45 5101.47 15386.88 22532.48 11163.01
148 17179.62 8285.81 18119.32 26853.81 11727.38 13946.37
12053.86 14997.42 4705.99 14264.53 21444.68 19812.1 17886.78
8444.22 11047.05 3866.39 11412.13 9976.99 18828.21 24414.13
15972.09 7767.86 21736.05 21711.9 15079.09 14296.93 16137.64
7756.13 14179.56 22691.54 18197.75 18329.5 21804.28 19017.49
8326.95 15794.36 19128.5 8055.18 13930.66 11027.59 12763.28
13627.02 27466.33 10532.5 7285.59 25534.14 14878.53 17895.8
3841.84 5203.36 15797.21 4586.74 12149.39 22272.98 21524.27
7238.03 14602.61 10281.59 15286.32 18543.1 22861.84 8791.72
29166.29 9046.22 20299.07 18445.48 21117.39 25480.66 10313.86
12591.76 1106.12 24458.96 16327.19 19519.37 22744.48 13321.99
6261.62 17057.93 22739.77 17609.42 16230.31 14785.28 19812.76
18509.34 20060.93 19510.36 25700.72 23287.99 4230.25 9887.43
179 6539.64 9235.56 8018.52 17652.85 2909.53 12124.24
6070.23 12099.49 7752.13 6865.58 15762.69 11296.09 7294.68
2850.09 10078.62 10334.18 5531.89 950.09 16171.43 14332.82
6489.3 4929.77 11108.97 18633.87 8871.87 16855.02 7979.28
2922.34 10544.82 12780.15 9861.64 11320.6 11758.35 8410.93
10232.18 18544.1 12540.08 14193.64 4426.97 13474.51 11351.68
3865.99 19443.42 6953.55 4895.98 20051.51 12922.34 11428.46
8531.15 5800.65 10248.78 10097.45 10556.19 12703.04 11061.02
4001.81 16258.67 7678.21 7111.52 22182.72 12290.06 7509.62
22111.99 9011.39 9905.95 8182.96 15931.45 15231.57 2282.24
6946.81 9538.17 14754.91 12431.67 10023.07 16237.76 15198.95
4415.7 7383.01 16994.09 7706.27 12743.5 6193.48 14495.28
17337.49 11056.82 9740.44 17923.39 12935.8 10610.11 3907.65
140 5129.05 19166.87 8151.31 15438.72 11204.31 20225.26
10093.7 19555.83 16778.92 13012.3 19710.67 12993.94 5625.8
12235.92 19161.57 20775.11 13990.81 11331.91 22749.25 10502.43
4989.11 15164.4 3510.96 24386.82 15000.6 26102.52 12340.02
13291.25 18027.03 10255.93 12692.04 15307.93 1533.15 3248.87
20201.86 27693.42 16523.62 24508.7 6802.65 23092.48 19878.94
9685.71 19181.63 12299.11 15242.4 23203.91 20735.73 16023.58
18966.78 16202.23 16324.73 18778.27 19218.9 11291.24 6862.55
14439.72 25227.93 16857.35 12102.87 31391.69 3247.44 17263.21
22850.4 18721.63 7016.58 2262.65 20364.38 4812.65 10371.32
14672.63 19617.37 12079.95 19071.16 2861.11 19066.24 24394.2
14725.63 3906.6 20537.86 8784.84 19594.0 6641.2 19207.0
24693.39 11912.01 2092.74 18445.45 2648.8 19422.28 13457.8
309 18845.22 15525.29 15329.61 12722.71 16266.98 9955.0
25175.05 8777.12 24501.55 12351.43 3745.79 10488.33 17971.47
21324.32 12754.55 20260.95 14037.53 18686.72 5559.99 15694.0
23257.49 17183.8 20795.65 3442.54 10303.12 13792.27 11812.71
19594.56 9693.07 14538.74 10828.62 8362.59 24887.26 20249.43
15711.36 14034.71 7068.51 19038.82 22149.55 14510.5 11112.19
16044.97 9209.57 26074.58 17731.0 2479.96 9100.26 7918.52
19941.64 19829.24 8967.96 26534.69 11644.77 13167.13 17328.34
18639.34 12496.93 13713.31 12469.68 16243.42 22221.82 15109.31
7722.55 14728.54 16656.09 22270.64 3275.06 26165.33 21452.4
12502.98 23036.8 13981.33 7492.23 25279.4 4730.66 13112.35
20135.36 23410.79 3020.88 14772.76 7540.14 24105.86 4686.93
7507.96 11638.6 24510.76 7946.45 24243.49 26697.14 16063.07
146 5751.0 20031.07 7244.98 12505.5 12115.23 20118.15
13101.8 19229.63 19230.61 12879.27 18180.85 11398.84 5500.77
14412.8 19544.71 22322.83 14505.04 12930.07 21933.51 7535.69
7949.37 16421.37 1225.55 23214.99 14583.1 26335.08 11737.53
15077.98 17809.35 7716.37 11516.64 14149.44 4036.18 3745.22
21059.96 27834.32 15241.24 25622.78 9367.73 23624.84 19970.93
10288.88 16521.46 15288.44 16607.88 21268.68 20485.4 14985.89
20572.52 17928.69 15748.91 21370.15 19404.75 8949.62 4521.14
16003.28 25331.56 17415.17 11756.75 31497.65 394.05 18093.08
20293.87 19459.55 5249.21 4851.49 18947.88 4374.68 12646.76
14844.54 21658.3 9267.77 18473.94 6304.02 17238.27 24641.67
16570.46 6979.14 18838.34 8001.25 19039.86 9695.53 17949.33
24094.95 10214.36 5540.92 16014.44 2500.15 21987.88 14451.81
447 26210.43 12938.89 24255.34 27298.72 20253.28 11338.05
27183.35 12421.37 22001.55 18538.18 17262.73 21672.53 26034.61
22247.23 12167.91 14780.1 17326.2 21118.7 11595.72 28210.76
28422.82 17286.37 30192.6 12871.73 16960.14 5217.47 19823.39
20209.85 13678.31 26481.62 20705.93 18540.63 32800.31 28281.91
12045.13 3597.53 18065.23 10300.49 26450.23 8622.22 11458.76
21606.79 24929.79 26726.02 17517.43 18789.64 11122.12 17581.88
16017.41 18152.31 16030.29 22820.18 12078.44 25269.85 27758.78
18704.88 6088.32 14549.01 19681.32 217.86 31724.1 14539.77
24034.59 13043.64 26580.44 29267.05 16296.33 35550.3 23622.75
16650.75 18390.78 27043.25 13607.88 31745.72 19257.23 6916.28
19520.75 29169.9 17888.75 23486.37 13012.59 28231.27 16142.64
9091.38 22750.5 31278.69 23290.39 33218.07 22550.16 18249.4
435 17593.5 20044.76 13925.58 6777.44 17668.71 15248.31
25790.84 13792.59 27229.17 13939.73 6875.93 9239.26 16461.35
23066.89 17479.13 24729.78 16546.32 20251.91 12182.24 11250.14
22505.91 20197.98 17835.18 10796.38 12667.52 20461.24 12454.34
21817.9 13940.0 10903.22 10552.68 9474.52 22313.4 18287.99
20547.7 20993.9 8582.21 24666.28 22051.14 20340.82 16206.5
16627.48 2361.66 27219.35 20742.46 5150.93 14649.24 9817.86
23929.93 22984.27 11934.22 29500.37 16448.89 9807.5 14268.32
21316.14 19117.8 17491.23 13348.55 23525.06 18980.58 18993.87
1784.78 19161.6 14139.23 20612.1 7650.49 22550.11 22575.78
15189.95 26793.98 9416.51 12166.86 23511.58 5106.82 19455.83
22789.12 22302.08 5866.44 13701.85 12540.35 23793.01 8468.59
14543.51 9854.66 22666.05 2683.91 21088.96 29814.86 18441.12
216 14330.64 7198.41 11791.67 15148.66 9554.8 1971.67
18264.47 497.63 16390.59 6459.49 6468.1 8970.59 13899.5
13835.45 4439.3 11955.91 6700.0 11525.86 3975.46 15503.77
17659.8 9170.64 17826.56 6668.8 4472.46 8154.89 7298.45
11898.51 1687.87 13755.61 7977.38 5883.61 20979.23 16258.69
7471.9 9311.23 5671.39 11371.33 16055.92 7115.33 2935.17
10175.75 13826.11 18746.9 9692.82 10206.11 1658.44 4940.66
11599.37 11660.46 3330.08 18319.42 3333.37 12567.79 15125.72
10730.65 6892.29 5517.52 7364.03 12776.29 19370.7 6824.89
14443.66 6387.53 13999.06 17680.34 5899.31 23312.98 14397.42
5329.15 14701.04 14427.55 1141.86 20487.78 8210.73 6721.42
12172.26 18141.15 7664.26 11034.96 815.03 18031.38 4832.32
5305.26 10023.52 19869.33 12006.05 21049.67 18442.06 8547.28
408 13196.21 4254.2 13527.21 21900.58 7145.09 9623.4
10713.45 10451.94 5835.57 9272.37 16572.55 14828.88 13706.71
5905.27 6716.12 3401.36 6408.15 6064.17 14516.16 19707.86
13206.95 2847.75 17821.26 17373.4 10067.38 11825.54 11168.4
4185.0 9430.49 17937.86 13214.85 13313.25 18690.39 15205.67
4826.76 13505.09 14136.9 7516.63 11077.04 8236.64 8470.67
9103.06 22445.31 10060.44 2455.19 20744.23 10578.49 12900.23
1653.76 1500.87 10839.69 7527.0 7743.17 17424.18 17100.85
2950.17 11694.34 5426.34 10337.31 16843.32 19100.86 4011.29
24199.41 4737.69 15834.31 15124.03 16313.68 22168.15 7617.71
7571.77 4075.98 19622.18 11626.0 16813.67 17791.02 10434.11
3015.19 14192.74 17876.17 12948.52 11609.81 12471.02 14965.33
14644.62 15131.38 16608.91 20682.26 19861.33 7614.56 5044.26
127 5910.24 20116.83 8626.03 15244.34 12134.72 20987.67
11154.04 20265.69 17876.39 13739.71 20088.68 13321.1 6240.4
13325.25 20024.54 21821.83 14862.09 12366.96 23343.5 10274.24
6074.0 16165.59 3297.42 24884.98 15671.12 26948.46 12947.33
14352.29 18757.75 10222.06 13144.82 15781.69 1208.91 3879.39
21152.78 28522.79 16966.58 25504.74 7899.96 23991.63 20684.1
10546.59 19130.97 13358.5 16258.68 23453.77 21466.62 16535.35
20017.79 17262.08 16961.75 19872.06 20042.14 11344.57 6855.7
15479.03 26046.1 17747.54 12772.95 32217.96 2569.77 18203.14
22853.01 19649.25 7207.89 3332.26 20779.78 3744.86 11463.47
15477.13 20704.49 11936.69 19712.77 3603.01 19343.86 25240.61
15794.44 4983.47 20862.97 9304.5 20248.11 7704.16 19667.15
25348.16 12197.96 2959.26 18493.94 1554.61 20516.93 14413.24
369 7688.19 17836.35 5042.7 5527.48 11351.21 15931.11
16815.61 14697.96 20800.06 9701.72 11674.04 5449.65 6501.08
15880.39 16391.06 21433.0 12339.61 13405.2 16343.77 1347.89
12441.36 15519.73 6598.49 17022.19 10448.54 22403.85 7857.49
15556.51 13629.15 614.98 6441.6 8598.29 11100.37 7579.15
18755.55 23661.15 9330.5 23537.48 12713.34 20442.84 16187.89
9490.7 9236.5 18711.26 15917.07 14216.07 15994.19 9554.0
19964.82 17874.83 11113.74 23150.14 15863.27 1969.88 3156.02
15839.88 21204.4 14871.07 8429.78 27127.57 7704.74 16039.37
12983.97 17054.65 3573.91 9936.87 12567.5 11371.04 14644.61
11891.11 21988.44 2130.83 13498.82 12606.28 10382.0 20828.79
16959.67 11935.68 12084.05 5473.72 14096.15 14030.27 11864.22
18766.48 4338.95 11751.01 8710.0 9813.48 23653.41 13318.19
22 7224.39 8429.87 8422.01 17906.41 2728.85 11498.37
6563.68 11546.66 7361.29 6650.9 15519.21 11378.15 7911.36
2681.49 9360.62 9532.93 5012.99 176.43 15663.8 14763.69
7311.17 4108.02 11823.88 18183.65 8558.3 16088.61 7934.56
2221.23 10014.4 13160.7 9890.19 11171.64 12578.09 9147.34
9420.69 17781.93 12357.3 13364.49 5235.83 12685.09 10685.79
4076.55 19518.11 7219.96 4066.66 19826.95 12319.59 11210.92
7737.88 5038.57 9896.01 9721.43 9883.0 13003.18 11609.49
3188.3 15518.19 6975.97 7043.56 21409.58 13036.63 6731.76
22074.56 8229.12 10422.33 8994.94 15638.59 16033.2 2695.16
6485.67 8871.64 15095.91 11965.48 10851.55 16092.07 14441.7
3719.42 8211.51 16770.59 8046.4 12248.95 6959.9 14197.58
16743.89 11225.86 10569.4 17954.25 13728.99 10201.34 3241.56
37 8517.92 18410.87 5832.34 4770.65 12089.45 16294.05
17647.21 15022.2 21591.43 10275.45 11612.94 5699.7 7332.0
16682.22 16879.55 22093.56 12967.61 14184.44 16467.24 840.72
13255.81 16211.98 7246.51 17005.61 10890.18 22759.09 8394.64
16323.61 14016.81 1119.7 6843.61 8835.11 11746.9 8364.79
19313.9 23977.86 9468.3 24092.0 13544.4 20900.19 16602.8
10250.61 8638.91 19542.34 16620.09 13928.14 16312.25 9794.54
20651.0 18604.09 11468.87 23943.95 16311.21 2101.5 3910.07
16574.11 21539.27 15436.69 9016.49 27403.28 8267.1 16639.78
12425.84 17615.13 4400.61 10714.93 12535.01 11814.29 15463.27
12450.86 22722.42 1398.89 13764.09 13341.98 10209.94 21207.61
17715.84 12734.5 11935.41 6228.04 14360.13 14852.69 11919.02
18924.1 4676.07 12487.6 8242.16 10368.61 24442.38 14013.42
127 15498.63 17414.47 11798.19 6587.85 15102.13 12751.21
23390.8 11279.9 24595.39 11319.65 4525.95 6906.46 14414.9
20500.39 14881.55 22082.64 13892.26 17687.83 10110.29 10191.68
20349.75 17537.17 16267.16 9208.85 10002.74 18232.18 9903.77
19202.61 11334.32 9447.71 8082.55 6823.87 20665.12 16398.47
17941.26 18891.52 5915.6 22138.87 19752.14 17878.42 13665.57
14152.6 3255.55 24746.09 18082.66 4521.02 12208.52 7151.0
21266.45 20323.87 9274.82 26857.11 13869.12 8190.96 12672.32
18670.76 16885.6 14832.6 10786.64 21638.46 17532.59 16334.81
4251.8 16529.19 12347.07 18666.0 5423.26 21286.41 20080.01
12526.29 24127.13 8367.84 9645.36 21625.97 2587.53 17127.82
20149.07 20229.31 3794.92 11486.51 10056.39 21551.99 6008.59
12583.6 7690.22 20794.62 1762.11 19632.67 27164.72 15801.18
258 6038.27 19678.93 6278.96 10284.29 12000.33 19156.55
14437.33 18150.34 20011.24 12064.79 16452.51 9749.2 5354.01
15073.79 18892.8 22398.45 14046.94 13235.61 20542.83 5320.75
9396.61 16397.53 2054.93 21624.85 13540.19 25511.02 10672.94
15447.3 16817.72 5657.77 10109.1 12679.82 6243.8 4518.96
20688.59 26942.92 13681.32 25367.36 10476.12 23012.78 19132.1
10069.11 14346.01 16572.8 16652.69 19330.65 19433.51 13567.56
20711.5 18194.58 14583.48 22239.92 18632.26 6959.66 2826.71
16196.43 24438.14 16912.53 10852.14 30561.53 2591.78 17752.17
18137.4 19034.74 3916.79 6354.51 17268.97 6188.53 13427.33
14159.24 22095.66 7080.42 17247.56 8322.19 15374.75 23842.04
16945.98 8551.98 17021.56 7044.21 17830.14 11148.68 16363.62
22804.96 8542.32 7511.15 13910.07 4669.13 22830.02 14306.18
341 12575.26 3228.45 11107.75 17248.58 6588.0 3571.69
14509.45 4113.01 11943.35 5380.85 10372.64 10259.88 12513.22
9793.32 1557.16 7878.87 3631.76 7878.1 8278.11 16296.92
14853.22 4841.11 16770.14 11084.68 4811.95 8491.74 7141.25
7754.52 3084.67 14452.55 8784.88 7888.65 19117.32 14673.78
3926.57 10107.31 8389.39 8626.38 12981.79 5651.18 2642.57
7929.59 16927.15 14704.91 5329.69 14439.72 4483.9 7226.8
7254.44 7205.75 4997.17 13852.57 1834.63 13549.73 14815.89
6447.02 7689.27 1138.49 6657.65 13804.85 18269.55 2364.85
18211.15 2340.35 13550.51 15572.96 10021.19 21981.94 10672.07
3211.46 10310.97 15680.02 5258.86 18081.36 11789.65 6784.16
7821.47 15536.88 11659.12 10357.48 5235.42 14868.96 8729.09
8861.76 10965.27 17593.25 15104.95 19630.21 13978.75 4820.01
387 18528.02 11664.46 15475.71 15823.15 14449.35 6028.27
23270.63 5319.39 21331.19 10954.54 5605.29 11423.54 17897.46
18896.84 8955.3 16235.03 11707.21 16544.13 1124.64 17650.18
22316.88 14195.8 21424.71 1791.53 8777.61 9005.76 11197.37
16960.56 6735.0 16143.2 11063.22 8442.22 25039.2 20277.0
11645.41 9297.46 7463.52 14482.74 20852.86 9950.69 7202.61
14805.0 13120.82 23804.54 14706.44 7220.91 5077.31 7594.68
16196.44 16591.34 7348.46 23166.62 7898.47 14796.76 18289.97
15772.7 7714.5 10502.47 11555.71 11783.2 22945.02 11695.48
12349.41 10974.03 17346.53 21970.15 4607.29 26947.62 19412.83
10265.65 19320.89 16185.33 4798.12 24890.24 7549.71 8381.0
17195.47 22691.2 6077.17 14780.71 4471.34 22839.8 4907.12
2782.09 12626.0 24208.11 11530.1 24805.17 23239.51 13598.89
205 9462.7 4953.78 8701.87 16493.21 3185.62 6851.65
11196.16 6935.01 9888.02 3850.46 11745.05 9407.85 9591.15
6717.77 4932.52 8225.04 983.5 4475.01 11102.9 14581.31
11382.46 2718.85 13883.94 13723.14 4850.24 11864.51 5762.77
4853.07 5448.77 12765.89 7794.89 8015.51 15845.98 11581.63
5977.84 13516.18 8962.48 10630.31 9497.42 8725.55 6082.42
4803.25 17080.34 11620.82 3258.16 16043.26 7670.08 7725.4
6896.14 5500.65 5900.49 12078.15 5296.08 12132.58 12425.81
3933.17 11140.22 2532.86 4962.41 17201.75 15328.59 3018.04
19037.19 4387.47 11135.08 12257.41 11673.97 18884.07 7328.0
2340.82 9433.45 14333.15 7519.99 14664.05 12710.52 10169.04
5440.52 12093.13 13045.77 8024.16 7733.51 11388.34 10248.53
12095.42 9755.35 14209.58 15342.84 16522.68 12354.19 1425.87
80 3801.99 11111.98 2769.52 12231.5 3646.83 11315.05
10355.13 10629.71 13097.77 4084.16 11860.27 6196.51 3552.38
8273.41 10520.04 14015.09 5502.45 5664.11 13980.77 9090.21
7707.41 7997.1 7809.45 15886.83 6128.17 17360.21 3758.76
7789.68 9098.49 7437.08 5024.9 7197.3 10461.45 5802.64
12126.16 18899.49 8497.22 16797.44 6745.12 14596.31 11038.56
1725.83 14246.06 11856.39 8328.01 15913.32 11807.51 7674.49
12421.81 10161.6 7510.22 15457.35 10428.09 7281.34 6345.54
8118.07 16409.21 8400.94 3278.52 22585.71 9304.27 9182.55
17193.03 10486.4 5065.4 7168.29 12297.19 13058.06 7334.47
5850.72 14254.22 9359.31 10224.31 10056.72 11833.9 15658.22
9193.01 7922.23 12938.02 2312.23 10723.01 8633.84 10968.23
15807.88 5747.01 9388.04 12846.53 10723.44 15936.81 5828.11
308 9335.32 23701.33 11296.77 15619.9 15714.58 24114.77
14798.9 23261.98 21683.09 16853.79 22163.3 15405.83 9352.23
17158.57 23407.64 25601.35 18296.22 16137.12 26000.43 10816.8
9831.65 19867.36 5256.52 27254.05 18616.73 30261.99 15783.83
18159.03 21821.07 11403.44 15578.45 18206.6 4022.94 7216.35
24736.66 31788.61 19282.24 29180.57 11721.54 27446.81 23921.62
14003.33 19877.89 16989.35 19988.91 25091.29 24508.66 19049.5
23805.67 21065.38 19803.21 23643.2 23328.39 12719.79 8463.01
19251.26 29291.3 21206.11 15766.71 35465.41 3714.6 21771.57
23703.27 23185.09 9298.99 7161.27 22953.74 571.54 15296.12
18752.66 24537.27 12648.72 22533.62 6812.17 21131.76 28561.04
19610.68 8726.99 22768.18 12046.66 23097.03 11381.59 21986.28
28158.54 14209.53 6439.87 19583.15 2340.22 24293.71 18029.97
162 12719.48 6096.23 13562.01 22440.76 7180.69 11312.65
9103.0 12036.97 4052.44 9987.53 17852.48 15471.76 13374.43
4526.17 8444.85 4526.17 7223.31 5476.47 16168.69 19865.83
12082.98 3559.94 17315.8 19000.95 11103.15 13685.48 11790.99
3292.93 10897.76 18155.61 13865.02 14287.07 17756.31 14625.78
6694.43 15360.59 15215.94 9064.1 9965.2 10099.06 10184.28
9069.26 23321.15 8282.74 3013.84 22091.71 12265.58 13975.95
2748.59 773.72 12033.81 5954.93 9427.63 17776.92 16973.67
2698.27 13561.86 6883.38 10913.14 18667.54 18504.47 5597.72
25298.16 6516.39 15743.53 14269.73 17669.06 21341.16 6368.81
8577.62 3460.98 19952.69 13103.08 15695.21 18940.79 12301.76
1809.34 13120.0 19159.44 13060.1 13140.44 11167.19 16284.1
16417.69 15636.24 15569.61 21600.24 19083.45 6147.96 5480.85
429 14624.6 7424.11 15680.61 24634.99 9334.25 12949.01
9792.56 13811.52 3043.24 12173.14 19877.99 17666.5 15351.5
5896.71 10026.99 4250.63 9386.38 7449.36 17852.48 22003.75
13463.82 5704.12 19172.01 20717.65 13224.66 14465.99 13985.29
5224.98 12786.7 20310.0 16058.95 16432.27 19271.79 16451.35
7781.08 16079.84 17329.96 8980.51 11401.49 10962.66 11784.25
11191.46 25494.6 8505.95 5171.32 24077.78 13902.98 16089.46
3057.05 2941.59 14096.09 4235.44 11077.08 19955.71 19024.82
4877.12 14535.17 8773.17 13108.58 19159.46 20294.02 7373.88
27412.46 8019.12 17812.97 15889.39 19647.57 22933.99 7774.47
10700.62 1488.33 22126.34 14985.14 17034.16 21031.23 13248.43
3746.72 14541.54 21183.96 15200.74 14972.61 12339.71 18285.27
17873.11 17830.38 16997.57 23764.72 20730.78 4264.72 7675.94
172 6684.18 14741.2 3100.02 6889.82 8680.66 12854.84
15324.21 11665.12 18403.12 6605.53 9520.26 2765.67 5539.24
13617.38 13256.52 18466.45 9317.24 10964.7 13636.3 4430.78
11616.42 12643.96 7622.39 14641.02 7326.58 19326.08 4732.52
13011.94 10536.29 2585.56 3377.35 5769.37 11838.31 7453.13
15647.16 20619.09 6705.88 20426.81 11367.59 17310.67 13073.24
6975.34 9343.08 17016.57 13074.65 12746.29 12964.54 6695.56
17062.99 15124.41 8060.59 20764.43 12734.53 1966.76 4189.78
13118.63 18146.69 11767.9 5348.77 24128.71 9048.98 12972.65
12706.78 13947.65 3503.99 9727.95 10304.89 13013.78 12626.83
8782.73 19247.22 4139.95 10552.12 12680.01 8638.11 17733.58
14341.99 11379.74 10193.02 3118.81 11147.7 12986.88 9380.06
15974.73 1561.38 11848.95 8239.88 11069.05 21225.13 10459.12
190 25618.25 12591.92 23582.39 26451.9 19737.52 10657.61
26857.09 11690.08 21872.94 17894.16 16391.35 20897.99 25411.68
21920.71 11651.32 14711.04 16783.57 20694.32 10724.69 27433.87
27948.97 16911.58 29543.73 11968.6 16264.39 4762.71 19131.77
19867.4 12988.98 25716.28 19962.17 17759.19 32229.4 27677.84
11736.09 3071.28 17254.96 10356.48 26000.2 8283.69 10845.17
21040.5 24045.84 26468.87 17166.64 17886.03 10393.53 16799.83
15867.61 17904.53 15297.24 22780.06 11495.04 24492.57 27055.0
18364.47 5485.75 14051.05 19017.35 847.1 31078.98 14123.68
23131.76 12639.78 25888.22 28715.21 15421.39 34927.28 23248.19
16050.91 18344.45 26243.32 12831.24 31234.57 18383.95 6422.36
19236.26 28673.95 17003.09 22814.08 12234.55 27806.23 15292.08
8210.32 21987.62 30750.7 22413.65 32602.66 22534.85 17783.32
231 6423.56 16725.88 10089.42 19306.4 9581.42 19282.4
4728.8 19006.78 11963.5 12802.25 21072.94 14994.65 7586.59
8140.37 17498.39 17166.89 12593.22 8441.98 22805.89 14690.42
1525.31 12383.0 8399.42 24948.13 14985.76 24342.88 12960.3
9783.97 17413.55 13877.64 14116.55 16411.92 6066.57 6302.91
17710.27 26025.43 17711.36 21430.35 3097.82 20977.34 18638.01
8947.07 22428.27 6904.25 12269.7 25068.64 19991.85 16874.58
15348.38 12548.17 16425.72 13729.1 17870.09 14535.8 10761.97
11204.38 23704.58 15085.11 12368.82 29676.51 8669.72 15011.02
25794.81 16513.71 10286.65 4100.3 21509.05 9809.68 6330.12
13752.84 15305.08 15929.19 18987.67 3365.5 20941.91 22675.57
10982.63 1917.62 22129.64 10387.17 19406.95 1510.12 20165.01
24314.18 14190.13 3654.75 21332.94 8048.96 14394.24 11320.18
24 2631.89 12458.82 1958.48 11800.58 4817.41 12616.12
10360.04 11875.77 13856.03 5353.43 12574.43 6425.72 2201.7
8925.44 11883.77 15237.51 6864.25 6514.71 15085.01 8228.5
7072.41 9216.11 6442.91 16864.11 7302.33 18709.94 4704.83
8713.4 10369.0 6708.24 5536.08 7956.07 9230.25 4511.31
13476.66 20239.62 9240.1 18129.56 6475.46 15962.78 12374.25
2859.85 14210.74 12047.6 9513.03 16484.6 13077.17 8544.89
13603.98 11240.24 8636.13 16201.34 11776.14 6791.28 5154.04
9200.47 17745.39 9766.01 4405.16 23921.47 7940.42 10525.76
17359.83 11844.06 3909.01 6083.51 13091.69 11717.69 7743.48
7201.54 15288.54 8730.67 11377.71 9048.44 12347.79 17009.86
10166.45 7115.99 13578.59 1898.36 11896.7 8225.0 11819.0
16995.4 5735.5 8331.03 12937.56 9393.11 16713.01 7083.51
202 16675.64 2452.16 16003.21 22752.64 10274.62 7071.77
15670.8 8395.2 10421.14 10584.52 15318.8 15742.18 16902.52
10780.3 4578.02 3653.07 8085.07 10231.77 11714.58 21609.71
17661.29 6257.87 21185.75 14564.48 10312.68 7012.0 12466.08
8849.08 8127.2 19766.8 14234.31 13369.89 22774.05 18784.45
1577.89 8638.45 13775.31 3289.77 15565.54 3544.76 5958.43
12091.44 22306.12 15067.42 6305.39 19040.77 7908.63 12661.31
4411.01 6503.84 10426.99 11560.89 5609.01 18946.28 19739.98
7378.5 7137.06 5418.41 11856.33 11860.01 22600.51 4338.19
23286.93 3247.95 18450.69 19154.92 14780.33 26022.3 12346.72
8404.7 7199.53 21105.52 9956.24 21199.98 16945.79 5847.99
7946.62 18560.38 16539.64 15298.73 9686.59 17149.62 13664.81
11084.64 16393.73 20886.04 20475.11 23667.29 11423.87 7948.95
95 10292.59 13708.54 6613.04 6770.74 9915.91 10347.08
18018.49 8948.31 19625.36 6398.16 5355.55 1603.32 9279.76
15299.63 11599.0 18066.87 9202.44 12487.12 9966.05 7336.61
15057.68 12881.49 11809.3 10607.76 5746.11 16683.36 4712.87
14162.38 8267.73 5829.25 2743.12 2724.74 15967.11 11433.84
14442.46 17768.42 3003.44 19057.32 14384.39 15311.61 10896.04
8816.83 6965.49 19410.57 13400.97 8661.12 10187.48 3610.5
16978.06 15626.13 5703.24 21939.66 10799.22 4471.92 8350.88
13815.83 15404.37 10824.44 5618.13 21075.55 13234.49 12262.4
9543.25 12832.98 7676.92 13593.85 6187.06 17188.06 14765.15
8067.72 19615.37 5996.78 7514.88 16596.05 4507.15 15238.84
15241.19 15008.06 6009.25 6205.38 8095.59 16204.88 5429.73
12439.87 2662.4 15790.24 5338.08 15256.59 22300.71 10933.58
407 13551.39 894.46 12867.04 20001.32 7156.44 6009.3
13402.55 6953.95 9472.03 7572.11 13458.64 12916.61 13753.59
8471.1 3084.34 4801.78 4956.57 7395.19 10916.81 18576.32
14819.14 3472.48 18040.23 13789.27 7618.47 8717.15 9490.89
6407.35 6147.33 16739.61 11358.53 10821.34 19744.89 15665.23
1904.13 10423.67 11420.14 6439.23 12768.39 5198.29 4841.41
8944.59 19935.29 13156.42 3704.95 17488.67 6962.1 10229.09
4227.63 4837.98 8023.91 11157.26 4148.61 15981.55 16600.32
4907.21 8360.35 2537.59 8822.87 13969.49 19463.7 1205.62
21298.99 1085.92 15310.16 16127.1 13083.87 22928.64 9803.29
5447.68 7335.5 18162.55 8272.17 18294.75 14874.95 7163.95
5912.62 15664.55 14741.3 12171.16 8174.33 14469.5 11811.37
10994.71 13474.71 17933.65 18122.26 20569.86 11206.38 4854.2
377 12232.99 9384.35 9205.56 11839.68 8784.22 5193.45
17710.9 3763.58 17255.39 4932.44 4374.99 5720.96 11594.07
13837.97 6892.08 14068.71 6592.4 11185.74 5563.12 12255.01
16186.24 9963.14 15204.69 7309.04 2811.31 11491.29 4897.49
12163.17 3351.51 10549.72 4947.14 2581.75 18737.01 13974.35
9928.52 12605.58 2394.02 14276.78 14875.7 10265.37 5871.2
8748.89 10849.32 18573.7 10518.03 8659.69 4994.81 1623.69
13338.38 12711.13 1488.61 19396.58 5933.64 9313.72 12229.09
11313.88 10217.9 6879.64 5316.97 15988.99 16737.85 8378.6
12033.45 8499.35 11196.13 15682.07 4313.2 20731.43 13959.53
5067.02 16293.78 11113.18 2352.05 18621.64 5605.8 10053.41
12821.17 16489.14 5681.14 8495.2 2946.36 16857.1 2875.02
7754.62 6834.58 17925.31 9016.85 18550.27 19627.03 8622.54
328 16320.82 7462.93 13839.38 16818.73 11281.19 1883.72
19781.25 1889.39 17244.83 8435.33 7445.14 10916.56 15920.83
15176.89 4781.12 12043.54 8321.07 13057.07 3104.59 17454.78
19493.74 10267.66 19872.18 5986.0 6508.63 6421.32 9346.11
13163.03 3456.7 15730.27 9993.67 7787.49 22977.64 18271.95
7452.08 7416.89 7396.05 10643.21 17814.35 6147.64 3024.01
12064.86 15110.19 20098.55 10749.01 10598.3 943.6 6829.88
11997.55 12515.4 5375.15 19016.92 3766.84 14513.92 17170.56
11874.4 5100.31 6563.46 9388.83 10789.79 21416.29 7616.23
15271.84 6791.17 16048.13 19640.99 6670.24 25353.22 15913.96
7087.48 15121.03 16311.91 2854.15 22411.24 9362.18 5187.58
13237.59 20020.55 8476.06 13081.5 2261.93 19773.14 5955.38
3513.39 12001.47 21812.18 13327.71 23083.35 19070.33 10007.64
430 6852.28 17353.92 10540.8 19628.75 10210.08 19911.01
5078.28 19627.23 12420.8 13400.48 21617.14 15477.99 7992.88
8713.66 18132.76 17746.63 13223.16 9072.17 23412.58 14953.99
2062.47 13008.28 8504.27 25537.97 15582.87 24976.55 13521.16
10388.98 18033.89 14206.22 14635.73 16959.61 5838.22 6560.28
18336.52 26659.4 18258.05 22033.89 3732.21 21608.39 19270.2
9547.59 22827.86 7211.04 12889.81 25588.01 20617.38 17437.43
15930.95 13135.37 17021.68 14129.08 18502.99 14908.43 11032.99
11817.39 24338.99 15719.48 12944.74 30309.84 8661.53 15643.1
26229.85 17145.5 10620.97 4272.83 22066.32 9539.9 6921.83
14375.39 15825.92 16241.9 19594.69 3048.85 21453.2 23309.64
11569.07 2186.68 22661.91 10867.44 20017.83 2072.56 20729.76
24934.55 14647.93 3472.1 21764.67 7890.15 14797.48 11954.55
102 15856.9 11877.77 12570.46 12499.24 12641.67 6472.56
21572.7 5153.2 20707.4 8806.0 2366.68 8197.9 15109.7
17589.94 9124.59 16639.57 10285.9 14997.36 3309.58 14297.45
19996.19 13389.61 18390.4 3703.79 6675.39 11388.77 8577.72
15825.96 5922.2 12830.39 8050.6 5409.7 22200.84 17463.99
12150.78 12029.47 4272.85 15830.12 18736.24 11383.76 7572.44
12606.55 10105.82 22383.49 13936.76 5521.52 5727.62 4703.86
16226.47 16039.3 5279.92 22746.85 8019.13 11471.73 15133.5
14849.62 10042.74 9936.15 9111.55 14879.01 19887.62 11351.09
10012.59 11053.56 14263.78 19315.03 1448.83 23887.55 17800.03
8753.27 19303.52 12810.03 3738.76 22292.62 4365.25 10368.44
16343.82 20250.9 3230.15 11924.04 3870.75 20714.16 1582.37
5848.95 9406.24 21565.91 8408.54 21810.61 22916.45 12303.8
414 4521.41 13512.81 7734.17 17472.19 6209.57 15910.48
4626.22 15648.62 10262.75 9536.11 18040.18 12328.87 5693.04
5659.58 14156.53 14415.32 9221.44 5243.18 19490.4 13274.61
2198.29 9223.03 8206.18 21697.27 11718.45 21034.31 9885.87
6898.31 14056.06 12117.9 11261.01 13382.53 7727.74 5530.32
14516.86 22708.61 14680.05 18451.13 533.65 17716.31 15270.4
5690.74 20141.94 6617.81 9174.6 22145.88 16622.9 13765.35
12590.29 9786.46 13160.34 12361.89 14505.85 12507.59 9459.49
8202.78 20366.26 11743.91 9217.94 26373.23 9041.59 11742.47
23299.64 13247.23 8638.73 4375.09 18411.18 11379.52 3788.6
10390.74 13044.17 14207.49 15673.52 5751.18 18076.13 19357.01
8259.56 3118.8 19152.46 7839.74 16078.4 2423.74 17035.01
20955.36 11681.82 5541.09 18883.6 9208.8 12985.13 7996.62
124 13491.96 9334.26 10498.12 12682.67 9754.57 4517.56
18681.0 3036.04 17791.14 6026.06 4123.19 6904.72 12873.1
14635.71 6679.25 14088.11 7329.14 12063.49 4270.53 13411.69
17357.83 10469.72 16498.12 6136.16 3846.75 10550.44 6163.33
12868.34 3202.22 11740.19 6221.99 3757.91 20017.23 15254.4
9755.39 11568.64 3240.39 13865.86 15984.72 9662.13 5392.17
9877.24 11281.84 19443.69 11020.14 8201.47 4119.23 2809.44
13517.84 13154.12 2408.25 19863.93 5627.71 10474.54 13506.78
11907.52 9244.74 7118.0 6531.72 14869.44 18030.96 8578.62
12057.4 8470.37 12484.07 16934.8 3771.0 22024.91 14883.4
5797.76 16549.44 12195.01 1414.48 19860.98 5722.42 9201.91
13405.97 17692.76 5396.81 9785.54 1935.4 17970.89 2468.43
6481.74 8048.77 19174.09 9459.25 19843.21 20055.03 9345.62
282 21081.77 7736.58 19338.89 23469.97 15031.65 6640.04
22002.27 7958.11 17208.87 13563.04 13999.43 17269.48 20970.16
17066.33 6967.74 10229.11 12139.48 15868.82 8669.98 23763.13
23174.14 12059.21 25183.64 10905.84 12192.3 373.26 15005.25
15011.67 8944.47 21973.78 16126.48 14235.05 27629.37 23172.21
6894.55 1858.34 14006.6 6441.12 21198.18 3436.31 6484.23
16443.64 21730.98 21642.46 12310.87 16549.84 6710.4 13300.92
11199.45 13095.09 11465.1 18288.21 7004.76 20847.29 22939.84
13508.9 1656.31 9321.06 14761.77 5387.4 26701.98 9290.61
21563.92 7798.03 21721.91 24074.02 13139.13 30469.5 18396.82
11570.95 13871.96 22767.68 9409.78 26513.7 15963.86 1771.94
14398.09 23929.68 14904.75 18571.48 8853.51 22981.92 12594.39
6727.23 18260.15 26059.8 19969.34 28124.01 18103.19 13000.69
433 15569.63 1647.6 15005.22 22043.83 9170.48 6994.69
14561.77 8203.16 9565.99 9702.93 15016.06 14984.76 15824.21
9656.15 4241.09 3345.37 7101.37 9074.82 11802.39 20716.91
16503.55 5102.9 20099.72 14679.97 9613.46 7888.52 11612.2
7705.88 7721.62 18878.62 13445.44 12753.63 21630.37 17673.98
1246.66 9554.5 13251.51 4342.55 14407.94 4319.96 5827.78
11012.75 21792.59 14017.49 5148.08 18876.25 7892.69 12097.87
3629.46 5443.54 9865.85 10869.68 5338.35 18103.75 18735.35
6228.8 7863.53 4588.3 10960.43 12878.62 21503.08 3352.58
22948.87 2532.23 17444.79 18011.86 14542.64 24896.49 11201.04
7555.11 6623.68 20278.7 9690.69 20043.45 16558.72 6580.78
6845.61 17403.73 16266.98 14313.47 9485.07 15996.85 13357.66
11419.52 15580.16 19732.46 19967.65 22543.61 10789.2 6837.66
259 8341.22 9110.84 10036.3 19662.52 4589.14 12853.88
5228.68 13046.25 5757.15 8489.2 17329.17 13219.95 9189.4
837.86 10481.0 9250.44 6640.85 2004.43 17217.54 16340.77
7271.03 4790.45 12807.54 19810.33 10341.74 16940.4 9795.95
1870.72 11561.27 14799.17 11744.26 13021.55 12942.77 10073.24
10026.79 18646.19 14196.46 13489.56 5146.77 13427.9 11949.6
5846.85 21364.62 5516.24 4532.65 21643.17 13719.52 13038.38
7425.03 4614.94 11645.86 8090.94 11135.61 14720.88 13008.26
3362.11 16494.37 8191.71 8905.28 22200.58 13890.71 7647.75
23936.26 9081.79 11878.97 9494.5 17418.92 16557.55 1633.81
8157.74 7898.45 16775.91 13590.92 10885.74 17939.96 15349.94
3060.57 8298.75 18589.4 9726.72 13835.24 6482.64 15976.81
18141.06 13032.12 10746.74 19810.19 14329.81 8616.88 4696.17
377 6756.89 17698.3 10457.32 19407.28 10443.32 20137.85
5597.89 19819.28 12925.77 13534.16 21644.27 15424.92 7868.75
9155.78 18415.26 18182.19 13460.77 9409.67 23561.57 14688.32
2176.68 13364.07 8140.62 25646.42 15712.06 25282.62 13581.54
10791.66 18226.23 13994.9 14630.76 16995.07 5336.0 6310.28
18687.75 26960.63 18290.99 22437.95 4041.4 21936.98 19520.56
9691.93 22676.35 7731.42 13261.03 25576.54 20829.13 17497.71
16363.44 13562.59 17147.27 14645.59 18760.14 14736.39 10778.77
12205.18 24624.67 16002.37 13032.67 30619.5 8235.91 15966.12
26114.05 17470.16 10420.59 3979.07 22114.53 9026.62 7344.1
14577.94 16306.21 16014.79 19745.97 2534.22 21432.24 23609.44
11997.25 2028.59 22670.31 10817.27 20179.5 2520.87 20791.45
25124.71 14565.18 2991.98 21647.21 7404.83 15313.61 12248.74
445 6637.45 14224.88 2971.06 7232.41 8260.96 12346.73
15115.47 11167.57 18018.63 6090.95 9223.91 2433.35 5527.87
13267.08 12733.62 17973.74 8817.64 10586.34 13208.59 4952.19
11546.5 12172.33 7894.03 14279.12 6808.09 18816.56 4211.59
12607.05 10024.81 3107.14 2884.3 5336.35 12027.83 7550.1
15128.33 20117.0 6320.1 19907.38 11203.63 16788.74 12555.95
6600.49 9471.65 16765.69 12609.38 12569.73 12467.11 6249.68
16583.17 14675.48 7560.55 20379.53 12213.64 2408.61 4546.74
12677.89 17641.66 11250.4 4839.11 23634.97 9349.31 12462.11
12744.86 13429.19 3747.89 9781.29 9981.09 13332.44 12327.65
8264.65 18796.85 4603.6 10075.55 12757.91 8434.86 17220.39
13920.24 11359.13 9947.5 2865.9 10670.08 12869.57 9012.14
15526.7 1280.24 11936.1 8284.78 11341.41 20831.91 9993.67
159 7868.82 17313.43 4911.16 5192.19 11066.85 15241.3
16933.23 13986.77 20640.94 9178.5 10868.56 4696.25 6668.99
15760.23 15788.13 21013.67 11879.02 13215.7 15559.62 1890.81
12712.12 15149.26 7207.13 16218.04 9807.93 21710.9 7296.88
15333.15 12953.41 274.52 5770.25 7844.64 11694.32 7965.04
18216.05 22948.02 8546.96 22994.2 12853.89 19815.98 15530.37
9257.18 8654.18 18776.25 15564.12 13443.73 15280.27 8802.62
19583.41 17568.08 10417.64 22997.79 15228.8 1166.33 3665.62
15543.8 20500.22 14338.97 7921.17 26395.7 8381.02 15544.92
12356.63 16517.28 3834.16 10331.61 11762.35 12107.85 14601.0
11353.07 21689.4 1887.52 12759.68 13079.18 9585.83 20149.27
16709.42 12266.95 11283.98 5240.69 13356.7 14255.4 11066.25
17991.47 3623.36 12224.29 8028.06 10488.87 23485.63 12953.62
299 18032.45 12008.38 19703.12 29040.0 13604.59 17631.93
10984.74 18561.68 4020.51 16797.39 24678.08 22198.46 18933.35
8995.84 14705.1 7879.59 14083.11 11343.61 22540.19 26042.11
15712.88 10432.32 22336.43 25417.63 17975.55 18337.98 18537.72
9249.96 17578.13 24438.48 20608.7 21153.42 21575.56 19601.34
12191.35 19833.61 22088.1 12025.55 13911.12 15041.95 16454.85
15307.87 30146.93 8995.21 9884.9 28880.04 18580.39 20847.98
7473.79 7645.8 18885.01 1919.0 15780.88 24225.93 22764.87
9375.81 18625.74 13570.66 17642.83 22529.59 23257.09 12153.68
32170.57 12684.97 21631.0 18555.84 24449.7 25335.85 10607.21
15449.95 4369.97 26350.8 19772.15 19007.0 25807.83 17341.67
7985.46 16817.99 25984.36 19316.49 19743.37 14227.4 23087.54
22390.49 22257.81 19175.32 28444.2 23318.54 1253.48 12257.72
71 6088.79 15239.98 2736.04 7125.11 8798.41 13612.62
14942.36 12459.91 18388.94 7116.92 10450.41 3696.16 4908.33
13530.11 13879.28 18813.03 9720.76 10957.02 14535.8 3967.83
11024.19 12912.33 6706.86 15570.19 8033.48 20074.81 5322.96
13065.79 11280.82 2184.17 4195.1 6663.91 10965.31 6672.11
16170.17 21396.67 7627.35 20952.31 10921.44 17962.78 13780.6
6990.53 9938.39 16708.87 13317.85 13631.31 13759.03 7578.73
17354.1 15305.16 8850.91 20747.59 13407.22 2123.11 3257.69
13278.13 18914.35 12283.55 5838.02 24930.93 8122.65 13429.21
13405.78 14468.96 2618.85 8985.06 11237.05 12083.12 12428.97
9313.11 19425.18 4072.59 11394.03 11903.36 9540.36 18464.46
14439.77 10721.21 11110.93 2982.83 11987.59 12460.21 10307.48
16855.54 2493.42 11064.36 8945.18 10150.99 21229.65 10712.62
306 6839.39 8447.5 7906.45 17366.87 2222.47 11254.91
6896.63 11242.48 7893.58 6168.81 15052.91 10840.59 7478.22
3214.2 9218.05 9814.88 4679.78 458.27 15328.57 14250.62
7263.76 4198.23 11455.55 17813.2 8115.55 16016.44 7411.69
2668.91 9693.32 12637.32 9357.56 10674.13 12377.8 8804.76
9454.86 17702.17 11869.98 13522.15 5238.47 12658.72 10481.77
3538.6 18982.18 7663.01 4227.29 19355.08 12055.65 10733.99
8039.86 5398.77 9471.81 10254.4 9686.87 12468.02 11136.9
3467.84 15405.05 6814.35 6524.17 21348.4 12699.69 6686.63
21554.45 8190.9 9938.15 8774.42 15191.01 15778.75 3056.66
6116.24 9306.97 14565.43 11602.9 10753.57 15595.45 14354.56
4152.26 8117.17 16297.71 7518.81 11904.27 7043.76 13751.49
16472.67 10684.5 10431.72 17423.03 13459.1 10729.32 3040.43
497 21182.49 11155.14 18536.47 20009.53 16162.26 6502.4
24497.51 6784.99 21240.56 13309.84 9826.8 15062.88 20731.27
19765.71 8928.96 15081.98 13174.8 17821.9 4244.4 21493.62
24398.93 14712.07 24574.93 5315.7 11300.62 5737.22 14065.38
17704.67 8365.88 19883.32 14411.28 11937.55 27827.76 23098.25
10757.99 5471.47 11188.08 12213.72 22696.12 8012.07 7356.81
16974.37 17390.05 24656.43 15139.25 11231.74 5743.2 11002.23
15523.97 16629.07 10035.92 22756.75 8171.54 18580.36 21690.64
16322.82 4736.19 11114.52 14199.82 7535.63 26116.77 11884.83
16459.98 10725.19 20635.91 24529.06 8837.25 30086.84 20649.14
11990.23 18544.06 20138.71 7297.57 27316.56 11797.0 5854.22
17574.04 24930.97 10347.04 17793.45 6738.47 24645.02 8906.72
1732.44 16229.37 26710.41 15795.78 27850.05 22705.2 14754.38
210 17412.43 10430.16 14462.99 15534.21 13171.3 4772.87
21969.41 4000.99 20028.62 9746.53 5446.8 10643.04 16825.18
17578.63 7697.17 15051.44 10402.43 15238.55 306.08 17009.94
21101.11 12878.41 20456.38 3017.58 7584.23 8464.78 10106.51
15640.18 5418.86 15433.48 10137.89 7568.59 23969.11 19207.1
10460.58 8988.22 6717.51 13526.6 19602.7 8993.03 5954.46
13584.53 13164.96 22487.99 13390.63 7832.71 3833.34 6670.48
14952.55 15288.78 6174.64 21881.9 6625.14 14112.47 17411.22
14453.49 7131.16 9188.63 10410.14 11799.68 21986.62 10398.09
12776.6 9717.38 16420.34 20840.49 4496.18 25983.47 18108.56
8973.4 18077.26 15628.09 3537.8 23737.87 7444.56 7627.7
15878.75 21501.2 6181.25 13750.27 3172.04 21588.13 4394.84
2807.33 11829.64 23070.15 11485.83 23807.7 21964.42 12283.92
21 15306.16 13894.79 11756.26 9998.83 13202.53 8829.2
22007.95 7398.33 22030.15 9242.32 438.18 6899.89 14407.31
18447.22 11224.01 18647.8 11315.02 15715.59 5984.44 12350.88
19806.95 14748.8 17214.38 5553.99 7387.82 14085.18 8437.34
16866.48 7760.83 11077.56 7283.94 4935.86 21298.81 16670.61
14298.36 14740.68 3641.07 18254.53 18799.76 13890.46 9835.91
12759.11 7394.95 23057.2 15303.74 3950.77 8197.09 4678.79
18040.66 17498.32 6251.46 24182.46 10153.57 9699.89 13766.94
16078.83 12738.57 11600.18 9168.17 17547.4 18649.27 13084.15
7540.99 13030.6 13071.62 18716.04 1280.4 22604.55 18384.87
9811.28 21038.94 10721.51 5801.69 21727.07 1692.36 13016.29
17586.1 19914.29 901.91 11216.32 6123.26 20731.98 2096.58
8493.31 8056.3 20950.69 5714.7 20662.42 24414.31 13334.83
161 18338.0 19861.46 14645.61 8002.66 18003.4 14862.57
26318.87 13435.44 27420.35 14181.69 6471.73 9814.1 17231.28
23398.15 17231.1 24588.8 16680.9 20588.57 11479.0 12356.27
23217.96 20289.76 18815.25 9876.01 12747.9 19808.79 12817.8
22059.58 13725.23 11899.11 11011.53 9649.23 23270.8 19139.33
20307.24 20256.16 8634.02 24285.7 22663.95 19892.59 15872.19
17080.27 3617.6 27672.38 20839.82 4066.16 14204.92 9873.06
23875.69 23074.7 11890.48 29660.73 16173.17 10742.89 15230.32
21476.53 18472.69 17417.82 13694.79 22662.89 20002.53 18918.57
1505.9 18986.54 15025.16 21439.28 7129.24 23630.91 23003.49
15271.74 26798.85 10514.5 11834.17 24370.65 4940.81 18883.22
22965.37 23063.76 5321.57 14367.19 12159.13 24449.24 8118.37
13756.69 10541.83 23530.94 3597.49 22111.36 29949.66 18623.2
