100 200
15000.0 1.0
15000.0 1.0
15000.0 1.0
15000.0 1.0
15000.0 1.0
15000.0 1.0
15000.0 1.0
15000.0 1.0
15000.0 1.0
15000.0 1.0
15000.0 1.0
15000.0 1.0
15000.0 1.0
15000.0 1.0
15000.0 1.0
15000.0 1.0
15000.0 1.0
15000.0 1.0
15000.0 1.0
15000.0 1.0
15000.0 1.0
15000.0 1.0
15000.0 1.0
15000.0 1.0
15000.0 1.0
15000.0 1.0
15000.0 1.0
15000.0 1.0
15000.0 1.0
15000.0 1.0
15000.0 1.0
15000.0 1.0
15000.0 1.0
15000.0 1.0
15000.0 1.0
15000.0 1.0
15000.0 1.0
15000.0 1.0
15000.0 1.0
15000.0 1.0
15000.0 1.0
15000.0 1.0
15000.0 1.0
15000.0 1.0
15000.0 1.0
15000.0 1.0
15000.0 1.0
15000.0 1.0
15000.0 1.0
15000.0 1.0
15000.0 1.0
15000.0 1.0
15000.0 1.0
15000.0 1.0
15000.0 1.0
15000.0 1.0
15000.0 1.0
15000.0 1.0
15000.0 1.0
15000.0 1.0
15000.0 1.0
15000.0 1.0
15000.0 1.0
15000.0 1.0
15000.0 1.0
15000.0 1.0
15000.0 1.0
15000.0 1.0
15000.0 1.0
15000.0 1.0
15000.0 1.0
15000.0 1.0
15000.0 1.0
15000.0 1.0
15000.0 1.0
15000.0 1.0
15000.0 1.0
15000.0 1.0
15000.0 1.0
15000.0 1.0
15000.0 1.0
15000.0 1.0
15000.0 1.0
15000.0 1.0
15000.0 1.0
15000.0 1.0
15000.0 1.0
15000.0 1.0
15000.0 1.0
15000.0 1.0
15000.0 1.0
15000.0 1.0
15000.0 1.0
15000.0 1.0
15000.0 1.0
15000.0 1.0
15000.0 1.0
15000.0 1.0
15000.0 1.0
15000.0 1.0
380 483.11 514.8 191.5 347.37 27.83 215.76
575.58 635.57 73.83 697.6 108.81 466.68 527.84
403.04 772.32 341.61 87.41 363.5 564.76 233.27
620.13 456.81 311.71 245.87 524.1 460.23 347.33
237.19 497.9 351.52 388.52 388.64 602.45 570.17
683.83 490.56 121.07 462.54 316.41 287.6 356.34
569.92 237.51 129.35 347.75 389.57 432.26 505.93
540.4 407.23 306.02 574.03 429.25 255.92 76.0
284.44 597.44 452.28 397.69 713.53 106.96 495.14
460.84 295.7 727.42 444.91 195.98 362.24 646.12
277.73 631.32 506.51 182.91 375.07 461.05 434.07
434.77 492.39 698.8 326.12 401.47 113.54 195.84
397.82 414.54 340.0 579.68 740.95 335.04 360.8
692.14 543.42 339.44 389.88 454.09 560.17 246.23
391.64 577.73 362.49 397 430.07 327.71 282.4
722.51 399.38 296.25 949.57 337.71 403.39 828.4
459.67 292.55 175.23 641.23 440.36 141.31 343.04
480.11 497.24 539.54 247.95 629.68 685.82 292.99
149.84 669.42 250.21 555.04 140.58 589.56 739.15
393.54 234.72 663.41 355.22 494.05 260.78 103.39
691.43 591.02 648.63 509.52 611.07 481.61 677.31
746.25 140.77 160.72 775.33 402.29 664.6 199.41
369.14 580.42 299.69 398.18 280.1 778.32 766.74
375.11 295.81 310.59 351.33 669.26 374.24 800.65
401.86 619.5 446.1 527.08 411.69 618.1 420.69
236.65 832.35 645.31 544.44 171.26 425.07 194.15
462.71 488.69 317.82 579.39 72.09 73.77 209.28
381.97 706.39 713.05 761.55 746.68 662.02 735.56
828.52 674.65 578.75 741.7 577.75 734.46 337
294.74 394.89 399.08 434.89 257.49 139.57 656.86
562.6 313.17 461.37 329.1 355.26 524.54 206.89
712.37 478.53 166.06 601.52 367.14 147.42 635.46
224.58 423.58 455.23 557.39 245.12 253.16 169.66
576.08 154.25 355.46 198.59 608.86 329.07 630.42
716.59 293.0 538.8 400.2 180.15 575.21 368.31
370.43 193.3 543.4 546.42 548.25 594.91 344.84
215.66 471.12 618.3 262.1 193.87 241.16 517.55
547.23 362.79 421.98 666.63 192.27 665.83 654.91
364.76 697.0 418.54 47.6 593.32 504.85 515.12
504.59 265.41 423.99 288.61 489.12 219.09 674.07
597.63 597.78 488.78 633.56 272.83 416.94 638.55
500.4 368.67 637.58 717.86 460.11 528.63 451.14
328.01 255.29 344.96 507.08 319.62 452.84 559.01
806.53 407.47 491 564.55 557.23 66.98 429.73
139.72 298.6 641.82 642.72 101.55 826.83 151.31
509.3 503.66 539.91 764.66 250.52 199.75 238.37
647.06 370.8 577.69 587.7 385.77 112.77 478.64
595.48 398.66 373.67 427.64 487.74 510.43 478.43
566.41 690.79 676.89 354.08 101.29 396.89 404.77
424.71 319.77 654.45 313.0 262.48 345.73 420.9
344.44 428.4 677.92 496.04 342.55 517.94 504.09
390.98 129.37 151.88 594.32 582.7 502.0 701.24
185.33 371.61 328.01 393.76 705.0 561.97 318.34
300.11 691.45 205.81 669.18 628.68 93.34 417.43
559.25 569.14 312.33 406.04 718.27 218.29 268.0
215.83 58.86 297.05 348.39 324.43 515.2 713.68
397.35 386.21 811.12 679.08 472.92 514.38 542.4
684.36 249.04 413.5 442.52 462.26 113 546.34
678.87 593.94 300.31 396.83 429.55 453.87 854.25
442.51 451.74 416.72 643.94 819.85 161.89 1004.46
728.23 384.59 730.26 597.63 178.88 929.75 272.04
324.6 647.66 847.93 216.41 548.86 167.91 854.89
174.93 116.12 465.78 903.93 421.15 924.45 876.47
510.88 817.42 279.14 125.3 586.17 593.22 327.19
274.17 517.17 460.79 810.84 870.2 210.17 478.15
420.57 907.43 534.94 146.71 453.23 668.62 842.44
67.04 217.04 961.19 430.26 895.93 863.11 248.34
992.88 158.65 318.01 632.85 772.6 589.99 780.21
370.71 546.86 584.14 264.43 208.67 791.12 866.29
880.8 722.65 781.46 334.66 595.41 721.81 774.56
655.29 923.66 1014.04 361.17 463.47 521.5 258.4
63.86 97.17 304.41 389.31 470.27 485.07 957.41
234.67 245 472.34 623.46 652.77 433.12 467.58
426.81 586.18 805.94 520.02 316.4 506.2 595.78
800.17 83.44 954.88 760.55 423.23 817.63 509.4
234.18 912.82 163.01 453.52 708.84 840.47 98.16
519.45 236.28 863.62 133.5 251.28 408.24 884.47
299.99 880.74 954.77 556.69 826.4 409.55 184.31
702.72 502.64 445.64 349.0 639.63 591.4 834.4
882.62 81.41 416.32 544.79 902.17 475.86 227.47
499.25 746.84 803.89 175.02 352.3 918.62 462.91
941.61 920.17 376.43 955.84 287.37 325.5 743.88
699.34 690.71 713.27 258.89 631.46 552.78 396.95
104.19 883.38 884.94 819.21 764.57 862.96 425.18
661.18 823.13 788.06 655.18 923.13 979.25 491.29
591.29 391.12 123.1 174.77 232.27 438.79 265.67
581.93 614.59 1040.01 369.31 32 295.21 320.07
280.43 506.1 223.45 30.77 737.65 455.87 264.26
594.13 305.23 272.48 381.96 368.02 600.13 322.38
115.49 505.56 377.8 271.51 488.69 371.5 480.44
332.12 404.21 402.3 152.66 289.59 415.77 315.41
479.88 208.1 464.6 441.62 513.35 596.71 174.23
378.37 471.74 319.74 550.98 384.66 411.86 243.95
543.82 577.97 387.82 433.99 504.99 225.57 495.26
463.54 236.96 315.71 145.78 415.1 426.84 507.8
524.71 546.63 92.4 513.96 512.7 442.02 569.25
543.12 126.83 550.71 450.11 460.62 436.83 384.67
352.46 183.22 592.68 376.99 579.94 436.46 510.6
339.32 524.31 288.38 307.63 566.38 339.27 211.5
480.42 587.04 510.5 551.84 556.75 483.19 393.13
473.55 599.16 442.63 442.63 583.0 688.09 499.55
98 846.07 856.32 337.88 386.44 342.68 576.45
507.46 942.3 291.59 1029.48 267.37 808.08 794.73
710.5 1059.06 506.79 452.08 204.77 928.24 529.47
855.58 791.0 341.23 332.44 757.9 776.53 693.97
519.35 687.58 668.53 557.47 752.97 849.16 921.15
972.39 351.3 399.87 663.9 385.42 568.05 70.81
933.91 311.67 419.67 157.14 265.44 591.01 679.8
829.28 771.48 240.33 786.72 789.67 522.3 408.04
239.13 891.85 655.29 494.33 994.36 460.61 533.06
453.01 402.44 993.09 582.02 555.35 4.5 990.45
95.41 969.5 856.59 208.13 715.54 521.47 752.85
215.08 647.67 1019.24 456.82 268.5 334.42 301.97
115.2 618.83 622.87 775.75 998.79 320.95 233.98
1043.46 852.9 579.11 570.69 481.57 906.03 166.9
240.64 396.09 452.43 121 364.01 200.25 630.25
984.86 687.01 475.57 1216.25 23.98 711.78 785.68
763.37 230.08 199.89 743.19 131.55 499.15 591.13
839.92 370.64 727.42 238.5 677.18 958.84 649.97
276.24 737.8 334.62 748.69 379.19 706.34 938.25
415.19 212.42 626.84 71.92 847.8 574.38 373.08
950.4 763.34 985.51 383.84 888.89 722.31 999.04
1048.83 460.95 406.7 843.49 407.33 965.3 305.27
347.69 774.26 588.25 755.89 82.72 940.97 996.73
107.45 554.47 632.09 693.44 920.0 158.51 1001.56
577.62 965.41 187.0 871.23 147.8 614.08 759.79
299.82 1064.85 722.21 904.81 445.07 75.84 553.38
822.72 763.61 666.68 936.59 395.24 343.36 341.92
186.56 987.83 1019.77 674.73 790.59 838.22 928.2
1075.36 654.58 896.75 1050.42 926.7 975.06 138
807.81 802.66 269.86 438.78 321.44 538.82 583.66
876.18 265.73 1027.11 258.92 754.98 722.07 715.35
987.3 427.16 422.75 117.4 890.4 533.4 777.23
786.23 391.15 255.0 680.61 779.06 645.09 526.77
606.08 669.35 593.67 718.37 772.47 907.59 901.75
270.0 347.73 584.11 431.52 577.84 151.55 897.15
347.02 418.69 230.25 338.59 508.26 596.86 841.91
736.49 297.38 706.34 748.62 534.02 367.07 155.19
823.34 687.31 542.4 921.96 422.48 444.54 364.45
442.12 917.95 625.84 534.57 90.94 936.77 71.13
913.23 843.49 160.39 663.52 577.67 754.18 142.43
563.58 956.23 375.46 182.28 337.03 233.43 61.77
540.4 557.05 693.68 922.32 377.87 304.28 1029.86
858.76 599.94 604.85 541.94 895.73 202.85 316.43
325.0 499.42 72 563.15 674.88 505.95 203.26
306.64 393.88 392.3 840.18 346.48 544.41 314.52
634.84 783.06 228.47 989.15 655.0 319.13 625.95
625.51 134.04 888.99 336.78 220.06 557.34 801.2
294.08 527.89 113.17 796.06 214.49 78.79 472.51
865.52 488.3 905.33 775.27 433.69 759.03 176.95
107.52 475.99 623.45 217.0 188.88 408.23 358.28
742.24 808.5 313.44 487.76 312.28 858.1 539.31
87.27 378.16 568.78 820.42 139.31 148.33 940.56
366.48 811.94 772.76 142.94 967.25 142.12 284.98
522.63 782.09 481.71 783.82 430.49 445.15 563.27
212.31 278.48 684.77 800.28 877.75 643.14 679.32
233.99 503.2 613.02 713.65 607.24 870.58 986.29
258.14 357.72 598.83 352.64 59.53 74.45 238.48
460.45 360.12 381.09 854.09 147.99 229 898.24
985.84 635.95 170.76 482.33 680.83 72.27 1131.3
480.42 877.6 424.16 940.96 1035.6 576.65 1273.81
820.66 564.33 626.85 966.98 461.9 1127.48 686.87
196.91 666.46 1030.52 639.08 823.85 439.84 994.08
565.94 310.54 802.56 1110.38 838.6 1186.02 783.68
620.33 961.0 205.73 455.42 369.06 966.35 270.51
433.07 284.26 175.46 914.67 997.26 631.34 819.58
233.06 1077.68 864.54 420.5 583.97 618.57 1099.22
396.71 210.01 1217.49 604.71 918.8 852.21 239.61
1234.12 281.89 591.1 435.75 1105.39 463.62 1100.58
781.78 510.21 856.99 171.08 626.53 653.24 976.3
1183.81 787.09 692.17 395.86 613.23 554.82 912.19
847.92 1079.68 1248.42 174.68 210.04 945.68 684.63
405.96 329.49 123.77 809.5 337.97 199.23 835.54
203.92 240 388.08 547.62 659.57 515.32 490.84
396.14 683.41 731.85 546.34 234.84 542.9 525.21
744.85 88.91 878.62 743.87 424.37 845.07 416.2
269.55 857.82 70.68 529.5 716.13 792.99 22.91
464.15 279.74 827.39 132.81 344.63 337.46 828.1
196.72 808.69 972.32 556.4 790.94 488.36 233.68
760.21 408.33 510.11 383.11 704.67 668.01 809.64
848.79 95.9 342.1 613.33 855.36 401.28 280.19
501.64 767.5 735.97 276.92 444.48 846.91 456.96
932.26 920.27 453.04 887.22 386.57 311.82 794.94
611.88 732.49 629.18 158.22 660.15 494.92 493.96
49.11 914.37 855.67 737.11 755.25 884.53 466.27
673.38 863.46 756.63 616.75 879.39 911.84 568.33
663.76 291.96 61.67 253.04 325.95 533.33 162.58
636.34 689.26 1060.46 456.33 111 352.18 493.35
542.23 436.78 373.72 291.86 630.04 673.71 429.51
340.78 428.71 462.77 662.51 54.34 823.44 633.29
307.26 727.82 401.82 161.09 775.1 104.78 442.67
598.79 702.94 95.13 382.08 175.68 728.25 25.03
294.14 277.66 746.84 252.04 747.22 854.44 440.0
691.2 406.13 139.6 654.15 397.54 412.34 269.9
604.42 579.24 703.2 748.0 189.75 287.98 517.19
764.74 346.59 183.21 384.59 649.7 668.83 259.9
385.47 784.85 341.52 819.14 804.43 369.3 820.72
349.02 197.71 685.09 579.46 618.98 589.39 191.84
543.4 415.73 444.62 68.78 797.58 751.94 692.68
641.82 766.73 354.56 555.59 749.02 654.1 518.9
786.14 843.68 481.83 570.64 368.39 178.92 187.87
277.79 476.29 227.75 529.43 598.06 942.59 387.22
128 550.07 520.11 19.34 506.96 202.83 297.7
720.3 587.21 175.8 850.18 228.52 473.55 438.15
580.41 702.06 172.18 229.19 247.89 631.4 421.94
505.66 615.65 463.57 65.26 406.74 631.04 372.01
428.03 350.7 526.83 578.01 471.98 496.25 705.08
615.36 330.12 98.29 321.02 481.16 477.12 385.33
640.15 390.28 321.76 419.24 498.21 266.02 350.51
720.42 488.36 420.64 443.07 487.07 447.82 151.86
156.49 535.3 644.67 575.83 637.51 199.28 303.02
270.82 468.44 637.82 631.91 343.78 356.67 653.29
263.64 627.51 645.42 158.12 384.91 634.61 604.57
321.12 327.6 667.15 140.98 258.17 287.01 55.78
330.0 272.97 267.9 438.73 644.94 475.76 463.17
822.48 714.95 531.74 580.56 619.3 702.62 325.2
489.85 421.36 536.96 141 499.13 593.89 407.15
231.07 208.8 300.02 452.17 751.73 254.18 560.84
231.9 551.25 684.78 238.29 899.24 551.6 215.77
545.57 568.9 67.55 789.08 329.82 225.46 460.08
699.86 305.5 439.08 49.43 692.57 201.93 180.67
403.57 766.41 474.23 813.93 689.09 330.63 655.61
196.86 94.48 433.08 568.88 187.47 87.1 379.65
357.82 638.47 704.78 357.28 420.48 292.45 756.05
466.56 49.1 274.63 480.9 728.1 235.84 223.04
848.27 263.14 711.55 675.72 160.62 872.62 242.3
197.23 469.63 708.7 414.17 706.41 411.41 360.52
473.95 291.18 283.38 609.09 696.45 795.28 541.01
594.74 149.84 407.28 546.61 610.02 506.16 767.79
890.71 263.87 346.76 592.81 379.58 124.65 178.22
304.04 452.15 309.5 374.99 771.29 203.71 62
569.63 505.69 123.74 619.46 311.66 349.01 831.33
537.16 288.21 912.89 340.97 463.37 370.77 665.19
635.45 70.05 316.19 281.32 646.9 518.84 419.89
686.76 575.88 104.77 323.6 710.08 382.35 527.4
251.6 611.09 686.11 505.58 415.68 758.79 552.39
305.68 184.56 227.19 593.66 574.26 476.09 657.37
502.76 426.27 520.16 605.14 158.9 246.64 805.61
519.63 529.64 349.98 505.36 548.89 242.52 203.65
479.44 748.36 687.54 569.47 276.59 202.66 194.43
580.55 562.09 741.43 420.12 437.27 633.16 349.84
602.01 703.15 257.67 385.04 746.87 683.85 344.93
219.49 623.77 28.65 264.03 398.19 148.89 383.76
183.1 233.76 340.16 565.47 587.27 569.51 870.82
793.26 633.56 687.67 731.82 761.17 430.94 594.93
394.33 649.03 88 366.28 529.75 831.94 770.64
696.62 527.57 938.43 701.12 752.86 83.65 762.02
530.01 774.99 339.6 829.91 868.49 605.79 1042.31
339.16 504.49 881.46 239.07 782.11 886.47 841.91
273.54 526.29 519.5 903.28 367.02 600.92 382.72
849.48 116.67 779.88 1151.01 723.69 870.86 742.55
480.22 996.18 325.89 755.91 607.9 948.23 920.07
913.34 929.37 297.63 374.21 860.59 902.32 415.55
525.64 677.57 956.98 726.97 526.65 701.12 816.94
623.99 1063.08 1069.82 706.56 865.84 639.85 487.74
1023.65 535.23 951.67 566.75 176.54 864.84 544.8
749.03 290.06 1115.14 946.73 673.83 893.88 1071.88
693.31 853.66 1078.05 848.26 702.72 933.27 893.3
821.2 913.28 49.33 233.04 509.07 582.12 789.54
121.88 871.34 940.03 1241.94 712.93 47 504.32
563.99 282.19 263.44 82.89 256.09 494.87 701.48
127.71 654.01 115.18 517.35 608.61 341.94 843.33
437.39 133.86 423.51 582.5 161.03 705.67 413.99
234.22 334.02 611.5 405.0 398.15 158.16 590.96
295.25 293.17 406.46 686.19 543.71 755.54 563.5
216.33 555.06 230.34 210.33 351.33 585.49 165.14
45.28 319.48 335.21 527.69 600.04 472.66 424.98
254.65 663.65 458.4 171.81 165.94 355.13 668.74
360.95 303.68 787.19 175.29 588.35 549.65 205.43
805.04 349.1 190.89 374.49 690.16 305.32 680.43
479.14 237.36 429.85 368.36 380.07 489.81 587.53
757.35 421.4 470.05 48.19 280.62 435.74 507.57
422.41 671.14 820.29 263.68 312.38 665.87 485.26
251.64 295.21 365.06 528.09 228.09 343.49 647.01
270.25 445 669.67 607.49 154.25 631.42 352.27
438.56 827.89 631.5 314.45 999.5 358.61 565.39
459.44 736.28 720.91 154.51 384.68 202.04 747.71
577.37 493.82 768.08 584.92 101.15 402.72 785.92
483.05 582.65 315.97 682.59 724.23 602.33 494.38
849.45 640.73 203.64 251.73 300.33 609.85 632.36
436.27 757.96 516.11 474.08 494.48 590.38 216.21
302.76 876.41 617.05 522.56 417.94 605.41 601.6
307.48 147.56 572.01 795.95 711.69 654.7 351.72
163.69 115.17 602.73 642.14 774.98 497.13 386.92
734.22 310.95 702.4 791.86 246.15 486.76 765.87
759.47 255.92 267.05 719.83 100.76 170.45 429.16
156.34 311.84 263.76 335.09 400.85 642.49 589.64
553.96 963.88 869.75 684.76 728.29 744.49 849.63
418.17 575.83 292.44 670.75 239 558.05 521.32
33.47 528.51 225.28 310.6 740.65 581.41 197.83
866.55 250.0 475.41 428.23 600.13 692.98 153.25
248.51 244.89 638.82 443.28 491.96 633.2 484.83
53.91 393.34 649.91 377.36 449.69 333.52 546.42
600.48 482.39 483.69 719.73 606.9 316.86 115.86
304.94 502.98 498.53 398.22 647.92 411.8 343.94
435.45 516.68 246.62 332.16 740.3 498.38 439.94
427.55 494.59 469.7 171.33 154.82 528.14 666.87
598.11 628.01 216.51 280.68 250.17 490.6 626.63
654.39 361.67 366.51 653.76 274.66 626.84 660.7
172.99 388.33 656.68 623.45 316.87 308.04 662.92
119.29 249.53 309.41 65.38 332.65 257.44 263.29
421.89 632.92 496.38 481.39 836.32 733.77 553.73
602.98 640.98 718.13 343.06 507.61 408.26 559.12
126 271.41 438.35 734.06 711.23 606.94 427.45
895.12 615.1 662.74 162.52 675.89 434.51 678.3
284.93 749.81 766.6 511.55 947.91 257.32 430.4
786.36 174.4 717.53 788.03 743.3 227.07 424.84
447.73 802.51 299.7 555.28 280.95 754.55 22.9
694.22 1052.85 625.77 769.75 680.96 414.54 915.78
245.21 684.21 526.3 873.09 853.61 811.39 828.36
287.4 272.96 789.2 804.2 316.64 457.68 581.41
861.33 636.46 493.97 652.56 731.9 526.97 961.19
968.79 644.19 779.18 601.53 394.85 939.41 459.52
863.99 487.21 86.59 773.24 444.24 706.35 235.51
1021.26 845.2 596.22 792.51 975.38 611.25 756.89
988.14 746.56 600.95 834.51 806.2 756.67 843.75
101.58 219.49 455.28 537.18 742.89 54.96 791.26
871.77 1143.98 658.9 424 428.54 592.48 721.42
554.06 550.67 457.01 707.53 776.77 605.82 193.82
600.33 573.3 798.56 143.54 921.62 805.51 486.29
904.82 447.07 325.53 911.34 120.11 572.19 777.98
849.11 84.34 519.19 333.76 886.22 192.35 373.91
387.47 881.2 203.54 854.51 1033.5 618.48 849.98
529.25 285.15 812.0 437.81 558.48 440.43 753.28
710.59 870.4 908.06 67.19 390.18 660.14 911.54
448.32 331.38 563.58 828.16 784.31 293.84 474.93
892.8 519.1 994.25 982.42 495.14 934.69 408.23
373.97 849.01 647.24 789.12 667.48 183.67 719.45
548.86 518.68 110.82 973.58 915.73 776.45 817.29
945.18 522.35 734.85 920.63 816.47 675.57 936.37
959.87 610.48 708.67 275.73 0.99 292.87 354.9
561.18 167.29 688.99 733.0 1121.35 491.4 354
524.16 453.97 152.04 635.91 318.58 317.48 853.69
484.24 304.18 880.52 359.44 412.41 319.75 645.89
584.93 40.9 304.03 333.27 600.02 509.69 374.91
659.52 594.23 149.24 277.08 686.98 336.29 520.3
214.75 591.88 687.87 464.71 368.54 723.29 501.04
357.05 180.76 185.97 608.24 564.74 516.04 610.85
519.92 425.59 554.44 634.13 133.17 214.94 785.72
477.89 556.04 308.76 460.02 543.16 236.25 252.7
426.97 744.02 697.06 519.14 260.45 225.69 234.65
592.17 513.73 745.37 398.81 481.07 580.56 391.14
549.06 669.6 291.99 336.55 758.66 661.07 397.9
194.58 570.55 57.36 317.35 408.05 183.61 433.73
138.88 181.39 302.96 518.34 608.71 599.16 832.79
769.27 627.89 687.96 746.97 727.65 461.19 625.84
444.67 660.18 349 771.5 741.8 206.37 530.78
334.85 511.15 696.8 793.46 280.36 1039.89 298.28
695.86 629.44 743.36 894.04 325.58 414.62 24.43
853.35 565.99 673.57 799.55 482.39 169.22 579.76
802.54 595.43 564.14 497.64 693.15 663.92 689.66
671.94 906.32 811.01 166.49 307.74 479.41 517.45
616.32 273.61 861.68 426.04 450.95 346.24 451.83
398.17 485.5 877.68 706.74 399.05 599.31 709.13
576.59 344.86 67.35 737.03 750.5 627.21 828.01
400.45 320.77 240.18 520.95 819.21 704.14 532.88
215.21 874.08 162.14 846.59 843.96 168.84 608.14
670.49 776.54 98.28 450.05 878.01 271.24 69.61
380.41 174.9 128.86 439.08 480.1 583.45 821.21
476.21 416.13 1026.81 885.22 651.6 672.45 639.75
899.28 295.51 432.1 242.45 584.16 268 839.24
767.2 313.22 737.38 499.17 609.98 907.43 768.8
452.45 1169.27 485.34 727.44 589.85 897.77 838.36
304.57 548.46 211.16 916.18 731.3 598.19 935.71
689.12 256.66 520.35 950.31 651.81 733.91 420.44
844.72 857.13 773.81 606.52 1020.73 765.48 78.53
418.18 418.04 721.64 785.14 479.64 926.79 628.52
621.8 555.94 662.32 328.98 398.18 1036.92 788.33
609.14 517.7 774.97 750.44 471.29 232.0 706.65
937.2 829.69 773.13 519.13 174.27 96.48 721.62
751.31 902.11 663.86 416.84 889.3 372.85 855.0
962.62 356.79 653.16 876.5 923.83 211.97 357.66
859.96 259.41 145.83 564.07 302.39 306.97 394.85
494.82 491.24 746.22 685.22 626.74 1135.58 1034.23
830.93 863.67 847.85 1020.25 504.75 642.06 137.72
787.04 435 308.34 252.37 286.32 634.55 324.42
159.22 865.95 340.53 347.35 687.82 399.2 206.26
240.16 501.68 475.36 236.57 238.52 514.03 383.86
415.64 344.83 486.69 603.9 321.62 260.37 527.32
120.49 433.43 281.76 451.11 622.97 256.69 321.5
524.32 386.91 567.95 212.25 245.35 601.2 463.82
624.3 394.66 531.5 377.74 634.71 685.99 275.1
303.46 633.91 267.65 602.46 320.43 244.42 459.49
224.21 423.48 300.47 651.84 663.04 417.12 196.09
429.03 450.2 574.26 433.95 685.96 269.69 609.46
385.55 515.25 360.77 476.8 402.55 121.82 730.52
503.55 585.82 313.41 410.48 273.55 514.63 405.51
321.7 596.99 213.64 71.25 339.24 449.65 630.16
656.18 626.94 603.92 537.34 617.15 733.38 533.85
532.37 686.64 657.5 635.23 111 458.78 348.53
296.55 749.39 425.88 330.49 975.16 341.16 426.68
861.12 483.13 316.2 169.23 675.5 433.66 136.86
374.19 482.91 523.84 572.31 227.62 663.74 711.76
300.93 128.57 703.71 281.7 587.51 106.44 623.77
770.59 425.6 218.13 695.72 350.95 485.68 285.59
69.13 718.8 624.12 663.47 536.39 636.89 511.88
695.8 767.93 115.08 126.48 809.63 433.84 686.99
171.94 398.8 612.76 327.61 404.4 281.0 811.18
796.18 367.7 326.85 289.29 336.8 697.5 362.09
831.79 435.7 631.42 461.92 540.18 425.91 651.15
436.45 266.18 861.38 679.61 544.6 138.76 430.83
191.62 460.96 515.77 330.91 585.21 42.44 106.99
178.39 367.48 731.23 734.22 792.52 780.87 694.74
767.33 856.4 707.5 598.6 762.39 566.93 763.24
223 377.94 245.35 385.93 795.22 477.37 321.44
1025.6 228.57 490.41 800.4 545.5 221.15 76.79
654.81 335.48 248.8 401.99 589.22 433.36 581.07
179.12 624.55 762.15 400.83 104.76 672.46 225.66
599.19 171.57 606.7 789.01 366.08 155.5 632.88
248.64 600.1 347.3 147.82 762.55 628.19 749.1
446.64 688.42 542.08 772.07 834.13 224.5 200.37
780.94 370.02 751.24 167.15 324.43 625.29 375.37
506.45 171.04 815.93 828.09 271.56 357.32 400.28
451.45 737.04 277.92 852.02 433.17 723.4 349.97
630.05 312.75 595.97 521.12 198.82 895.31 650.48
653.69 229.1 316.82 302.62 571.71 563.12 422.02
687.57 152.7 111.11 194.55 290.08 786.07 802.3
719.09 743.75 702.28 783.05 896.58 649.51 671.52
831.86 681.81 799.29 83 598.92 677.99 389.43
138.08 198.86 372.58 369.61 823.9 222.22 669.13
178.58 632.82 736.52 345.72 967.73 557.85 259.67
481.71 672.14 179.77 834.05 441.57 118.76 435.37
739.81 413.52 515.58 161.88 717.07 313.29 194.97
501.56 814.48 586.81 880.43 634.46 339.86 681.59
103.71 201.16 330.74 673.1 75.83 124.81 270.3
245.84 649.91 725.0 453.39 519.3 180.33 791.57
560.56 154.96 292.94 431.35 793.68 283.8 179.91
912.79 303.05 695.34 647.25 77.08 931.98 240.02
285.83 374.46 799.32 333.28 793.19 524.02 306.44
548.81 241.92 392.72 537.95 710.56 875.54 536.46
537.73 109.67 379.5 464.15 633.69 550.7 798.35
947.7 155.16 234.16 705.1 483.45 200.58 203.52
236.67 564.41 211.78 262.44 710.37 143.33 320
360.48 298.93 243.73 628.78 310.15 187.64 858.71
368.27 325.13 733.5 379.48 254.3 244.03 532.61
494.83 185.04 239.25 467.95 436.06 431.01 339.28
525.94 595.1 274.67 247.11 562.93 172.57 447.09
250.0 480.55 633.19 306.11 319.69 571.52 406.34
516.74 183.63 212.61 596.45 481.92 593.32 446.88
521.24 379.37 609.9 668.1 230.09 268.61 667.85
317.88 584.95 303.21 296.47 472.7 208.15 378.35
321.81 669.53 665.69 433.53 193.0 378.42 398.03
571.87 444.32 695.3 292.17 574.15 430.49 479.83
403.33 522.03 367.86 173.27 732.27 538.37 538.79
273.54 444.32 221.33 465.68 396.12 279.85 554.66
174.74 56.2 317.0 457.24 618.83 636.81 676.3
641.56 553.51 628.86 731.54 579.54 508.33 666.7
605.98 635.32 326 334.55 438.84 408.14 395.69
248.6 176.08 615.28 606.49 304.99 461.22 313.5
399.32 565.13 181.31 756.19 502.69 172.94 599.92
404.39 104.25 675.35 220.36 386.96 464.69 595.29
229.0 296.39 126.63 609.5 127.21 311.4 239.86
649.28 341.13 673.96 722.06 305.53 572.06 361.29
136.42 554.17 404.7 337.73 165.99 516.94 513.31
576.51 627.21 321.63 256.34 440.39 655.63 304.75
150.3 250.24 519.1 590.48 320.71 378.86 710.05
207.53 686.1 670.02 325.3 739.86 374.49 67.76
576.68 547.69 502.72 548.11 276.58 418.16 331.88
445.76 202.52 671.16 627.87 641.77 508.76 635.95
249.59 422.55 629.43 532.05 404.51 673.7 760.43
424.26 497.38 463.48 312.92 211.69 300.95 464.69
327.21 430.26 527.3 810.91 365.53 466 71.14
204.19 636.96 781.57 574.16 338.79 996.62 373.14
622.61 403.05 654.79 213.97 457.04 422.26 506.4
612.82 462.67 866.61 19.39 486.45 558.71 328.97
772.61 683.07 530.29 394.3 257.46 508.52 604.88
404.18 671.58 161.55 526.61 246.5 452.09 940.8
536.08 576.74 747.31 498.89 905.17 19.85 719.21
540.31 884.54 895.1 635.26 632.98 489.38 142.9
818.21 587.88 134.92 528.68 510.39 775.19 399.4
641.56 754.53 489.46 455.3 801.65 827.59 711.11
537.76 729.53 375.41 911.63 219.2 823.71 244.24
245.76 717.16 259.98 818.3 386.52 940.77 656.96
353.63 650.95 878.64 613.88 667.64 931.34 564.25
426.29 621.24 565.13 809.38 875.98 296.87 428.4
563.91 656.63 843.69 276.97 788.37 906.69 1031.42
747.09 17 643.58 719.4 401.34 102.89 221.35
412.7 333.61 862.0 234.44 709.93 184.02 673.75
768.99 386.83 1004.53 576.38 295.09 470.93 717.26
224.83 864.08 484.92 75.05 443.51 768.59 454.65
555.71 206.35 740.83 356.56 208.84 546.04 845.54
631.15 916.83 626.72 362.94 706.07 72.09 243.14
298.01 718.34 39.3 165.94 231.59 200.5 669.52
747.24 489.05 563.88 138.24 818.68 604.27 197.59
320.28 428.43 830.03 304.64 170.18 948.55 336.33
704.03 651.23 61.35 966.18 243.92 329.59 346.59
842.03 315.44 835.03 568.63 304.31 588.41 224.7
434.61 522.72 730.72 915.68 551.19 529.73 131.21
387.47 443.35 657.7 582.02 823.78 981.15 110.03
190.17 748.86 522.35 234.05 220.7 210.76 608.2
185.45 217.79 699.06 128.63 355 359.49 199.74
485.98 873.7 562.75 377.91 1105.26 127.78 581.07
793.01 634.9 196.15 61.05 688.62 238.71 349.45
477.15 691.21 397.88 639.2 156.01 642.57 843.46
502.55 143.46 696.66 253.38 658.92 241.53 644.67
850.3 374.64 124.03 626.44 150.34 698.74 439.67
229.28 840.13 681.96 846.62 411.73 771.02 614.85
865.93 923.16 314.84 270.45 805.35 373.47 839.78
191.02 318.65 685.07 461.36 608.28 69.1 867.11
897.85 177.99 435.62 488.69 546.24 812.41 196.07
913.83 488.02 822.97 273.65 729.23 233.05 598.82
619.18 219.12 965.78 677.08 755.46 306.08 218.26
403.71 673.09 645.04 522.25 789.33 246.89 202.79
227.11 214.53 869.6 892.38 698.55 761.12 757.17
842.55 970.92 647.99 764.46 922.45 778.66 871.93
54 92.05 86.97 515.8 744.62 489.77 248.55
971.03 270.9 530.95 525.03 571.74 71.86 316.77
457.26 418.59 470.79 379.1 746.42 149.27 463.87
423.73 390.67 726.94 557.05 386.15 450.67 126.68
486.1 457.62 423.12 669.19 129.57 391.9 358.68
347.96 807.73 423.15 429.17 709.64 491.9 817.75
161.7 664.46 486.2 809.51 836.57 488.51 485.57
556.85 120.27 755.39 445.34 60.76 510.18 409.32
654.89 279.15 661.3 738.4 386.23 358.86 656.76
686.71 675.76 428.23 731.35 324.1 815.27 190.25
723.54 188.26 334.61 612.71 118.24 805.56 435.04
819.61 509.35 286.25 511.99 751.96 546.9 549.02
820.65 417.07 281.6 477.53 453.79 760.65 812.82
433.69 505.77 564.9 657.22 822.82 381.31 708.96
844.02 897.32 722.75 337 322.75 165.21 477.48
848.84 541.96 348.1 1080.58 129.07 563.26 756.08
616.09 159.23 90.61 653.4 257.91 352.96 452.33
689.0 362.99 608.46 192.66 605.95 819.88 498.03
170.32 660.45 219.35 628.52 262.92 610.08 819.89
337.84 160.81 589.43 169.63 704.98 423.79 246.18
814.97 650.1 833.77 376.79 748.18 588.48 849.65
903.45 327.95 292.18 769.07 336.46 819.93 222.61
281.52 654.62 441.46 603.99 82.96 834.4 869.8
201.46 412.33 503.39 556.49 786.45 225.85 883.47
457.07 812.8 249.92 718.67 210.87 561.69 607.47
184.56 937.85 641.1 755.1 325.61 213.27 406.15
674.34 622.23 513.92 784.38 257.2 190.64 257.8
246.22 847.01 873.38 662.42 724.38 725.4 811.71
944.31 610.88 747.68 903.72 786.98 844.87 99
651.52 771.98 599.64 203.97 401.37 497.26 331.71
940.57 435.54 570.12 396.5 733.41 887.16 282.14
1090.04 755.25 422.75 699.05 708.53 235.91 993.35
393.15 239.99 648.86 905.62 338.75 629.16 216.17
899.51 286.05 26.5 564.77 969.77 543.14 1006.98
852.99 533.59 862.58 193.36 198.95 517.12 705.16
267.7 289.06 439.27 365.89 843.7 911.46 323.57
578.92 342.52 962.43 632.89 189.99 479.23 650.15
922.55 91.79 102.82 1042.55 470.12 906.55 862.97
173.74 1070.17 40.76 387.3 571.59 874.46 545.29
878.53 491.38 525.26 664.64 142.24 330.18 752.42
902.31 975.0 740.86 756.14 320.85 593.65 672.61
816.87 711.66 974.65 1089.54 271.01 375.62 643.71
377.61 126.44 33.46 184.31 511.59 413.69 392.48
927.61 132.82 62 289.55 435.02 539.94 489.97
387.91 263.55 689.65 617.06 444.3 322.49 451.33
406.84 616.18 109.13 766.19 612.91 305.94 738.4
338.14 201.34 729.16 83.63 491.94 596.14 661.53
115.2 334.77 219.74 694.12 86.07 356.11 219.45
700.05 207.36 691.8 856.95 433.93 657.62 458.06
193.04 687.0 333.93 455.07 297.77 643.25 626.25
676.87 715.44 223.25 228.24 559.96 723.79 287.55
232.45 381.86 656.25 615.31 323.38 445.14 729.7
333.1 803.02 794.96 421.02 767.23 412.05 188.36
713.01 517.11 641.23 528.15 143.48 557.39 366.94
505.75 92.85 810.03 722.42 632.54 626.67 772.75
383.09 557.14 768.58 623.31 483.51 747.13 790.87
530.87 615.04 328.45 192.87 248.97 340.19 535.78
189.59 562.28 643.5 946.58 444.24 460 383.11
245.3 400.71 811.16 493.4 335.7 1041.58 216.99
506.35 808.05 561.48 224.03 60.77 667.34 320.5
260.03 417.71 602.2 436.15 595.81 164.65 635.26
778.15 414.62 95.74 683.96 236.16 614.06 171.23
619.62 804.08 374.98 140.24 640.45 234.07 610.16
363.21 150.5 778.46 642.61 764.39 449.56 704.43
557.76 787.8 850.11 230.73 200.38 792.56 378.25
767.23 157.57 331.14 640.18 391.4 520.08 158.12
830.23 843.68 256.28 373.16 406.25 459.74 752.87
261.98 867.14 447.49 738.24 345.21 645.01 307.14
604.73 536.35 208.01 910.95 662.23 666.08 231.17
306.35 314.23 583.61 579.12 436.71 701.26 160.17
127.14 186.8 274.05 802.09 818.24 724.77 754.52
716.83 797.99 912.39 657.78 687.32 847.78 691.04
815.02 191 454.56 571.98 480.04 300.28 288.56
307.0 501.2 741.97 339.48 465.25 324.44 533.83
698.26 141.92 891.8 605.9 261.97 636.12 516.08
57.01 807.29 239.93 306.03 535.18 724.2 209.6
432.2 54.58 730.26 112.14 178.67 365.5 782.03
388.9 809.77 775.17 391.21 692.79 269.3 2.89
529.95 513.98 279.87 167.85 474.09 443.16 687.21
745.67 261.51 380.19 383.89 783.38 433.22 49.4
333.22 566.88 726.27 187.82 257.75 845.87 306.83
777.64 749.29 232.44 875.43 240.68 195.19 566.89
675.36 509.96 678.67 328.39 450.04 467.7 321.49
188.72 701.6 742.18 774.98 602.71 682.45 243.69
485.2 642.23 650.03 531.15 799.23 895.78 345.2
435.94 504.27 282.33 75.87 166.6 347.57 363.92
406.69 462.7 859.48 253.96 150 573.47 419.15
499.61 965.11 641.58 524.46 1190.38 306.08 640.72
1003.58 697.16 410.14 164.86 863.04 317.08 316.64
586.37 650.36 617.03 778.53 79.22 833.9 927.23
491.12 105.82 881.89 434.82 795.15 134.86 814.07
981.57 573.06 105.9 836.05 264.91 607.85 500.94
161.97 934.53 828.21 862.17 630.83 852.33 725.51
902.05 979.28 232.91 145.67 990.3 575.53 899.45
45.25 525.93 820.89 543.17 585.54 248.57 1016.24
1010.84 257.87 539.34 363.72 442.5 913.02 223.07
1043.53 634.92 823.13 484.18 736.14 442.37 802.44
639.65 406.52 1076.43 859.78 700.21 183.55 392.71
365.66 612.95 731.5 531.03 759.65 210.37 297.43
47.48 212.8 946.06 944.88 914.87 953.13 900.87
977.29 1072.06 854.7 807.69 972.24 671.93 978.47
376 786.67 767.99 229.5 489.52 324.64 521.3
647.12 829.69 268.44 1033.91 276.19 721.13 669.92
730.0 935.17 369.43 415.12 50.28 869.06 549.85
719.2 792.78 441.25 203.17 623.96 791.34 616.05
545.93 545.25 681.44 632.17 701.16 716.13 906.26
850.91 208.46 321.46 525.23 478.62 597.91 219.86
876.71 389.49 434.09 294.88 401.8 446.38 534.46
861.33 718.77 353.37 646.39 725.55 556.22 350.85
97.6 774.8 722.01 589.24 869.38 407.08 375.32
294.85 485.05 862.74 669.11 531.53 160.55 901.37
115.52 875.61 842.97 154.69 631.42 629.29 765.75
101.23 499.98 912.32 316.12 115.73 358.05 194.44
83.63 483.2 512.84 632.0 865.82 432.18 366.56
1027.78 872.94 627.7 641.85 596.4 897.08 252.35
381.07 273.82 546.08 114 115.88 139.27 642.34
843.9 608.78 367.07 1064.86 286.23 652.51 494.27
690.71 168.08 393.03 508.42 413.68 590.29 496.96
872.94 79.6 553.12 486.74 420.33 830.63 683.27
471.32 485.24 253.22 575.51 555.43 485.36 747.83
210.64 454.88 341.07 364.2 931.94 549.08 531.19
809.13 572.07 938.88 91.83 772.25 592.5 926.42
946.76 598.96 584.39 582.75 193.48 867.2 525.02
154.54 597.53 532.89 781.42 319.93 725.02 825.9
400.74 480.84 771.22 806.42 773.84 450.68 807.59
426.81 938.84 124.06 847.83 150.52 340.3 737.67
242.57 891.3 475.7 946.09 612.52 259.34 633.89
877.91 659.5 675.55 946.77 526.16 399.48 560.14
478.45 865.99 924.97 381.43 522.72 640.66 733.87
913.46 372.01 827.17 956.05 1020.98 814.97 395
607.73 584.79 47.02 479.05 203.8 347.92 682.52
653.28 161.14 887.4 204.33 537.86 502.16 603.92
766.72 222.07 260.12 187.93 689.7 435.42 565.45
649.28 433.3 56.38 467.02 658.76 433.56 438.17
403.99 551.5 571.08 525.89 557.61 748.18 680.4
291.17 144.13 376.85 456.43 489.28 324.94 697.92
363.03 326.62 365.92 452.07 313.15 400.58 742.23
542.9 378.51 499.8 545.59 455.22 185.84 96.8
600.95 645.6 557.42 701.87 239.87 316.09 266.42
448.51 700.71 620.97 378.46 292.45 718.3 200.69
693.08 686.87 103.51 448.23 612.21 632.37 262.18
373.64 733.41 179.66 208.58 275.7 11.21 264.29
330.01 334.1 492.61 706.93 440.66 416.18 867.53
742.49 536.74 575.77 592.18 743.16 277.7 441.08
380.57 516.64 363 649.42 644.83 125.48 409.83
183.29 381.33 604.07 726.78 128.3 891.16 150.64
596.92 581.81 591.49 845.09 307.13 271.31 170.96
732.01 413.92 648.87 650.24 362.57 137.56 550.14
651.22 486.04 412.37 488.99 541.62 521.92 561.28
640.06 762.3 757.96 310.77 188.75 461.49 390.55
464.53 241.46 739.02 296.59 299.06 281.03 369.53
398.06 485.62 725.6 579.2 298.84 584.32 589.76
425.44 209.63 104.01 676.73 604.26 496.31 780.86
265.66 387.79 327.15 387.57 781.77 566.78 387.57
214.77 779.04 120.69 756.53 699.06 22.3 505.06
546.65 625.34 241.21 458.33 803.9 264.02 216.06
231.44 91.94 212.09 414.31 407.43 577.58 788.89
365.67 333.36 883.82 733.63 502.04 528.91 522.51
753.3 195.57 357.39 392.84 454.17 195 693.2
785.79 501.31 49.81 317.22 484.86 258.28 937.86
334.14 697.64 284.15 742.02 855.57 383.19 1083.2
674.82 378.02 562.88 761.61 256.53 953.88 490.71
83.11 543.62 859.82 448.82 626.99 234.49 836.49
365.94 144.44 597.97 934.03 641.81 996.44 720.34
458.8 801.2 37.95 252.8 361.78 761.0 128.55
239.51 282.23 211.5 767.55 843.9 460.56 614.79
186.04 911.61 660.86 215.66 412.89 525.7 909.85
245.42 73.46 1029.42 422.31 804.12 750.6 43.01
1049.91 158.81 389.23 418.76 902.65 402.46 899.4
582.78 402.5 661.06 124.71 433.16 610.11 828.51
985.83 650.78 623.52 226.87 487.59 524.8 753.16
670.31 918.19 1066.11 114.02 218.61 753.46 504.88
213.51 161.49 116.98 614.68 266.44 237.02 789.46
30.31 373 476.51 411.8 158.11 618.93 296.86
270.9 841.29 454.83 290.73 833.05 347.08 368.94
299.36 603.6 564.06 80.27 268.02 363.34 552.97
473.73 367.46 613.75 579.22 171.82 268.4 642.84
288.77 485.63 223.49 549.77 658.65 416.28 357.08
675.24 478.13 400.29 155.3 189.87 589.76 528.27
524.72 563.63 504.37 396.19 555.96 629.32 158.92
229.87 742.91 429.5 549.08 308.56 412.31 509.29
206.13 277.76 400.19 710.3 673.84 499.09 222.54
272.72 282.85 571.23 498.43 717.57 356.36 495.2
540.54 402.75 510.52 621.95 297.1 290.41 737.08
617.1 431.22 217.24 538.51 105.11 354.0 387.3
193.49 458.45 141.06 141.79 308.57 505.54 596.5
595.26 784.42 724.64 593.67 657.66 728.32 679.97
459.07 623.15 489.08 638.49 368 254.04 105.46
617.4 919.42 640.12 410.46 1148.72 110.21 672.61
670.0 720.14 149.2 253.43 643.83 240.38 516.36
535.77 839.75 254.71 647.27 327.3 570.77 897.76
646.4 335.88 633.04 268.03 669.24 433.03 610.86
855.02 317.24 296.94 512.45 187.14 869.11 544.73
417.5 884.52 678.06 955.39 267.83 831.25 657.38
959.08 998.26 498.67 462.16 736.82 306.64 915.38
379.73 248.06 693.97 547.32 751.3 154.51 849.14
920.76 223.53 505.45 674.34 725.02 852.06 273.77
917.58 502.07 942.9 82.3 848.78 40.77 502.68
736.04 237.62 988.43 619.13 908.89 496.56 98.41
567.54 831.49 708.69 653.42 928.37 427.1 336.13
416.58 301.65 929.37 971.64 558.64 681.58 751.69
843.56 1003.15 541.06 856.76 1002.74 953.2 902.7
228 513.74 345.86 669.47 1078.38 764.93 581.6
1309.8 164.28 779.81 940.25 834.69 365.68 213.9
878.58 82.1 507.62 681.99 854.82 525.89 841.92
167.93 820.82 1047.49 676.42 253.73 879.22 450.64
862.05 346.56 837.89 1053.41 553.95 162.06 779.71
85.21 833.37 636.8 356.32 1044.93 882.96 1035.55
539.22 974.58 819.91 1061.19 1123.36 443.77 367.82
986.56 548.6 1040.32 248.61 489.59 888.14 663.06
779.32 157.19 1066.15 1102.69 48.66 639.9 596.06
670.06 1017.41 14.74 1116.99 690.52 1006.2 340.95
914.1 303.13 763.51 807.47 415.26 1170.67 861.87
912.27 408.35 210.26 561.94 826.19 848.72 704.74
959.52 394.1 399.86 278.2 35.14 1072.89 1091.72
830.53 936.6 958.29 1045.11 1175.98 806.32 960.91
1121.33 902.93 1076.98 133 155.7 177.54 411.29
637.58 374.75 133.96 866.43 340.01 416.2 536.37
456.72 134.11 323.71 396.52 489.94 394.65 264.31
641.65 236.33 367.5 436.69 355.36 617.37 456.47
374.84 406.17 44.88 389.08 423.32 353.58 577.75
100.16 407.18 370.37 409.05 714.42 313.45 389.59
602.64 402.73 702.96 245.36 552.91 376.44 694.63
723.59 431.27 448.37 515.01 109.35 641.89 437.21
92.03 414.36 295.56 550.06 327.66 582.38 639.39
445.84 244.15 587.69 606.17 569.87 479.04 640.99
219.95 701.57 301.49 610.47 292.68 328.07 500.51
73.86 707.28 385.71 715.56 464.18 378.11 428.49
652.08 433.49 442.9 711.06 365.53 220.02 463.81
501.38 650.07 699.14 469.09 474.63 477.71 567.55
720.97 383.33 593.96 730.35 805.22 620.5 365
655.02 538.29 342.53 838.52 526.73 503.46 1049.43
491.91 506.93 1052.08 560.06 509.69 312.8 844.17
541.02 168.97 511.48 437.04 719.3 717.32 297.89
845.36 794.97 312.8 233.44 879.66 476.2 728.8
130.78 790.74 897.67 618.95 310.39 888.19 474.71
376.55 390.57 145.96 812.46 771.98 675.49 731.99
721.84 635.42 729.13 819.56 90.12 103.02 982.29
628.17 746.28 217.32 594.86 752.09 445.9 387.53
428.63 953.09 904.66 477.35 466.3 131.02 211.01
798.49 450.81 954.92 597.63 627.43 641.0 549.23
602.06 840.98 470.5 462.24 964.99 854.47 478.24
65.69 584.17 190.95 391.47 615.12 364.43 548.26
154.4 299.06 188.1 443.83 805.91 783.49 987.61
959.77 836.68 897.79 950.77 898.11 645.27 807.51
439.17 866.85 426 835.45 815.43 276.94 513.2
370.17 570.04 656.69 873.66 313.8 1079.52 317.28
768.76 711.42 773.19 976.29 408.32 462.92 63.72
917.83 592.21 756.58 838.32 465.42 247.25 662.65
835.32 664.39 587.33 580.53 725.37 664.57 749.92
754.84 953.5 892.84 198.64 370.2 562.42 505.14
639.05 221.35 925.49 419.03 476.55 303.36 412.11
480.98 568.07 902.99 767.54 372.27 682.25 774.28
596.48 399.43 141.41 817.96 756.66 616.06 910.32
455.65 394.95 310.93 514.48 902.02 698.53 578.79
156.16 948.59 140.91 922.37 890.04 200.78 679.38
652.3 809.91 67.63 532.23 957.21 354.11 119.37
398.22 242.36 47.89 521.92 558.16 666.1 904.17
452.71 378.28 1075.18 916.39 665.7 675.14 616.82
943.82 276.56 389.19 250.11 572.99 305 119.46
250.59 683.15 804.33 611.94 380.9 1014.57 412.15
661.87 368.75 691.63 263.63 505.13 426.16 539.52
663.17 501.38 912.07 52.43 508.21 604.97 325.49
798.08 730.21 579.44 390.73 307.17 529.83 655.25
414.37 684.26 201.18 572.89 221.92 490.45 989.19
580.87 627.36 770.54 515.53 942.01 38.6 747.75
570.39 917.98 923.71 686.14 683.43 479.06 183.06
848.47 636.42 183.74 548.44 552.71 820.85 442.57
647.02 770.94 527.15 497.06 852.36 877.64 733.93
576.8 740.24 407.71 950.89 245.95 864.23 276.29
234.07 759.15 310.66 833.12 386.32 986.35 707.67
383.95 700.76 925.62 646.73 713.18 974.31 615.12
477.06 670.15 604.48 835.53 906.04 255.15 415.12
576.84 668.49 860.97 255.45 823.47 936.47 1079.98
766.18 496 481.23 536.08 262.92 293.72 66.82
228.35 525.12 671.78 119.55 649.81 121.09 489.16
578.36 343.8 813.31 411.75 103.96 418.6 560.36
166.96 675.68 408.81 264.11 316.41 581.75 404.63
369.7 168.09 562.6 294.73 317.2 383.72 656.06
533.39 725.47 553.79 190.13 526.52 260.61 219.6
366.46 563.85 194.13 57.31 340.4 361.92 501.14
572.22 477.99 402.34 280.36 634.25 433.57 185.2
137.73 345.75 638.66 380.15 332.32 757.02 145.02
567.33 531.88 235.38 774.77 374.63 171.23 384.91
663.17 310.51 652.66 468.89 232.87 401.0 397.53
379.09 486.99 560.58 728.41 398.0 461.97 71.87
264.63 438.59 479.26 392.29 642.18 790.01 292.93
337.82 655.79 486.38 267.92 318.05 395.05 519.56
245.44 369.01 638.99 299.67 91 748.85 684.56
219.18 664.97 409.35 515.52 848.04 700.5 365.3
1074.32 402.59 643.11 524.96 804.24 782.1 225.69
454.14 173.48 826.84 639.86 548.25 840.88 617.24
162.66 462.26 856.08 562.18 643.35 368.34 750.99
773.67 681.07 552.24 926.1 704.68 127.18 323.34
358.65 646.6 694.16 434.61 837.12 552.69 532.17
502.94 605.24 270.27 350.57 943.72 695.92 544.69
469.58 684.59 660.73 376.88 158.16 639.77 850.59
752.38 716.08 424.25 159.45 78.1 643.53 699.54
821.13 569.11 377.54 809.93 316.25 777.24 867.8
278.31 565.51 802.57 829.6 207.59 311.62 790.13
175.14 121.17 478.79 211.03 283.44 327.77 411.73
447.99 697.55 617.2 568.96 1041.35 940.0 742.32
779.24 777.08 925.39 439.18 587.6 214.01 710.32
183 575.4 686.78 511.08 193.78 311.84 404.74
380.26 851.69 350.27 553.32 316.66 646.61 793.44
238.89 1000.58 662.16 327.85 626.9 637.76 145.6
899.05 347.72 212.49 561.95 810.88 304.04 539.29
124.46 804.69 226.12 68.83 484.7 875.75 499.33
916.61 777.15 440.65 767.73 168.55 119.76 472.0
635.68 213.18 195.72 402.85 350.3 749.87 816.84
320.34 499.98 306.45 867.54 551.44 98.75 385.55
571.2 831.6 137.38 136.16 951.76 375.22 817.43
777.16 135.48 978.2 131.63 296.25 519.76 794.24
480.9 795.87 441.84 447.18 574.65 200.05 288.94
684.86 808.17 889.62 649.46 680.98 236.95 507.51
611.79 722.14 616.96 879.69 997.12 250.18 350.74
609.29 361.11 68.66 66.67 226.42 471.22 357.51
373.54 855.27 136.83 402 423.51 356.08 200.97
630.64 307.27 235.03 857.24 405.88 311.17 790.99
367.38 313.12 259.98 576.24 521.64 122.88 257.65
416.08 498.92 459.57 340.15 577.8 593.56 223.07
242.29 611.06 235.6 473.58 219.33 523.1 653.8
367.49 325.73 630.63 434.39 456.05 168.34 182.47
599.85 512.71 562.89 509.82 518.76 393.71 587.71
654.46 178.91 232.51 713.85 379.81 572.55 290.59
359.49 498.34 208.5 328.68 353.67 698.24 677.3
457.77 210.35 317.16 335.0 578.39 461.54 714.46
330.78 537.79 485.28 444.15 455.82 579.46 334.88
235.43 742.34 585.87 485.09 229.57 487.39 158.51
409.06 396.9 237.35 508.14 137.09 88.11 297.19
471.03 613.93 621.54 737.22 691.4 581.45 651.2
737.33 637.26 488.21 650.44 544.65 644.16 121
282.45 441.64 783.87 779.28 665.97 474.19 963.12
609.99 721.28 174.49 736.99 445.28 690.6 353.1
737.35 803.88 567.05 1001.89 248.0 496.78 795.18
242.67 785.09 836.72 760.03 294.3 453.42 514.56
826.06 367.58 623.26 313.58 763.11 91.03 688.52
1101.51 675.91 794.87 748.86 482.33 979.19 234.51
750.61 590.02 938.37 920.81 842.49 852.9 347.25
302.27 855.54 819.55 336.61 525.12 634.32 914.03
637.72 560.36 720.74 725.37 578.98 998.01 1010.49
712.05 774.72 668.88 452.42 1001.03 442.42 923.76
474.31 152.29 830.3 468.45 774.22 303.56 1075.69
872.44 581.08 833.11 1026.72 674.53 808.34 1046.16
775.25 630.73 851.46 802.3 824.21 910.43 59.47
279.22 523.54 605.09 811.02 121.33 854.98 938.66
1192.86 727.16 340 670.46 792.05 617.86 208.61
420.02 518.0 320.7 961.02 453.11 579.05 412.96
753.67 907.92 297.35 1110.54 774.75 443.12 713.22
726.66 256.61 1014.08 407.96 247.35 666.63 926.27
352.12 649.74 236.92 919.78 303.6 46.7 584.29
990.51 557.15 1027.56 867.87 553.09 882.89 201.31
219.04 525.73 723.1 279.91 308.84 446.39 369.09
863.46 931.59 331.26 598.29 350.25 983.01 652.55
210.74 499.0 665.95 943.19 95.83 102.54 1063.18
490.49 924.81 880.33 184.86 1090.87 22.67 407.99
581.48 893.87 557.98 898.26 506.5 541.03 685.22
132.05 344.69 765.47 922.21 995.06 759.82 770.94
338.4 611.25 684.25 837.09 732.32 995.12 1110.27
276.45 380.72 655.81 387.43 145.81 53.67 177.12
525.09 425.09 396.17 941.61 137.5 79 201.86
135.02 672.77 918.19 664.41 424.1 1142.63 217.11
703.73 581.28 746.23 180.95 356.34 598.78 329.32
595.1 554.45 900.99 171.12 632.27 435.8 512.88
901.86 708.23 438.3 577.6 292.76 654.67 531.65
573.37 831.95 288.71 405.14 432.22 290.55 945.03
588.18 512.61 883.24 655.1 990.29 182.15 840.18
661.49 984.61 1012.57 589.03 560.94 675.73 273.43
931.4 485.47 223.96 677.72 580.31 810.44 263.23
813.51 906.57 324.77 531.99 764.46 808.74 848.8
376.93 892.68 497.93 984.76 33.49 891.9 71.13
433.3 779.88 271.76 972.86 567.42 972.5 593.23
172.29 643.22 899.33 722.9 707.64 982.35 516.2
406.67 522.03 405.02 935.99 988.81 463.31 615.77
725.5 818.66 992.75 463.92 883.62 1020.02 1031.75
893.31 346 241.06 199.62 343.01 643.73 349.54
139.34 875.35 318.47 381.0 628.15 428.83 151.47
255.87 463.51 462.37 303.7 249.68 573.02 316.99
400.53 367.27 436.79 617.23 382.47 294.41 482.29
53.23 420.23 333.21 415.7 611.62 193.26 340.25
462.96 375.81 633.29 257.22 298.5 609.44 444.02
664.72 327.63 547.5 381.74 667.57 709.96 337.77
357.31 590.44 202.83 626.63 356.59 177.15 446.38
255.71 481.73 289.49 630.3 661.16 409.53 215.16
495.51 517.46 579.8 434.17 675.16 249.48 655.19
333.8 561.71 313.64 418.39 449.26 59.88 729.25
459.84 645.76 371.55 377.19 340.65 577.07 422.6
377.19 651.21 272.49 126.8 380.21 453.22 646.39
682.18 562.57 555.51 519.06 603.88 736.72 474.56
565.19 713.13 723.24 636.92 433 754.04 669.22
278.04 751.43 476.71 543.86 940.81 659.94 438.77
1107.8 481.71 631.86 480.17 855.17 726.18 210.0
503.68 269.79 828.1 700.07 485.71 880.99 704.3
225.71 408.92 902.46 566.23 706.0 308.3 801.21
848.68 696.35 494.31 953.08 654.14 184.21 370.0
307.43 731.14 755.25 531.38 839.4 637.17 598.23
598.4 699.36 219.08 285.73 995.59 709.5 636.28
405.21 690.16 725.38 427.18 250.39 597.35 920.39
834.44 661.11 467.54 66.48 20.28 725.39 638.85
899.04 612.52 474.57 787.34 411.75 751.75 897.91
364.04 563.47 887.33 876.1 296.35 245.19 751.59
175.87 213.36 553.48 280.64 378.59 287.7 399.96
378.93 633.75 706.64 662.97 1063.92 985.98 808.83
852.83 864.22 955.95 530.87 682.48 249.62 793.11
329 647.43 601.62 98.39 565.26 290.75 402.14
762.87 644.9 250.2 956.34 292.94 557.08 480.32
683.32 745.1 177.82 333.63 172.16 727.59 519.55
527.65 721.43 518.8 41.83 432.38 735.48 464.48
523.59 355.01 630.11 660.2 573.44 524.56 810.85
661.86 225.32 204.42 333.82 543.74 574.07 379.6
737.01 449.97 413.33 433.24 526.84 257.34 346.06
822.78 589.24 457.6 455.53 583.64 541.58 256.52
95.94 588.04 733.83 645.92 679.13 305.38 229.66
177.31 536.91 671.36 710.14 449.47 334.89 732.1
253.0 702.92 751.45 180.58 472.89 699.79 709.01
238.41 313.83 730.26 124.71 162.9 364.84 92.49
274.36 291.6 334.53 442.62 674.21 523.82 490.49
927.74 819.4 623.94 664.73 678.34 808.71 353.75
513.18 316.72 604.85 409 579.9 497.74 188.12
683.24 372.34 381.71 895.73 507.21 351.53 944.07
404.86 458.93 333.29 710.32 594.32 35.62 366.58
325.2 653.7 571.67 369.3 724.1 639.92 165.38
276.57 751.7 392.25 581.56 194.64 656.29 745.24
524.8 368.5 785.86 514.32 320.25 239.42 175.16
657.06 626.9 536.21 665.01 566.59 483.9 582.93
669.15 97.48 186.24 850.25 537.3 593.96 295.57
516.15 603.92 296.42 256.33 446.9 804.36 749.67
528.12 323.92 161.68 180.61 643.22 516.16 801.55
463.35 494.51 619.64 409.52 585.78 732.92 321.03
389.07 809.68 725.77 382.3 156.49 596.63 37.96
297.03 460.12 212.72 432.33 137.17 226.36 282.25
517.26 651.61 633.42 894.06 833.99 688.7 746.1
795.41 790.93 494.86 658.58 403.51 711.62 293
462.99 298.95 684.84 1067.75 761.87 562.22 1299.5
115.43 781.89 882.28 835.32 326.39 230.22 840.74
37.88 535.22 671.65 882.09 466.86 818.39 218.8
776.09 1039.52 697.65 288.68 836.47 424.48 839.27
388.59 802.9 1029.81 513.09 203.56 724.8 50.94
872.76 640.87 392.08 1033.67 856.24 1047.38 479.8
968.07 806.37 1067.15 1123.13 481.28 412.76 942.39
505.72 1039.65 297.55 446.1 865.09 661.08 802.49
137.06 1035.92 1084.86 37.27 632.24 642.55 712.17
1004.46 83.79 1093.3 667.56 1022.33 274.48 928.96
239.13 713.0 819.64 389.09 1153.01 820.6 942.95
453.13 139.22 590.09 858.21 842.16 720.87 983.64
424.08 404.0 330.78 109.15 1066.94 1092.76 769.0
889.65 931.39 1020.38 1161.43 752.98 965.6 1122.97
946.25 1061.51 220 247.83 236.19 320.57 596.93
307.17 92.47 828.47 365.05 341.81 608.49 387.59
187.82 299.93 424.87 509.58 308.22 204.27 551.25
328.08 354.11 410.06 406.22 571.01 364.67 332.72
447.92 71.12 373.57 361.73 375.56 564.89 182.41
383.96 446.2 423.14 622.33 226.5 325.6 562.56
398.56 627.48 337.36 501.86 334.68 626.74 665.97
354.34 383.91 555.1 195.54 582.85 394.24 183.99
399.74 217.23 459.62 336.84 585.5 613.82 456.88
172.52 502.57 516.64 532.69 481.2 628.41 203.54
621.17 369.16 528.56 352.25 397.15 416.96 95.62
681.9 424.53 624.91 393.99 421.21 338.82 560.29
377.51 353.02 623.91 294.21 151.12 415.56 499.96
600.66 638.85 551.81 523.75 473.39 557.41 689.44
454.49 524.64 669.9 713.18 589.6 161 460.19
431.13 108.19 522.19 199.34 215.4 746.32 509.08
197.68 776.51 254.07 384.1 372.93 524.69 631.85
167.52 177.85 338.63 541.2 383.04 453.8 547.4
483.36 151.85 355.46 569.53 281.22 393.38 320.34
470.58 562.27 384.57 439.8 626.13 543.84 413.94
57.62 285.68 492.58 438.21 453.2 550.15 408.44
299.72 474.38 540.47 255.07 327.64 665.07 400.44
458.74 400.92 396.9 416.2 109.69 247.14 460.82
617.07 576.01 568.94 136.27 342.73 330.9 473.55
574.77 620.61 279.52 432.96 564.82 338.64 540.33
568.45 226.79 294.61 639.28 543.27 411.91 314.51
585.42 165.47 347.32 289.8 142.61 417.62 237.22
190.95 403.81 584.82 502.11 507.47 741.27 652.82
500.93 561.85 630.99 626.24 374.37 536.36 505.31
540.7 499 273.65 105.28 556.44 887.21 595.36
376.92 1118.21 81.71 623.66 703.96 673.52 129.36
181.92 643.66 231.77 446.47 495.88 775.16 294.55
626.59 264.13 581.12 862.47 582.36 264.24 640.55
234.81 647.95 360.36 605.92 837.24 316.26 232.69
541.1 157.43 799.26 490.5 344.58 852.59 662.18
902.57 308.33 793.57 624.43 911.17 956.38 426.07
389.53 747.19 309.53 873.0 310.56 250.07 673.45
498.84 687.9 96.31 839.93 896.67 195.7 461.43
601.65 653.35 821.61 238.75 900.51 477.2 886.66
152.88 792.33 112.83 522.99 679.87 200.58 964.75
624.13 843.18 423.69 132.26 498.47 764.38 669.01
592.75 866.57 354.79 271.18 347.1 265.06 892.36
928.29 600.07 696.23 737.04 827.09 976.09 566.7
808.69 959.16 882.54 875.68 286 902.92 989.81
636.91 174.84 484.71 684.54 72.49 1134.71 482.09
883.77 425.77 944.83 1038.22 582.47 1277.0 821.85
567.54 625.48 971.87 466.81 1129.74 692.62 199.82
666.95 1032.66 645.01 827.58 444.78 995.64 571.5
316.63 807.13 1112.79 844.36 1189.16 782.08 622.35
962.68 209.83 460.77 366.74 971.29 273.04 436.82
282.33 173.71 915.84 998.65 637.58 824.19 233.18
1079.59 868.94 425.6 586.44 618.13 1102.36 403.01
216.03 1220.53 607.68 918.76 851.77 244.03 1236.93
288.23 595.34 433.45 1109.64 462.55 1104.65 787.43
510.48 860.64 177.45 632.37 651.21 977.47 1187.56
787.94 690.85 398.6 613.9 552.57 913.86 850.48
1081.38 1251.11 176.58 208.64 951.6 690.77 411.73
335.58 130.06 815.33 337.81 196.96 833.37 209.38
426 276.94 108.4 553.13 886.42 593.6 376.3
1117.51 80.42 621.51 707.72 671.57 130.79 176.68
645.34 230.63 442.09 494.6 771.41 298.84 626.8
259.16 583.52 861.44 578.7 259.0 642.74 234.5
648.1 355.2 607.29 837.58 318.19 227.68 544.63
155.06 794.86 487.9 339.53 851.84 662.73 900.0
312.64 792.35 623.67 909.05 954.78 421.18 384.37
749.53 311.73 871.37 305.34 252.36 673.64 496.78
684.29 91.97 840.9 896.52 193.28 459.81 596.73
648.67 820.98 235.66 900.89 477.17 883.76 158.11
789.43 117.99 526.05 677.02 200.05 964.62 626.16
839.3 418.58 134.76 494.21 760.33 667.67 589.46
863.12 349.99 267.54 341.87 261.81 891.18 926.56
604.25 698.86 737.65 827.54 975.69 570.04 806.57
957.41 878.01 875.31 268 549.21 430.78 320.68
801.64 480.27 416.1 1021.92 394.37 471.4 952.91
527.26 402.18 213.99 760.7 460.99 134.77 444.68
469.36 612.22 647.82 226.6 753.28 761.12 308.39
141.79 791.5 373.61 661.53 48.6 708.23 839.45
517.53 230.11 787.63 386.88 442.68 338.77 40.9
772.87 701.05 679.8 625.01 686.45 577.66 722.31
803.41 52.14 46.44 896.46 525.74 725.33 150.18
489.95 686.08 388.41 402.38 331.31 886.33 857.18
395.31 397.66 218.72 282.13 754.68 377.28 899.21
517.47 639.93 535.62 553.48 497.34 742.72 459.48
357.45 920.55 767.0 522.64 46.82 486.52 182.4
435.87 570.68 350.42 577.68 53.94 198.36 136.59
375.79 776.89 768.37 884.23 869.69 769.51 837.6
911.52 799.21 630.25 794.86 516.32 821.95 173
804.92 885.46 532.33 78.1 376.06 578.93 176.06
1027.57 374.71 821.59 318.62 839.93 929.57 508.07
1169.18 716.07 459.92 540.61 876.29 373.54 1021.18
615.27 91.9 565.02 924.22 573.66 721.93 352.3
888.45 489.77 259.77 708.1 1004.14 766.13 1081.22
699.15 514.11 855.17 111.02 375.72 298.53 876.51
164.39 331.86 211.51 111.08 810.09 892.05 581.97
725.58 137.94 971.52 768.13 336.07 477.77 523.63
994.43 357.58 163.7 1112.36 499.46 820.25 756.6
147.83 1128.41 252.91 493.53 363.34 1007.25 375.57
1000.91 706.55 410.48 754.58 162.57 558.03 574.62
871.73 1081.89 683.8 605.11 290.07 510.96 479.79
806.37 741.82 973.79 1142.5 69.0 135.1 878.29
628.5 338.25 278.28 116.55 739.34 242.9 139.48
757.51 137.34 195 449.52 523.42 321.35 291.94
130.7 219.02 522.31 671.78 184.26 587.66 181.12
478.38 594.61 279.18 817.16 457.53 120.89 483.29
525.56 103.21 697.06 347.24 271.89 376.18 606.53
340.53 361.71 107.09 597.37 230.59 275.75 351.55
675.22 476.7 730.61 617.86 237.66 560.46 257.11
157.2 417.62 527.7 211.72 31.98 381.82 387.09
543.58 609.49 413.4 369.74 309.98 662.01 407.92
127.43 180.69 410.06 644.13 327.39 308.62 763.92
168.2 621.92 590.75 225.67 785.8 336.76 134.0
441.66 645.18 371.53 638.63 412.14 297.47 395.39
376.26 315.19 551.47 601.32 721.43 449.15 526.46
113.0 326.06 501.09 514.76 413.37 673.11 802.89
305.93 367.69 598.8 421.93 212.07 273.49 381.88
460.92 293.68 398.34 703.45 282.28 85 322.94
165.51 635.85 968.09 678.12 457.57 1198.72 53.28
706.39 739.65 756.33 202.07 228.18 708.96 170.6
516.45 578.11 851.45 324.25 703.18 281.37 638.72
944.08 659.52 308.44 700.4 314.73 724.83 410.15
674.21 912.76 381.11 253.46 582.44 121.17 868.01
572.58 400.31 933.38 736.6 984.68 337.23 875.61
705.32 993.92 1039.03 486.2 438.48 804.95 371.77
955.67 343.47 312.44 750.03 581.62 765.37 113.71
911.03 974.92 155.82 544.11 659.87 717.29 901.97
207.59 975.75 555.22 967.83 137.66 873.49 98.71
572.2 761.22 281.35 1042.88 685.81 918.22 475.57
50.58 569.76 837.85 751.32 672.25 944.98 417.67
349.09 380.46 235.67 974.33 1011.03 627.17 750.48
810.95 901.98 1055.46 611.0 891.44 1041.92 949.1
954.98 380 987.13 915.35 448.52 820.31 620.46
753.03 964.25 910.85 569.13 1307.86 592.92 875.9
730.85 1026.49 971.93 452.68 682.32 284.25 1064.44
854.02 729.11 1071.52 772.12 392.99 657.91 1082.0
799.94 854.21 555.81 974.44 959.74 920.0 740.53
1162.7 902.78 133.29 556.14 557.75 809.68 906.2
527.48 1074.96 719.94 740.86 611.97 720.88 470.0
531.19 1163.84 934.87 681.58 648.49 922.85 868.38
606.19 341.6 848.14 1046.1 920.22 907.72 656.88
301.4 239.41 815.33 882.02 999.08 799.77 460.82
1036.43 445.72 1001.56 1103.44 462.39 801.69 959.96
1055.62 243.06 490.82 1002.61 408.0 227.86 674.6
431.5 341.65 538.67 643.23 618.89 874.47 761.56
687.63 1279.01 1165.69 945.49 968.32 925.87 1160.69
582.96 697.04 60.92 877.07 386 395.81 558.87
692.36 546.7 525.31 423.72 709.57 743.21 580.91
201.39 577.84 539.09 763.79 123.52 888.53 772.91
457.08 879.5 417.16 304.53 876.57 85.31 562.09
748.88 814.36 57.69 484.4 314.58 851.86 167.61
372.33 352.92 846.46 181.99 820.78 1005.93 588.51
815.69 520.38 268.09 794.89 408.35 544.12 418.07
738.79 700.64 836.9 873.84 90.86 355.87 647.03
876.78 414.22 314.61 534.24 801.51 750.11 299.13
472.85 859.07 488.62 962.34 951.85 485.39 900.66
411.27 343.23 829.87 616.13 767.47 635.52 154.33
694.75 514.07 520.15 83.25 948.97 881.82 744.26
785.59 918.54 501.26 706.73 898.4 782.47 641.25
901.68 925.75 600.79 697.01 266.95 33.97 284.31
353.47 560.82 146.19 671.11 722.22 1094.28 486.41
169 418.94 387.24 151.98 542.11 219.03 183.88
769.38 468.94 227.08 747.77 282.54 340.18 339.67
508.55 594.91 174.96 173.46 382.1 499.43 378.55
426.6 523.14 505.55 193.38 329.73 549.48 238.09
391.07 306.41 454.61 567.62 346.25 410.4 594.12
506.55 452.41 83.89 270.08 511.16 432.83 492.6
508.66 430.87 306.29 509.77 570.96 253.42 317.4
648.24 361.54 488.31 379.28 355.29 415.15 119.7
290.72 422.44 615.96 588.81 532.93 127.16 362.0
359.28 489.58 541.32 627.65 261.36 474.66 521.0
380.33 496.79 538.06 267.92 250.78 653.66 523.53
455.14 309.62 543.68 186.03 388.98 308.3 186.54
461.48 223.25 153.76 385.84 552.72 526.78 538.91
707.33 631.92 499.18 565.73 648.54 596.07 408.58
568.43 543.59 555.43 223 430.85 567.31 552.98
372.97 368.33 339.27 555.46 745.36 421.36 380.09
410.09 534.38 722.78 58.25 895.48 664.32 324.53
719.71 481.73 135.68 834.42 167.0 384.89 609.02
757.48 125.4 445.83 140.55 774.35 59.39 216.95
352.63 807.24 318.73 817.32 855.4 457.68 736.93
344.72 90.58 617.36 477.45 365.15 251.31 559.88
523.26 740.47 792.14 176.14 364.18 468.09 818.42
421.85 136.71 400.05 647.69 737.03 180.83 311.69
854.56 365.39 843.32 820.65 308.87 888.45 269.89
232.63 654.67 657.6 596.97 666.26 263.01 533.52
480.52 368.23 108.09 786.39 792.52 768.18 666.57
764.04 330.26 561.34 729.06 696.96 568.39 837.48
910.58 423.86 518.51 428.38 194.7 113.91 199.88
402.34 290.14 494.35 544.19 941.05 317.78 405
374.63 252.95 356.62 766.03 447.53 297.79 996.18
254.45 460.16 791.11 515.3 223.64 106.77 634.97
365.24 225.61 373.76 562.47 434.48 555.78 205.06
608.89 732.62 372.93 122.29 655.0 212.0 573.51
171.5 586.0 762.72 355.04 183.2 623.94 278.04
578.16 317.02 142.66 733.51 603.73 719.16 447.45
658.77 514.0 741.8 803.92 210.95 199.04 763.11
360.4 721.06 184.1 318.25 599.55 345.55 478.75
198.79 791.69 800.21 301.6 328.67 386.05 432.87
708.33 308.17 825.56 409.14 693.95 365.01 600.47
329.36 584.59 491.24 188.54 867.28 632.48 627.83
223.44 340.9 278.51 546.71 533.62 392.81 659.7
137.92 81.33 207.76 320.09 756.28 772.04 713.89
727.85 677.43 757.13 867.93 639.11 641.22 801.58
661.23 770.96 285 424.78 262.66 507.76 920.08
603.77 433.74 1150.95 149.77 617.21 858.51 672.32
261.77 50.92 751.64 216.12 353.22 525.01 700.31
460.55 695.45 92.05 707.7 887.84 517.42 111.76
761.19 315.57 714.6 214.77 706.78 905.65 440.1
60.02 692.11 135.42 692.81 474.02 212.72 887.08
739.84 873.15 474.42 814.39 664.38 898.17 960.96
301.94 241.66 869.96 439.19 878.06 142.04 384.51
740.78 501.78 621.65 88.14 926.12 949.36 150.2
481.46 469.1 534.33 860.71 151.16 969.04 545.0
845.06 321.81 752.45 280.08 664.68 645.03 282.14
1016.98 741.26 760.93 280.66 241.03 408.09 676.25
688.82 543.34 802.63 242.25 237.73 179.08 163.75
912.3 929.09 762.8 826.41 814.8 898.61 1019.96
713.81 797.92 958.6 768.46 921.87 270 683.53
725.59 299.42 216.5 183.32 422.93 409.45 843.41
157.16 824.51 103.9 677.54 723.71 503.44 976.47
485.42 292.37 323.98 763.28 324.06 806.43 588.5
168.32 329.24 707.81 570.12 558.03 312.36 662.28
463.52 358.57 586.43 792.56 724.57 887.87 481.61
300.26 630.77 202.16 359.98 169.52 766.98 112.62
220.57 138.2 187.71 579.2 663.48 620.45 605.09
107.49 750.5 633.74 313.95 279.02 291.81 802.28
452.78 312.34 915.76 317.9 584.42 522.73 208.21
925.38 392.37 374.19 204.77 856.36 165.61 842.19
660.16 174.61 586.02 355.72 547.09 373.16 640.72
908.98 450.01 384.93 136.79 275.83 294.06 582.03
537.23 749.39 936.6 168.95 154.87 846.1 645.13
370.85 369.85 327.78 706.8 44.68 184.45 550.95
269.2 259 626.33 693.84 359.09 141.57 182.22
386.03 368.99 831.54 192.42 719.37 141.67 647.45
733.46 396.15 972.51 534.95 263.7 433.08 702.06
224.0 826.85 488.77 105.43 401.16 730.75 463.76
528.46 208.35 700.77 361.07 243.51 528.36 808.97
631.49 884.48 587.72 323.2 666.3 113.22 251.35
277.47 703.91 35.17 144.85 220.5 210.42 628.28
706.67 506.69 546.55 136.24 779.95 583.95 204.84
282.7 387.7 797.71 335.66 212.07 915.55 302.65
661.69 609.26 103.01 931.8 282.94 310.79 320.53
818.81 281.21 810.08 567.98 263.19 560.31 267.02
442.19 487.17 689.57 887.81 509.13 490.76 93.65
345.12 411.31 617.8 545.95 784.3 946.15 133.21
192.99 751.04 535.33 254.46 253.67 251.88 610.5
157.86 223.0 661.61 170.86 374 568.4 516.23
83.52 579.83 275.16 334.73 791.01 560.19 249.2
896.59 301.32 472.16 398.9 639.81 664.22 107.36
288.63 256.93 647.44 488.17 454.21 666.82 535.99
69.36 356.74 687.08 383.15 495.67 289.44 585.82
650.27 498.95 448.35 745.65 579.77 301.67 155.11
263.29 554.37 543.58 438.4 657.33 463.1 392.07
480.66 564.9 198.64 285.78 780.26 513.93 489.27
386.34 504.26 516.44 212.85 173.53 504.21 714.83
649.3 598.55 252.11 232.86 211.46 541.91 593.61
704.77 397.26 401.71 646.25 312.7 616.86 688.36
217.93 389.53 708.04 660.7 324.45 259.54 644.82
68.08 248.18 360.35 108.92 354.74 217.51 248.41
378.07 598.17 547.06 529.31 859.91 770.68 600.84
652.37 692.35 746.2 390.76 554.88 392.31 610.43
474 534.82 373.31 750.78 1143.26 835.36 638.74
1375.01 191.45 853.73 947.99 907.71 402.48 293.68
916.3 41.7 593.65 746.87 941.15 533.18 895.25
257.18 849.73 1114.46 760.37 341.08 910.72 501.34
916.11 435.53 879.03 1106.68 588.36 250.26 793.26
125.2 922.34 711.81 444.26 1109.29 933.1 1115.42
545.69 1042.64 882.27 1137.75 1195.99 532.23 457.03
1016.04 580.46 1112.61 337.86 520.84 941.94 734.13
864.15 211.96 1112.56 1161.41 95.14 706.81 685.28
759.22 1080.36 103.97 1170.17 744.38 1088.2 334.74
995.43 303.35 784.16 887.34 465.94 1229.56 895.31
999.63 497.57 195.93 648.25 913.84 916.66 786.47
1044.84 480.62 474.3 367.15 113.99 1141.41 1165.19
831.53 962.24 1008.24 1097.26 1237.61 822.41 1036.63
1195.21 992.17 1137.8 453 552.31 404.15 455.9
922.03 598.5 487.5 1146.93 309.66 597.08 979.02
653.51 390.47 149.14 828.39 340.14 273.49 545.2
609.84 600.51 739.24 96.55 803.01 883.91 448.09
75.25 849.37 404.79 755.48 92.54 778.71 940.97
545.54 113.29 811.41 278.94 572.79 457.63 118.19
891.6 789.53 818.91 614.19 809.0 683.89 858.33
935.46 191.82 106.94 957.42 549.16 855.66 18.54
501.87 781.1 500.53 543.46 248.69 977.43 968.8
277.6 498.03 332.27 408.11 870.41 249.2 1002.69
597.15 780.42 480.14 693.02 438.74 775.41 596.01
378.31 1034.17 826.77 661.21 146.6 399.58 323.21
574.07 688.54 487.47 718.6 166.54 259.01 18.6
242.82 902.52 901.05 894.22 922.06 861.69 937.03
1029.3 828.7 763.88 928.42 639.75 936.1 470
334.49 181.19 460.48 840.18 530.62 343.42 1071.82
146.86 550.29 766.75 603.66 170.8 74.92 655.48
269.42 332.84 443.57 670.22 377.99 604.71 182.44
611.33 810.35 479.79 152.0 664.64 219.73 624.43
242.77 611.11 815.81 344.1 151.18 599.67 180.81
684.6 409.78 225.46 806.52 647.54 818.56 391.73
738.15 580.89 835.99 891.58 307.04 272.05 773.41
343.81 808.12 206.32 290.4 650.58 429.56 585.73
95.63 832.82 863.59 210.44 402.49 482.49 535.7
778.58 230.39 879.34 453.54 796.52 270.35 702.52
231.54 570.07 591.73 185.86 931.54 644.73 735.89
305.1 232.91 386.25 654.77 612.15 496.88 766.36
236.34 174.57 240.83 249.02 836.84 861.12 675.35
730.14 722.73 808.06 936.94 620.22 734.24 891.31
766.37 837.85 144 762.64 808.79 371.56 198.09
266.74 504.93 350.89 927.02 239.93 878.53 187.61
760.82 805.44 555.21 1059.5 558.25 374.59 351.61
841.51 382.3 886.0 647.61 152.84 394.52 787.12
622.89 641.2 367.39 737.55 520.17 372.88 665.06
872.98 788.78 970.92 510.1 382.18 707.14 197.69
410.41 127.17 844.7 135.35 289.84 61.8 112.26
651.28 737.14 662.13 683.66 52.96 828.04 714.35
363.93 362.69 339.77 885.5 472.47 305.89 998.47
401.41 641.43 573.39 217.76 1007.25 394.09 450.22
183.98 939.13 186.68 925.44 724.86 236.81 669.48
334.7 601.43 386.97 712.39 992.73 519.28 416.26
211.24 344.28 294.91 658.64 619.59 825.35 1017.97
133.96 76.44 909.05 693.5 407.38 387.25 297.48
768.72 62.15 103.36 569.57 264.17 58 168.99
317.57 527.04 581.47 413.51 219.64 793.11 501.17
467.64 349.31 488.48 293.31 517.03 229.47 649.18
562.87 310.63 744.32 223.43 285.34 629.58 162.91
575.93 580.59 570.69 220.42 240.52 306.97 616.24
202.93 467.64 105.6 599.25 191.42 577.35 845.47
418.86 581.38 547.73 294.75 736.13 221.21 528.0
353.75 704.55 703.57 613.97 640.16 327.71 110.62
630.34 633.04 170.19 325.89 376.69 656.4 504.01
442.84 550.47 615.51 321.35 757.2 761.83 511.08
655.31 526.27 199.92 752.28 396.42 671.32 407.63
137.77 574.49 268.12 614.07 204.46 818.19 652.71
512.7 586.31 769.35 434.19 550.88 790.96 553.02
407.98 659.61 679.88 613.69 687.49 307.14 281.31
360.03 452.99 639.89 195.53 614.12 717.5 936.7
544.03 201 835.73 807.64 271.59 547.92 385.79
573.58 695.78 857.83 329.89 1094.39 339.44 761.67
692.12 792.37 956.09 387.0 472.47 41.5 917.76
612.63 732.41 853.43 499.87 234.95 640.05 853.25
660.75 609.0 554.78 743.42 694.51 752.73 732.07
964.35 873.82 158.73 371.0 538.54 538.51 661.02
261.1 925.92 450.65 496.91 342.34 450.9 455.0
540.92 924.26 770.0 408.69 656.76 773.66 619.49
405.25 132.51 800.87 784.96 649.35 889.96 461.27
359.88 274.83 546.25 879.67 730.41 589.9 196.16
939.91 173.57 912.34 901.44 216.02 673.8 687.41
827.55 38.23 504.1 942.91 332.24 81.79 421.36
239.19 84.92 499.81 545.53 639.11 880.78 488.65
416.74 1085.45 935.13 691.06 704.45 652.95 956.08
310.64 428.35 214.09 606.21 372 476.65 415.04
150.16 610.06 288.1 266.84 832.35 461.15 281.78
829.69 338.13 371.69 307.04 597.79 571.52 85.64
260.66 357.89 553.64 466.47 376.09 609.28 570.3
165.69 277.03 637.66 289.16 478.17 232.39 543.9
650.54 414.88 365.48 672.53 485.38 398.12 146.62
198.82 580.94 521.11 516.52 564.16 495.46 388.04
547.31 620.43 166.78 238.59 737.27 428.37 540.15
317.46 412.4 501.72 197.91 271.62 406.97 702.74
665.25 506.67 215.48 276.35 283.81 562.51 506.47
709.34 350.54 487.48 544.41 394.85 514.83 618.76
288.77 291.89 728.41 611.85 426.32 225.49 544.31
106.02 349.93 378.53 185.75 452.03 150.01 146.47
317.52 513.78 587.55 586.4 782.36 719.66 586.16
649.66 719.52 676.81 450.28 614.32 487.32 629.81
198 423.67 257.5 541.81 946.61 632.53 454.13
1177.89 121.85 647.76 857.4 702.48 263.28 84.9
764.12 180.58 389.16 550.55 736.09 453.27 715.59
107.36 715.41 915.33 552.54 146.58 770.63 329.63
735.21 249.19 720.69 926.55 446.97 78.52 692.12
99.39 728.77 504.97 248.45 913.31 758.56 906.5
467.12 842.3 689.11 930.09 991.14 337.73 275.5
879.13 444.56 908.04 170.39 388.03 761.38 530.65
657.02 65.87 943.74 973.0 115.0 507.97 503.86
569.94 886.21 121.9 990.07 564.5 879.29 301.97
786.43 260.1 667.83 678.4 295.09 1040.83 751.52
796.93 314.94 210.74 444.03 712.32 716.48 577.56
838.08 278.35 267.69 207.02 138.44 940.55 959.64
757.77 833.46 833.75 918.95 1045.1 715.28 829.44
989.35 804.11 946.46 40 494.06 650.2 699.39
468.91 514.56 467.89 609.49 833.82 566.94 289.77
552.65 624.98 835.65 122.89 981.79 804.94 469.14
864.39 524.61 281.13 948.54 177.51 492.01 755.53
878.43 113.35 554.31 282.92 904.51 175.86 281.72
436.71 919.7 298.17 909.67 1001.74 602.72 867.41
447.12 230.85 745.9 516.83 487.9 395.82 681.07
629.0 877.58 924.06 41.93 443.26 585.49 940.39
502.86 273.36 545.42 793.8 834.6 194.89 382.3
947.75 508.19 987.09 966.52 415.18 986.4 310.33
369.13 788.24 719.23 736.46 735.45 265.96 678.25
586.88 421.68 128.67 929.94 927.33 842.72 809.93
909.9 471.41 708.04 868.92 829.9 695.22 962.22
1010.36 529.13 630.5 377.31 102.39 215.78 262.8
465.9 262.39 625.98 652.89 1086.95 402.88 449
335.81 169.64 600.48 950.5 653.46 441.14 1181.87
14.79 678.89 761.47 730.17 196.96 182.04 710.97
164.15 474.54 557.0 812.67 347.75 693.19 236.54
646.82 924.61 621.76 261.87 706.86 300.23 714.42
363.8 673.5 904.1 383.27 207.91 600.9 93.81
825.04 542.27 354.7 916.03 729.38 953.83 361.21
854.8 687.93 966.3 1015.21 441.22 392.03 813.06
375.99 931.69 297.02 316.39 740.02 555.05 727.72
67.04 907.52 962.33 131.82 520.64 614.29 672.89
885.59 179.09 967.44 543.27 934.7 175.43 840.44
134.07 585.93 728.7 265.39 1030.45 690.83 878.45
429.33 91.6 528.33 797.18 729.6 636.93 908.03
373.54 313.27 334.03 206.58 953.72 986.32 653.13
761.07 804.32 894.14 1040.92 627.79 863.94 1017.01
905.3 940.62 483 948.18 1041.58 701.85 228.45
545.91 738.49 8.17 1190.36 545.57 901.83 489.43
997.36 1098.17 611.48 1333.93 886.38 624.78 690.07
1014.73 510.6 1191.17 722.58 259.52 732.46 1094.52
671.23 881.26 488.26 1059.3 605.71 341.13 853.65
1173.65 873.91 1246.42 846.14 684.76 1026.05 262.82
498.75 429.07 1013.45 333.96 490.96 345.93 237.99
980.4 1062.75 653.47 870.26 298.91 1142.25 917.03
467.24 647.22 683.82 1159.63 417.29 244.96 1278.34
666.14 984.53 917.45 294.26 1295.96 301.86 645.37
495.72 1158.95 527.67 1155.53 819.26 576.15 914.85
191.37 660.78 714.13 1042.03 1240.84 853.05 755.5
458.41 679.24 614.91 977.25 910.72 1144.67 1310.69
239.76 273.46 977.05 710.42 443.03 359.49 154.13
843.43 403.58 259.93 895.81 248.87 327 368.0
535.38 799.83 717.34 656.31 500.87 882.72 712.2
712.69 66.97 718.99 530.54 773.41 287.06 846.13
847.1 569.96 1005.37 353.33 456.53 882.21 191.62
730.03 855.1 836.83 220.12 514.13 470.54 892.77
317.76 545.71 369.77 850.48 100.71 791.31 1118.72
691.95 859.24 689.79 429.46 949.45 340.87 706.05
562.84 899.27 868.27 896.82 918.01 241.81 363.8
810.41 898.13 410.83 475.34 643.59 921.58 733.51
470.59 646.12 828.94 591.37 1041.36 1043.93 654.07
876.34 583.97 451.37 978.91 554.44 909.2 583.2
146.87 825.58 535.69 693.37 238.17 1077.54 933.18
691.86 869.58 1037.35 648.14 819.9 1037.0 833.92
688.23 927.78 903.37 769.04 862.4 100.43 176.91
455.29 526.86 734.22 88.82 824.67 888.72 1209.22
658.71 320 471.57 567.55 402.64 258.62 207.03
276.32 479.4 726.83 256.09 541.96 239.68 525.28
663.41 221.36 874.76 540.23 199.96 551.62 541.36
42.85 768.75 308.09 252.2 456.73 680.7 287.58
414.06 30.58 676.58 181.32 199.07 376.11 745.54
450.5 789.83 691.99 320.71 639.43 224.35 82.25
451.43 541.37 211.12 84.53 401.19 383.31 625.5
689.66 346.14 392.97 316.06 737.63 439.32 44.79
263.62 483.61 704.25 244.43 248.32 824.46 247.13
704.67 671.96 188.18 849.62 261.87 171.38 485.3
681.62 425.84 679.7 387.24 365.66 449.09 316.34
264.47 616.86 682.68 769.26 532.2 598.68 159.18
405.23 557.94 594.51 486.74 750.35 868.09 290.38
371.13 569.89 364.11 129.06 194.49 330.65 429.37
327.05 399.8 775.63 230.51 283 653.8 641.66
110.7 438.8 203.61 387.88 632.0 716.71 150.51
908.02 177.77 594.14 567.49 612.13 831.8 285.83
284.11 152.94 736.27 436.23 630.89 667.56 391.51
113.14 532.55 670.76 485.86 435.63 467.94 561.53
549.5 567.77 623.21 776.05 745.24 285.72 189.27
441.59 419.5 487.71 259.93 743.75 325.52 322.22
304.98 396.07 375.29 463.4 747.41 585.4 326.68
564.62 593.1 449.56 217.64 77.54 665.21 630.79
525.07 767.09 273.85 359.4 298.17 416.26 766.28
594.99 401.84 227.03 775.69 135.1 751.87 713.29
51.27 503.1 575.6 644.71 225.64 434.96 795.61
240.54 192.55 257.56 74.7 208.59 395.11 397.18
556.58 772.54 394.32 359.77 897.05 753.61 527.29
556.19 551.46 768.21 222.7 383.08 369.61 482.99
33 425.67 257.24 580.81 977.31 665.93 479.27
1208.89 96.42 683.02 857.5 737.29 270.46 125.03
779.71 140.52 430.14 580.74 776.88 447.89 739.67
135.19 725.83 947.09 592.64 186.99 782.83 349.13
759.76 289.08 737.96 951.12 457.7 111.04 693.94
58.33 769.84 540.82 289.38 943.71 781.0 944.62
461.62 874.57 718.16 966.65 1025.78 378.68 314.85
890.8 453.66 942.5 205.94 395.57 785.85 564.34
697.36 59.6 964.69 1000.51 76.08 539.25 543.84
610.71 915.85 94.91 1014.7 588.28 918.36 282.85
825.25 241.48 673.29 716.61 313.88 1068.51 764.68
837.96 354.62 178.51 485.01 753.44 748.6 616.7
878.49 319.52 303.28 241.79 117.18 973.11 994.69
753.61 842.84 856.32 942.9 1074.2 718.69 865.61
1024.6 844.89 975.05 480 73.91 118.42 594.35
795.64 558.0 316.31 1017.89 289.1 601.84 487.19
639.93 134.1 372.85 471.56 426.67 549.5 446.18
825.06 79.95 506.51 473.02 389.56 781.55 636.37
447.85 453.42 205.39 528.92 526.45 445.17 704.16
162.81 440.93 326.82 368.22 887.53 499.73 500.06
760.8 527.6 888.15 93.74 722.48 542.81 875.71
896.72 563.6 555.01 554.45 146.5 816.94 504.31
103.97 551.45 482.54 733.47 313.35 685.35 780.17
405.95 430.25 733.74 765.59 725.76 453.29 764.65
377.39 888.4 153.76 797.58 169.43 316.9 687.67
197.92 846.07 441.85 898.46 581.03 278.31 591.41
831.45 609.08 627.16 897.5 491.4 359.48 538.27
480.43 816.65 874.68 383.03 497.18 597.49 690.69
867.1 354.86 776.41 905.78 977.09 768.16 16
487.91 435.62 119.63 582.28 261.75 264.29 803.34
489.17 252.59 828.29 308.78 391.07 337.51 586.8
601.6 101.13 243.36 332.88 566.43 448.97 407.18
603.81 541.89 139.56 308.12 629.27 301.92 459.61
261.15 532.73 628.27 421.22 396.59 673.69 515.14
382.78 121.63 228.4 553.64 504.04 485.57 576.49
467.16 365.78 516.24 589.91 189.76 265.78 726.88
435.6 509.91 347.96 423.68 482.54 175.98 244.97
435.92 683.44 639.89 536.94 200.13 281.71 279.56
536.13 537.32 686.26 340.13 457.16 566.52 364.28
538.13 618.26 257.73 307.92 702.36 603.21 402.72
250.02 571.14 105.26 328.89 351.93 155.54 424.43
179.58 171.79 347.14 544.8 558.4 555.75 785.73
711.99 567.24 628.05 692.35 676.3 419.4 583.55
473.06 603.78 66 78.85 146.72 621.9 808.2
579.22 338.32 1028.24 310.2 624.36 466.25 660.96
165.12 402.05 470.34 443.3 580.22 467.19 852.6
52.49 516.46 500.62 383.1 795.76 664.74 477.83
447.84 233.69 538.83 557.31 447.23 710.08 175.46
468.56 309.27 389.05 917.14 525.82 531.12 773.51
534.56 910.06 66.29 738.39 558.59 895.38 913.35
594.8 585.92 546.21 157.78 834.35 533.75 124.55
560.6 506.6 760.98 338.32 686.87 788.74 426.33
453.46 764.85 796.25 738.03 474.9 769.7 392.68
911.89 159.37 821.7 181.75 304.95 712.48 227.97
853.95 437.95 926.19 612.13 291.3 621.73 860.05
627.21 654.32 923.49 522.61 390.4 567.99 502.36
831.44 892.16 358.18 486.93 602.83 696.03 876.56
339.04 796.84 923.18 1006.88 778.31 443 307.34
475.5 700.57 633.59 556.55 404.74 811.93 657.86
612.92 159.54 620.21 463.29 700.39 203.49 798.72
753.45 470.02 905.31 313.98 361.92 811.46 97.09
642.68 756.04 759.05 142.39 431.0 377.34 808.68
225.46 472.17 288.56 780.26 66.12 736.66 1019.28
592.9 774.14 604.38 339.7 853.37 303.72 614.08
465.28 805.82 780.04 806.96 832.95 204.6 285.98
718.93 821.08 339.14 384.49 543.94 821.6 672.03
408.44 570.5 774.84 492.13 947.13 947.13 567.97
819.49 516.91 351.41 881.2 516.47 810.21 539.76
59.03 725.66 455.79 622.78 153.47 977.49 845.93
649.31 773.91 937.47 550.68 720.21 937.52 746.25
601.12 849.05 845.67 681.84 772.19 167.61 137.78
374.52 453.83 660.41 30.95 728.52 799.37 1109.66
578.79 388 261.14 106.06 607.73 916.98 634.6
407.2 1146.74 97.25 666.1 680.56 714.23 146.97
238.44 647.97 232.21 503.82 531.29 829.08 265.67
647.17 312.27 576.9 894.61 635.85 320.89 638.69
264.32 669.03 418.32 614.0 855.7 320.53 281.84
521.94 175.2 856.64 536.8 403.15 882.13 679.01
948.03 278.96 827.51 654.6 952.96 993.61 484.78
447.43 743.11 310.67 910.58 364.55 251.58 693.95
540.82 740.97 139.54 851.61 920.12 212.12 499.97
660.37 711.72 849.98 261.6 918.45 500.88 934.64
97.49 840.43 55.93 510.62 727.73 232.89 987.91
624.27 897.88 482.0 97.31 555.33 820.01 704.42
643.85 918.56 413.42 325.11 401.4 289.36 925.83
966.63 570.38 688.64 752.96 844.51 1001.89 550.03
850.56 997.69 940.4 901.41 248 508.42 555.93
241.91 288.52 42.72 249.81 517.99 685.52 88.73
683.33 87.82 508.45 584.33 376.02 824.81 400.44
120.5 386.89 588.35 197.32 678.46 442.38 254.56
293.48 582.98 437.48 388.64 196.45 557.92 327.54
332.51 411.44 660.14 566.77 736.57 524.52 180.86
522.53 257.02 248.48 335.22 592.26 181.47 83.12
313.16 342.11 491.68 565.9 509.05 430.11 259.28
633.53 458.89 211.42 134.74 316.17 649.89 401.51
337.91 767.17 154.79 548.36 509.09 235.72 782.78
387.36 202.12 351.95 684.78 276.9 672.68 502.3
200.81 418.66 401.05 412.06 454.59 552.01 745.19
382.62 431.74 55.56 240.05 405.06 474.56 396.9
639.55 797.03 280.11 315.95 689.18 518.89 292.02
335.08 394.32 553.12 215.89 347.14 608.79 302.48
319 555.21 686.28 591.83 289.47 394.08 433.6
442.13 860.95 438.84 463.38 411.77 650.88 824.37
172.88 1011.14 728.42 385.19 724.97 607.31 180.04
933.94 283.28 314.47 645.21 851.43 228.03 554.61
167.78 857.0 184.13 104.39 473.76 908.35 432.64
930.75 872.0 510.26 819.56 268.8 127.72 577.6
603.05 318.74 271.71 507.86 450.28 811.7 871.97
221.27 486.38 411.1 910.68 542.85 145.48 452.79
664.38 848.42 61.12 205.35 967.37 431.2 894.66
860.78 238.49 998.61 147.33 321.87 624.94 781.15
583.36 788.32 381.88 542.13 589.96 252.7 220.0
785.24 867.52 888.44 721.95 776.74 329.91 592.6
714.97 776.36 658.46 926.49 1019.58 350.8 453.41
533.24 270.06 61.06 85.42 292.63 400.9 462.47
474.73 952.44 223.41 71 455.24 466.25 147.58
418.01 95.04 186.2 645.45 575.17 113.24 714.32
164.63 417.81 459.93 438.04 708.58 274.96 87.83
353.97 537.81 282.17 550.23 476.93 381.57 204.14
453.76 489.51 301.09 290.18 427.32 384.55 453.85
366.04 533.18 575.7 619.97 463.56 53.5 391.81
387.23 337.59 397.06 544.47 307.0 191.51 400.76
452.53 363.91 435.86 577.99 384.03 369.18 503.24
396.85 311.7 14.38 266.66 534.12 511.64 467.63
648.56 70.46 438.54 412.81 366.46 660.5 511.82
205.45 392.08 599.61 300.94 581.55 513.98 192.42
325.07 531.5 463.03 427.89 423.43 642.51 264.79
381.45 184.24 163.93 407.34 343.93 272.09 508.83
673.24 403.56 421.97 695.73 573.43 396.41 453.9
524.95 570.07 298.28 452.26 553.52 433.0 490
273.21 238.1 304.61 615.71 315.22 123.02 847.47
349.12 344.55 645.12 393.47 190.07 268.97 461.42
489.97 275.21 219.53 534.85 351.18 383.64 377.35
444.04 587.53 344.94 297.26 485.47 86.76 402.35
323.96 411.55 593.15 215.64 352.26 482.03 402.37
597.99 218.68 287.79 581.76 429.92 627.19 361.32
516.7 355.31 631.68 676.64 317.64 346.09 592.45
227.47 593.16 358.35 208.94 428.53 219.31 443.47
315.59 617.54 638.03 434.71 181.86 468.89 486.43
553.21 455.92 656.48 234.79 616.87 372.32 523.28
351.49 433.99 410.76 98.58 705.92 461.94 607.78
356.39 411.8 308.83 539.96 391.13 338.62 612.49
256.62 113.32 378.83 473.44 615.65 648.2 585.88
561.52 504.25 586.42 711.3 491.13 529.22 679.04
688.31 612.11 448 477.28 317.55 722.35 1099.08
795.7 591.6 1330.75 139.38 816.92 889.4 869.96
348.92 268.71 861.28 21.45 573.95 703.64 920.7
474.61 845.51 255.61 792.91 1071.68 735.84 327.46
854.32 452.02 866.65 427.06 824.98 1056.57 533.17
241.64 734.81 87.81 911.56 676.53 430.9 1064.84
881.98 1084.11 487.1 1000.72 837.1 1102.77 1157.31
520.07 450.98 959.18 524.71 1073.78 335.03 465.14
892.32 695.35 840.81 171.31 1059.84 1113.75 74.47
665.1 680.76 750.8 1035.11 112.25 1119.95 695.27
1059.75 276.37 966.24 244.76 726.26 856.57 416.89
1181.9 839.33 981.73 491.41 137.61 628.82 897.04
874.95 758.46 1021.99 462.92 440.24 367.68 133.59
1099.65 1127.27 773.13 904.83 956.93 1046.7 1191.39
764.09 1001.01 1157.6 984.84 1091.26 357 667.03
636.89 101.25 508.87 258.28 409.49 700.45 694.33
210.04 949.25 244.51 590.73 535.43 662.98 800.77
238.97 321.85 129.86 748.67 491.66 588.92 710.7
461.59 67.89 492.29 718.91 490.05 493.06 419.02
611.02 616.03 586.71 584.21 810.49 716.06 230.69
205.65 396.06 489.37 544.7 312.82 757.19 395.37
380.28 367.03 462.26 322.52 411.31 800.49 603.52
395.2 518.59 604.38 508.78 248.09 39.0 639.5
694.8 594.39 735.15 302.18 290.62 228.1 485.46
729.98 662.94 440.35 269.4 769.52 186.17 742.65
749.14 121.34 502.74 645.52 692.58 203.16 379.94
777.22 188.21 146.26 321.89 72.43 218.94 352.07
377.98 507.13 734.06 464.05 425.83 929.84 802.48
588.66 622.01 621.54 805.38 290.4 447.8 319.18
552.49 18 748.79 713.86 183.0 545.39 329.19
491.86 718.91 761.48 276.69 1028.58 300.9 668.38
596.21 737.22 860.54 291.72 401.51 55.85 830.23
562.28 639.16 789.14 497.11 140.59 545.63 794.87
570.37 561.81 463.02 686.11 670.64 669.04 637.79
891.71 777.87 160.02 288.02 445.02 530.15 613.88
301.95 838.91 437.45 448.4 371.08 474.83 363.52
450.82 873.17 685.8 418.05 564.72 685.91 575.63
329.16 50.26 704.56 754.61 638.83 794.45 383.84
289.22 210.79 531.34 785.16 713.24 520.11 245.95
845.51 184.78 817.31 830.0 170.27 581.75 684.64
768.69 123.7 415.39 846.66 237.2 66.82 382.14
154.66 163.54 405.04 449.8 548.77 786.95 493.38
438.76 1011.42 878.07 652.76 678.3 655.81 885.93
313.17 456.27 243.63 596.0 82 73.8 157.21
492.24 680.91 441.56 200.7 905.37 339.54 486.76
476.79 523.35 131.48 365.02 386.66 488.31 473.79
329.55 722.2 155.34 395.94 475.78 324.12 665.41
538.15 426.99 382.47 117.03 418.29 487.3 351.96
599.41 58.59 444.6 309.18 415.34 796.42 392.45
455.65 645.97 422.06 772.35 163.79 605.37 425.88
758.39 779.3 504.73 513.84 489.65 51.83 699.36
488.29 13.71 441.88 370.05 630.7 342.46 590.17
670.56 453.47 316.27 665.52 686.74 611.43 493.43
661.28 261.1 774.63 255.99 684.93 257.97 276.66
576.51 129.14 737.36 365.87 796.27 533.15 357.42
509.31 733.72 491.46 523.27 789.11 436.39 292.98
518.05 518.23 700.09 757.09 398.05 441.06 494.56
587.13 755.97 327.56 659.44 788.2 887.2 656.28
154 919.02 1015.17 689.08 205.84 527.23 713.58
31.79 1166.16 529.95 867.96 474.27 971.39 1077.46
578.65 1310.55 872.33 602.27 688.33 984.71 481.46
1171.99 689.81 240.98 721.79 1075.91 638.0 856.04
459.07 1043.36 573.79 308.07 825.03 1153.84 841.01
1223.33 845.56 667.27 1009.61 239.32 467.87 431.85
983.22 315.89 466.68 346.75 237.85 966.32 1047.63
619.56 841.45 291.01 1124.66 888.99 437.49 627.85
677.59 1136.59 383.39 213.06 1255.67 644.54 976.21
911.09 268.89 1274.3 268.0 618.5 498.52 1131.29
524.52 1128.61 786.73 566.72 889.91 157.78 627.83
715.77 1027.95 1215.15 840.59 753.54 438.56 667.82
617.54 960.9 890.44 1128.04 1289.51 225.53 271.89
943.64 676.64 410.79 326.31 122.47 810.35 396.48
262.03 898.18 219.65 164 545.42 403.81 420.41
889.45 566.03 464.11 1113.53 325.31 563.25 967.88
619.63 385.98 153.85 807.07 368.08 237.52 516.04
574.28 597.7 712.46 126.28 785.79 850.84 412.09
71.95 830.36 389.75 728.19 56.66 756.64 912.33
532.45 137.13 800.46 302.02 540.11 424.76 83.07
859.34 763.48 782.99 611.22 775.93 653.91 822.85
900.67 156.27 73.79 937.89 537.2 821.16 46.22
492.42 753.63 468.99 507.47 262.79 951.09 938.05
304.12 468.73 302.56 376.1 838.74 279.41 973.68
572.5 744.39 488.5 657.05 447.7 762.18 560.4
365.41 1003.04 807.27 626.3 114.25 416.73 287.18
539.25 656.26 451.76 682.86 131.79 234.95 36.46
274.94 868.91 866.15 886.91 904.48 834.96 908.82
997.31 816.4 728.77 893.37 608.82 904.8 488
254.82 193.39 345.22 665.85 366.44 165.29 897.59
297.94 394.95 651.38 444.42 146.68 228.27 491.23
439.68 290.55 270.22 573.66 327.6 426.92 339.52
463.32 638.25 381.47 267.01 509.5 71.23 446.39
308.62 443.48 637.71 215.21 312.6 485.45 352.45
627.11 265.79 274.58 631.76 471.01 676.3 338.89
567.69 404.64 682.32 727.92 318.26 333.38 617.77
223.38 644.44 329.27 192.07 472.56 269.89 482.92
265.8 657.56 685.71 385.46 233.13 479.93 505.93
602.71 408.64 701.21 276.18 664.22 327.18 570.28
304.04 442.47 457.56 63.22 753.74 487.2 645.62
349.26 360.93 330.62 574.55 442.24 380.27 655.35
251.02 106.42 353.37 427.19 666.65 699.43 582.57
582.21 545.95 630.23 760.27 498.15 579.83 730.25
716.34 660.74 118 710.91 740.69 276.86 267.8
203.31 444.88 445.02 848.02 162.78 873.78 121.87
692.31 718.74 554.59 976.42 463.28 315.36 270.14
791.93 373.58 795.47 635.85 219.43 298.18 696.43
620.61 574.04 363.46 643.49 512.74 415.92 615.13
783.69 768.27 888.05 428.65 298.26 613.83 256.54
412.43 128.81 796.47 169.42 264.89 128.57 208.59
555.89 642.28 674.53 633.8 140.12 735.48 658.16
366.91 288.01 246.66 803.65 510.15 367.31 914.21
333.69 546.14 479.99 264.8 920.55 448.85 408.66
152.1 873.24 108.84 856.56 703.71 140.49 599.81
407.6 596.98 316.64 616.83 917.67 423.32 332.56
179.48 248.49 236.67 565.59 535.16 731.62 930.16
213.68 172.53 890.35 697.09 426.77 427.26 376.59
752.07 34.86 197.59 495.64 324.15 369 167.8
313.34 518.4 578.01 406.16 210.81 790.8 496.59
460.11 358.09 481.52 288.06 510.07 232.15 644.94
554.02 302.72 736.01 225.01 281.98 622.72 169.12
571.8 571.89 563.14 225.48 232.84 303.77 608.05
203.74 466.77 99.9 592.49 200.3 572.46 836.78
410.25 573.11 544.14 293.0 729.51 223.33 523.07
348.1 698.65 698.77 605.32 631.87 333.22 106.15
625.1 625.51 165.78 323.16 368.35 647.98 498.5
443.89 548.58 610.58 312.93 748.34 752.94 507.57
649.96 525.83 192.85 745.18 394.76 663.87 405.09
146.54 566.62 260.86 612.54 208.79 809.92 644.25
509.57 577.42 760.82 428.04 542.37 783.14 544.53
399.59 651.89 674.39 609.42 682.35 315.82 287.88
359.27 452.35 637.76 204.35 607.76 712.45 928.01
541.48 18 599.67 622.88 184.13 313.7 95.22
331.06 524.17 730.32 45.24 799.19 40.75 574.47
605.13 490.94 860.34 367.84 204.41 275.25 681.5
310.39 686.46 558.14 268.81 221.86 587.77 553.13
456.69 306.72 542.93 443.19 412.55 505.6 672.91
679.99 771.83 420.49 182.14 511.02 290.46 358.8
241.57 686.81 197.29 194.63 244.82 307.77 461.85
544.93 621.9 524.17 227.16 630.45 544.82 318.04
169.81 213.94 686.91 494.24 392.12 798.79 217.32
482.09 429.38 283.08 806.96 458.96 309.11 245.24
755.79 163.11 738.53 615.73 90.46 481.85 446.22
527.83 340.51 523.48 799.36 335.71 325.07 121.76
166.05 289.28 462.24 419.68 629.71 817.63 279.62
274.4 802.36 634.11 392.87 419.17 426.74 667.55
142.84 303.25 501.13 350.95 410 349.47 458.86
424.52 383.4 258.14 199.51 599.94 628.04 314.38
451.52 318.92 420.11 588.43 161.84 777.89 523.79
190.13 611.38 416.99 88.25 698.73 210.34 377.23
481.08 618.71 213.17 318.76 110.55 632.52 107.88
290.97 256.45 672.6 338.33 696.05 736.45 323.54
595.07 349.38 114.72 555.38 416.62 331.57 165.9
514.74 506.24 598.56 650.05 302.3 272.32 435.36
679.03 322.61 132.64 267.38 532.14 612.84 297.66
361.46 732.27 226.99 705.94 688.17 312.93 762.49
353.75 90.51 580.45 565.51 509.04 567.03 273.84
428.11 354.22 427.8 186.78 681.9 650.33 661.88
528.67 649.14 250.95 437.54 637.17 554.8 427.85
697.03 783.21 415.12 491.8 460.23 296.95 189.71
279.94 448.4 322.12 430.88 521.29 824.76 350.02
274 544.6 644.28 445.56 191.38 246.28 352.29
404.86 803.59 285.78 573.04 254.82 602.16 736.98
250.28 951.31 597.13 265.94 567.38 612.06 107.09
840.92 351.29 194.65 496.71 751.22 318.04 490.85
84.87 741.94 223.46 131.83 450.32 818.44 500.09
866.14 715.56 375.51 705.15 159.08 108.6 429.88
611.33 173.33 130.75 368.04 331.92 685.37 753.46
354.24 466.77 275.23 806.99 514.63 66.69 320.9
508.66 780.37 199.73 171.4 900.56 313.21 751.81
712.08 122.03 925.0 191.8 248.31 472.65 757.3
426.45 756.06 439.06 385.44 525.81 239.44 298.66
627.5 744.0 846.12 583.9 619.87 173.71 442.5
558.48 659.1 557.71 818.14 943.09 233.82 325.73
615.64 385.43 102.66 132.09 254.57 475.31 310.11
351.9 795.13 155.06 258 559.4 413.98 443.42
913.26 589.83 485.72 1137.3 325.0 586.97 984.21
643.34 398.52 160.33 827.98 357.96 259.72 539.4
593.83 609.43 735.24 114.4 804.97 874.63 434.1
82.05 850.33 407.77 751.12 77.77 777.83 935.6
549.63 130.28 816.66 296.06 555.24 448.56 106.57
883.14 786.05 805.26 623.05 799.72 677.45 845.82
924.1 176.03 89.9 958.09 553.82 844.7 34.95
507.73 776.6 492.73 528.45 263.49 973.76 961.72
295.26 492.11 314.38 390.45 862.5 267.1 997.04
594.59 766.02 493.32 679.16 452.1 779.5 583.25
382.38 1026.76 827.44 644.57 129.18 415.41 308.53
557.38 680.06 474.48 702.88 155.37 256.64 12.82
260.62 892.66 889.51 901.23 923.85 857.74 932.0
1021.1 833.28 752.03 916.65 621.92 928.53 237
430.45 567.84 557.19 376.83 372.83 341.89 558.3
746.23 425.92 375.7 414.76 535.21 724.75 54.36
896.32 667.9 328.44 724.31 480.66 140.29 836.47
163.79 389.05 613.26 759.86 121.2 447.42 145.24
777.24 59.37 219.47 352.94 809.2 315.51 818.39
859.88 461.67 739.84 348.72 95.26 621.99 476.26
369.65 255.94 564.39 527.45 743.8 795.15 171.54
364.3 472.51 820.87 422.15 141.36 404.07 652.19
738.29 181.24 314.71 855.67 369.11 847.19 824.77
312.94 889.78 271.81 235.71 659.35 657.37 601.66
666.32 260.2 538.13 482.03 370.82 104.33 791.02
795.7 768.5 670.39 768.57 334.95 565.68 733.75
700.01 571.04 840.09 911.99 428.0 522.84 424.68
190.06 117.18 202.24 405.3 286.68 499.0 548.45
945.57 321.25 277 469.31 354.94 307.79 764.19
440.66 345.88 989.59 339.26 440.61 874.26 497.07
324.15 164.16 690.83 426.99 142.16 389.88 489.45
533.1 588.11 215.8 678.26 726.32 309.92 117.02
718.65 294.17 603.3 90.94 639.19 786.29 438.33
207.91 708.56 345.54 487.23 300.05 53.85 733.72
639.91 674.51 545.78 651.42 527.42 708.08 781.24
109.02 111.87 824.73 446.2 700.54 157.55 409.97
628.54 342.76 412.46 278.18 826.98 811.56 360.86
342.53 284.56 335.64 712.62 353.24 847.46 451.35
641.41 465.59 550.68 428.86 664.59 447.99 277.47
876.66 694.63 549.93 126.64 429.76 197.02 465.59
530.66 341.69 592.86 36.41 121.06 162.93 357.66
745.48 747.37 804.37 795.56 710.53 783.07 871.43
720.77 611.38 775.38 567.19 778.48 280 393.03
506.81 446.8 346.88 267.08 245.09 557.94 676.56
321.89 452.42 317.83 468.43 635.43 141.5 826.43
558.46 217.55 620.97 457.59 53.07 745.23 214.72
345.28 503.02 663.87 202.5 367.18 72.62 674.31
92.62 243.21 302.01 719.46 354.93 744.56 752.51
350.67 636.82 313.78 66.31 543.26 456.35 306.79
158.45 496.05 478.33 636.3 690.92 278.63 317.24
411.72 723.73 369.1 90.1 293.08 545.75 661.27
250.06 317.04 780.75 258.98 736.37 713.91 276.84
810.75 305.71 133.84 573.46 611.7 507.83 614.16
291.57 435.45 402.65 382.53 177.43 689.56 689.55
709.83 559.73 662.6 242.92 456.37 638.37 595.39
471.89 740.81 831.33 383.95 466.75 474.74 283.8
141.18 231.76 405.31 334.43 418.44 495.28 839.28
308.42 102 782.24 860.76 506.89 62.15 349.75
553.9 202.15 1001.92 348.61 809.13 292.6 815.06
903.31 493.01 1143.29 690.29 434.17 520.51 854.3
353.08 994.86 599.0 66.49 540.25 897.9 559.26
696.85 332.2 862.34 472.57 252.42 685.16 977.83
749.3 1055.28 679.27 487.82 828.99 91.46 358.0
284.67 854.74 138.14 307.27 198.39 106.3 784.3
866.07 571.99 702.76 117.5 945.25 744.59 317.08
451.47 500.91 968.5 352.03 161.08 1086.34 473.44
796.22 733.47 128.48 1102.23 252.05 469.88 348.26
983.14 355.43 976.38 689.06 386.4 729.34 170.77
542.8 556.7 845.94 1056.74 658.41 584.64 263.92
485.95 463.24 780.21 715.55 947.6 1116.27 43.35
124.02 862.67 616.49 324.54 270.44 128.87 723.19
221.04 134.1 739.4 129.16 29 679.3 702.99
233.72 295.06 172.16 411.26 483.24 806.85 125.8
861.1 95.02 654.57 675.85 545.67 934.18 420.29
283.49 248.54 760.9 363.62 752.08 621.32 246.93
256.86 653.03 610.38 537.08 355.9 600.24 501.21
428.49 584.6 740.41 749.23 845.89 404.84 256.57
570.46 279.63 406.58 161.01 765.96 187.7 250.54
171.63 250.4 513.13 599.26 670.47 603.22 177.99
692.05 625.01 362.4 249.79 213.23 761.76 519.03
388.95 871.74 297.88 508.22 444.78 282.72 877.6
466.31 383.29 169.24 836.08 100.85 818.42 684.7
99.45 561.87 434.06 585.97 302.68 574.19 877.56
381.07 307.91 166.72 206.05 233.32 522.19 492.85
688.31 887.04 246.44 214.67 871.6 688.94 428.49
438.28 406.38 734.76 76.11 240.49 476.81 345.95
482 552.36 488.1 126.15 618.91 307.37 334.15
833.02 521.21 286.96 898.15 340.77 445.73 356.26
653.6 621.28 61.3 306.1 296.37 629.47 509.96
408.46 673.15 575.97 114.84 311.39 697.52 364.97
519.13 243.24 599.49 680.7 489.0 403.24 743.32
537.69 323.33 176.21 217.06 592.43 565.33 484.68
639.98 502.35 419.81 526.33 609.23 153.93 240.18
793.93 502.9 532.67 340.1 488.1 541.05 233.83
216.67 463.91 741.08 684.65 555.4 265.29 213.8
210.22 578.29 549.1 736.74 407.79 447.64 615.73
358.94 584.74 688.09 263.5 367.45 744.78 671.35
360.96 215.31 607.41 36.46 280.76 395.1 154.4
397.44 171.6 216.32 331.87 553.09 588.49 573.84
854.86 780.5 625.81 681.79 730.89 746.13 435.38
599.78 411.97 646.67 392 552.94 404.45 457.97
923.98 600.45 489.02 1148.92 309.03 599.09 979.86
655.52 391.01 149.3 829.79 338.7 275.57 547.0
611.85 600.91 740.92 95.09 804.19 885.88 450.17
76.12 850.64 405.89 757.18 94.59 780.14 942.74
546.52 112.27 812.25 277.85 574.6 459.6 120.25
893.54 791.16 820.98 614.6 810.97 685.72 860.39
937.5 193.84 108.84 958.71 550.07 857.69 18.05
502.65 782.81 502.44 545.52 248.19 979.08 970.67
276.27 499.84 333.91 409.89 872.32 247.61 1004.47
598.73 782.49 479.91 695.09 438.48 776.38 598.08
379.3 1036.06 828.07 663.17 148.44 398.83 325.27
576.03 690.47 489.54 720.63 168.59 260.6 19.02
241.1 904.52 903.1 894.86 923.25 863.36 938.77
1031.22 829.62 765.93 930.47 641.45 937.99 213
90.38 170.6 475.7 661.96 422.14 181.57 886.84
350.81 467.61 478.22 503.89 140.63 367.02 374.51
500.26 462.56 310.11 705.3 172.74 378.06 478.71
316.5 646.15 522.32 426.22 373.25 107.54 400.37
482.9 338.16 582.6 48.04 447.87 310.86 425.56
781.66 374.99 450.46 627.01 405.29 753.02 180.54
585.89 406.46 738.81 759.75 496.61 508.94 481.12
47.76 679.77 487.97 33.29 424.18 351.49 613.88
350.62 575.34 652.7 463.53 297.42 655.19 674.4
592.58 502.18 644.71 241.89 755.67 274.12 666.19
274.7 274.67 558.09 124.62 719.65 355.73 779.46
526.96 372.37 496.72 717.78 471.85 506.33 771.14
429.32 284.78 516.84 526.51 680.74 737.49 404.19
434.44 478.25 570.57 737.76 327.28 639.91 768.6
872.6 637.94 155 43.76 137.54 583.24 769.22
538.03 297.22 990.43 314.48 583.28 463.65 619.77
143.87 387.67 441.35 454.32 547.86 425.99 813.84
70.82 478.77 490.76 359.68 756.05 626.98 460.28
423.4 196.64 501.18 534.9 415.23 675.08 135.96
458.68 301.23 393.57 881.24 486.05 507.05 734.45
498.78 868.89 83.25 698.06 518.27 854.25 872.82
566.98 563.07 524.82 118.87 793.61 518.15 83.5
523.4 465.9 722.21 335.18 655.38 751.96 431.53
412.53 734.88 763.45 699.17 477.88 735.36 352.46
870.96 183.98 780.95 199.02 288.55 671.99 194.42
817.63 411.68 887.59 587.46 307.49 587.84 822.49
586.3 615.29 883.53 495.53 359.53 551.32 504.74
791.51 851.41 363.67 468.07 568.24 661.46 839.25
328.17 755.66 882.45 971.33 740.58 453 909.01
854.19 351.8 698.88 509.2 662.0 845.36 872.66
456.03 1207.12 475.97 811.65 696.26 917.41 950.66
398.01 579.72 163.97 988.74 741.9 713.19 968.37
650.7 299.63 631.05 974.99 724.8 740.82 533.85
866.3 840.14 835.17 719.5 1067.29 874.97 47.03
459.94 527.62 688.45 792.96 408.92 998.39 599.1
627.46 492.33 601.19 438.42 513.38 1053.12 851.08
560.33 633.23 845.08 753.82 505.6 230.38 811.66
927.84 799.07 884.91 558.86 294.8 212.17 694.58
865.78 878.51 698.21 342.58 981.02 324.29 948.91
1006.42 346.21 731.04 838.53 948.78 123.69 473.21
962.49 346.49 113.39 558.08 329.29 224.02 499.19
581.94 608.45 862.04 640.2 567.5 1185.84 1058.24
829.28 849.14 804.51 1062.89 461.53 577.88 64.81
755.91 42 79.66 122.24 498.23 709.71 460.91
219.06 935.47 304.78 503.9 503.02 542.91 98.27
337.14 421.64 453.39 466.36 349.45 728.88 152.81
427.53 446.64 357.98 692.83 541.81 402.29 416.91
111.92 449.8 467.54 386.76 632.46 93.56 415.16
335.64 380.89 796.59 401.96 437.23 674.74 455.15
790.43 163.47 631.27 452.43 779.68 804.18 491.12
494.76 523.79 85.89 723.47 462.83 26.94 473.76
384.19 637.25 309.13 624.65 702.13 419.07 332.11
655.72 681.17 640.61 459.62 694.57 289.19 790.09
225.35 699.21 224.87 306.89 589.36 114.17 769.19
400.59 802.57 516.13 322.9 504.75 737.33 515.09
530.47 799.69 421.15 280.72 493.66 484.67 726.92
781.05 418.28 474.29 528.1 620.44 786.85 356.02
679.76 812.22 886.85 686.89 309 467.83 417.88
130.12 578.03 255.69 244.8 801.04 476.52 250.9
808.77 307.34 372.9 329.24 570.0 592.06 114.69
229.5 349.22 546.53 435.37 403.5 585.18 538.62
155.8 304.58 611.53 282.12 446.68 264.3 515.99
618.09 400.91 391.42 653.75 505.02 402.59 114.08
230.16 548.71 490.2 493.06 556.52 463.74 355.56
520.57 591.28 199.11 271.08 709.89 415.29 510.44
347.32 403.62 470.03 165.39 260.27 424.54 671.05
632.63 527.88 185.07 299.88 299.61 530.03 530.13
676.77 322.98 467.01 549.39 373.5 521.65 598.56
264.94 288.8 695.86 585.55 419.81 258.1 557.22
124.39 347.24 346.15 166.52 438.49 181.47 157.6
348.67 538.57 556.42 557.59 765.57 694.03 554.58
617.34 687.23 656.61 422.39 585.87 493.0 597.26
416 697.18 813.88 612.47 177.71 417.04 532.81
282.75 979.96 445.95 617.62 402.43 774.31 920.39
331.59 1128.93 774.8 449.9 695.82 755.65 273.82
1024.98 442.65 219.66 659.42 935.47 388.25 667.65
252.84 924.74 334.2 65.01 608.96 1002.24 592.69
1045.0 851.95 553.62 888.16 175.23 242.07 498.43
752.55 260.24 312.13 417.17 335.51 864.89 935.42
370.05 623.56 322.3 991.13 676.59 227.04 501.22
652.73 959.96 134.75 68.6 1080.13 497.06 919.01
871.41 164.74 1106.31 22.77 424.63 556.04 918.82
537.73 921.82 540.82 528.06 703.02 93.56 379.72
745.53 924.39 1016.86 757.21 754.96 331.83 603.62
661.68 841.65 741.93 1001.89 1125.04 245.87 349.18
692.93 425.68 172.49 80.03 138.21 561.11 402.81
363.02 923.53 108.28 460 529.53 653.31 542.33
267.58 344.78 390.61 442.75 824.99 390.16 479.41
364.62 616.13 781.98 168.71 974.96 679.48 336.7
678.3 586.4 132.75 890.7 279.34 286.21 595.81
806.78 231.94 515.94 119.02 810.04 164.9 105.34
443.88 865.65 430.98 893.32 824.16 460.92 772.65
242.61 83.74 539.98 583.15 281.26 222.27 473.8
424.26 763.29 824.55 247.26 457.63 378.2 865.53
512.4 96.08 403.54 616.27 810.03 106.2 199.09
929.53 383.02 845.13 811.34 209.1 959.36 162.77
278.85 584.78 753.21 539.46 758.21 375.73 494.63
551.42 255.96 218.57 739.63 819.47 856.14 672.56
729.21 282.49 543.34 671.54 729.01 613.31 880.61
979.75 324.13 423.98 538.22 287.03 11.56 89.58
289.66 401.54 422.11 447.27 905.27 207.66 381
363.96 516.57 603.32 477.98 435.27 344.01 658.42
699.76 490.95 282.96 488.94 490.48 702.27 48.04
848.18 689.84 368.14 789.43 402.3 217.69 815.25
63.5 488.4 659.87 747.23 33.84 420.86 229.76
777.91 78.67 318.69 302.29 786.12 214.43 775.3
916.08 500.35 741.18 449.21 187.12 710.42 396.03
463.91 329.5 657.64 626.36 757.23 798.66 137.76
309.4 568.11 809.43 369.02 233.13 445.43 711.44
699.93 265.25 415.69 813.34 401.16 877.35 864.43
413.03 851.75 367.13 256.29 743.29 590.96 678.94
604.98 162.11 604.81 452.96 469.99 7.49 859.03
804.36 711.18 700.2 828.46 413.48 617.09 809.45
705.73 567.55 832.39 875.68 527.5 620.05 323.15
117.73 218.83 300.79 506.01 184.97 586.04 646.51
1004.3 422.99 345 403.1 571.48 805.85 693.14
653.56 513.86 850.37 750.54 709.87 56.5 712.42
563.78 804.45 267.51 886.69 863.15 573.03 1005.56
394.53 444.05 914.44 185.39 708.54 861.71 865.41
199.68 539.09 456.24 917.39 304.62 516.18 395.55
882.94 134.99 829.67 1123.78 698.79 883.12 666.93
412.1 936.94 382.49 688.97 554.14 883.29 847.09
916.81 941.95 203.02 391.45 792.47 927.16 441.71
458.52 648.28 923.7 769.44 436.39 617.11 867.53
597.8 1056.65 1055.45 631.9 914.08 551.04 454.79
969.26 596.8 902.82 624.35 166.31 823.47 562.69
661.54 221.22 1076.83 955.43 733.45 882.97 1040.17
638.85 824.11 1032.17 855.8 710.5 955.87 940.85
747.28 843.04 145.7 142.3 430.79 497.2 703.86
112.01 812.54 868.49 1213.69 632.19 370 292.65
448.74 590.59 527.39 439.43 307.95 718.92 632.72
495.82 270.87 502.05 425.24 645.18 114.51 780.18
658.56 357.12 790.04 329.57 246.06 758.09 35.51
532.56 646.67 694.77 88.84 365.07 262.84 732.54
115.66 381.0 237.28 728.23 162.25 709.17 908.03
484.12 696.51 496.58 229.97 735.68 323.39 499.59
347.14 689.77 668.5 719.73 754.77 195.83 242.39
604.59 757.19 301.81 272.62 432.7 707.75 635.86
335.39 474.61 747.36 383.16 849.89 843.85 459.7
787.23 433.02 239.11 762.97 519.04 692.15 534.0
101.19 608.99 395.27 532.22 76.38 861.68 763.5
640.91 674.16 824.19 432.55 608.28 819.87 663.97
522.01 781.98 811.74 571.68 658.84 281.03 153.6
276.49 363.9 565.43 140.77 610.85 686.73 997.8
477.56 131 124.72 251.58 486.13 605.0 397.98
175.78 824.82 433.29 448.8 414.34 477.34 223.41
444.16 292.35 582.43 503.43 288.28 710.24 197.8
313.07 556.72 235.29 593.8 537.31 498.48 290.76
168.96 335.46 546.61 258.02 510.66 35.78 526.4
250.44 508.31 801.35 379.63 512.33 570.39 333.75
727.68 200.14 538.91 359.73 704.48 714.69 549.05
571.16 398.92 48.01 637.55 560.77 104.81 357.61
344.71 620.29 433.16 497.05 586.21 546.31 288.49
697.99 708.03 534.73 584.85 571.67 194.77 737.46
343.58 652.04 349.6 204.49 549.27 195.49 652.02
272.96 784.58 585.31 451.15 530.86 730.02 433.5
513.06 765.61 485.94 340.3 587.79 609.02 630.08
695.32 357.22 354.03 404.52 497.58 673.47 260.61
609.27 726.05 892.76 574.92 114 207.57 358.19
539.56 557.91 412.42 238.72 764.89 541.77 467.79
325.3 484.09 333.64 554.85 190.11 689.8 587.25
315.21 751.58 256.38 262.67 667.62 123.8 555.26
594.23 606.6 179.93 276.23 283.47 648.83 167.21
435.3 145.56 637.52 177.08 617.88 858.64 431.33
613.45 524.79 265.86 728.66 252.76 511.26 341.67
692.65 685.77 642.33 672.08 287.55 151.21 614.92
669.02 210.81 300.35 385.49 665.27 544.16 405.86
521.11 656.02 331.6 780.86 781.62 487.87 695.59
492.65 199.07 748.3 435.21 670.24 447.39 116.44
577.39 305.24 583.45 163.86 824.91 683.11 552.92
607.81 779.73 424.6 561.38 792.86 583.34 439.28
694.81 720.05 593.58 671.48 297.78 242.87 327.67
420.01 611.21 174.03 605.3 700.98 949.54 517.03
208 806.45 824.07 319.85 338.99 299.96 537.67
473.78 917.82 251.61 979.75 221.94 775.67 776.13
660.07 1038.88 497.18 410.95 225.43 888.25 479.42
842.57 741.86 292.91 322.93 744.05 726.31 659.77
468.88 679.18 618.67 506.97 712.17 834.32 873.6
951.44 379.9 370.04 653.37 336.3 517.26 48.78
893.47 260.67 370.79 120.35 228.84 584.93 673.52
778.13 730.77 193.82 776.42 751.4 471.4 372.32
240.3 869.37 604.42 445.95 974.91 422.97 542.35
466.05 352.17 976.25 532.8 510.63 47.16 957.84
78.03 938.42 809.03 182.47 682.91 475.69 702.82
249.7 643.4 992.34 449.9 290.88 285.39 285.35
154.4 606.97 599.53 767.77 983.29 274.87 194.95
995.79 802.26 527.76 519.97 437.43 857.8 115.55
206.53 432.56 403.69 318 314.93 154.75 488.71
854.35 549.39 351.34 1086.11 118.1 571.77 748.68
624.21 152.08 102.46 651.81 251.39 366.32 458.12
701.4 352.86 610.79 200.91 602.16 825.99 510.08
183.14 657.43 219.62 631.07 276.61 609.21 822.35
333.75 168.87 582.38 163.74 718.52 433.07 260.14
820.35 651.62 843.7 366.69 754.64 593.38 858.53
911.1 341.94 305.86 765.9 331.63 827.56 234.25
275.75 657.12 449.33 616.03 77.07 835.18 873.67
197.01 418.87 517.39 570.35 791.45 224.43 885.93
459.39 823.45 236.16 729.26 196.96 555.92 617.81
184.42 941.77 638.47 767.78 339.47 200.49 419.36
687.29 628.78 525.15 796.23 271.13 201.57 269.78
245.91 853.53 881.31 653.54 720.29 726.94 813.88
948.93 604.42 756.42 911.74 800.69 849.29 31
399.28 392.52 168.9 491.74 172.56 142.66 721.16
495.44 192.46 701.27 244.62 344.23 381.77 451.7
628.63 233.36 113.71 396.65 481.46 318.63 475.27
471.95 457.44 220.04 380.47 494.96 231.23 331.21
364.22 397.62 508.97 317.64 456.84 552.11 540.03
484.69 66.63 327.46 459.82 372.96 472.34 489.44
383.49 248.79 479.91 532.37 313.33 376.28 591.83
334.41 448.95 432.82 337.7 355.38 70.64 305.46
454.13 556.11 533.3 568.82 67.25 416.19 406.41
436.42 581.58 569.48 205.26 462.31 526.59 369.09
506.5 493.76 257.04 251.65 598.93 468.78 470.92
369.39 563.98 238.92 412.79 258.56 197.76 464.4
281.49 193.95 441.55 594.9 481.1 501.95 668.31
578.02 439.32 506.68 595.95 551.44 377.51 532.25
576.05 501.15 148 618.88 522.66 247.83 744.26
435.28 436.63 954.42 509.83 413.17 995.9 465.75
487.48 330.62 769.9 582.29 86.56 428.6 355.53
689.47 634.04 346.9 779.9 700.42 218.18 262.68
809.61 433.12 644.23 166.99 715.97 808.41 570.58
351.46 835.47 507.13 321.43 302.49 159.43 718.6
689.19 583.95 701.36 627.54 547.06 635.4 724.84
70.13 150.3 909.45 581.93 651.28 268.43 556.09
666.75 359.29 297.83 447.5 867.32 812.18 516.51
385.22 116.16 163.24 705.41 498.43 864.64 522.67
538.16 638.0 457.31 601.86 784.39 375.8 425.66
871.77 783.87 404.46 113.21 601.27 96.48 317.26
522.69 269.42 465.79 137.12 259.3 248.41 496.2
711.01 688.83 940.84 891.35 751.53 809.28 856.71
842.22 550.5 713.1 396.78 773.87 375 338.17
334.43 228.28 521.87 215.05 91.98 753.27 448.39
244.61 655.98 293.03 286.0 351.43 426.26 586.68
260.58 126.26 457.46 420.2 314.78 452.62 433.51
491.42 277.02 362.77 463.02 170.7 330.64 363.54
372.97 516.98 258.77 431.05 502.15 498.46 540.22
128.22 326.06 488.56 366.27 528.88 428.36 419.37
266.22 531.39 576.78 328.76 379.85 564.46 275.04
493.25 419.62 276.26 356.22 119.32 366.06 411.76
553.51 552.3 529.33 83.57 451.76 451.3 461.9
546.61 579.3 180.59 521.6 468.04 428.96 449.59
446.06 317.48 193.22 619.45 437.46 531.63 379.54
512.25 277.24 471.51 293.41 258.5 525.97 284.35
169.06 433.3 562.11 518.18 548.01 615.89 544.46
437.28 512.45 621.21 504.08 428.96 578.79 631.61
523.51 124 183.15 252.17 397.77 566.22 324.74
89.3 793.22 418.75 372.07 495.42 406.13 211.31
394.2 322.6 568.71 417.35 212.76 623.5 264.92
289.98 506.94 293.35 548.72 448.38 438.02 338.45
113.94 311.81 474.68 277.43 499.5 90.74 478.47
335.33 487.66 712.17 292.16 438.99 531.23 324.07
655.97 270.53 487.3 308.29 639.94 660.74 468.16
497.52 446.79 108.77 580.58 500.32 132.51 336.8
260.94 533.03 405.69 503.82 563.16 524.31 205.24
611.87 619.55 497.5 556.65 562.63 145.81 661.0
368.7 573.07 364.5 283.88 467.34 148.38 630.83
316.3 697.89 508.25 454.53 442.8 641.68 372.61
425.52 682.63 408.47 264.61 524.15 578.51 582.78
638.29 445.54 411.76 398.99 489.06 646.07 341.57
541.52 669.41 803.57 545.75 101 970.82 899.07
433.09 810.01 606.36 737.11 956.75 895.21 555.37
1292.39 579.99 859.58 715.29 1011.92 957.16 436.4
667.16 272.99 1048.11 839.94 714.51 1056.29 761.76
377.43 642.65 1067.16 783.61 840.36 540.7 959.76
947.63 903.83 725.64 1146.92 887.61 119.51 540.58
542.25 798.87 892.3 520.06 1058.63 708.7 727.05
603.98 712.88 454.34 516.27 1149.47 918.67 672.12
633.86 906.55 854.75 590.91 327.86 832.54 1033.43
909.27 892.83 641.38 286.54 223.39 803.98 867.51
987.55 784.48 453.53 1020.27 435.57 985.46 1087.75
449.38 785.34 949.75 1040.76 235.0 475.86 986.92
391.65 215.16 661.51 416.53 334.5 522.79 626.91
604.53 860.2 751.85 679.33 1263.09 1150.89 932.22
956.02 916.17 1145.04 572.74 689.36 56.49 866.13
61 211.86 357.21 522.23 544.03 394.5 222.93
752.97 539.96 449.84 341.21 466.35 330.54 547.32
187.58 688.67 572.35 297.33 733.75 265.29 248.24
660.25 131.87 540.43 577.03 597.28 183.93 267.3
269.36 637.3 159.98 425.57 142.35 630.44 194.81
615.35 841.33 414.05 601.65 510.68 254.04 711.25
262.47 495.37 324.75 675.85 670.2 628.79 660.17
292.47 150.11 598.77 659.71 209.62 287.04 367.84
647.55 540.27 399.89 509.69 653.39 314.13 765.65
765.45 473.83 692.0 483.8 181.11 730.58 439.13
652.35 449.7 133.6 559.44 297.4 572.73 165.79
807.05 670.44 554.1 592.1 762.13 407.37 543.82
774.9 570.69 427.26 684.9 716.1 578.6 655.47
315.69 251.08 317.9 410.69 599.48 190.87 588.03
685.1 932.17 504.49 286 342.76 503.05 828.61
790.29 700.83 521.16 963.74 671.29 756.78 121.66
768.71 506.01 751.34 359.4 797.69 856.97 606.29
1042.71 309.4 517.4 856.36 254.02 799.75 882.41
820.08 295.28 509.83 533.53 884.54 382.31 624.95
367.92 824.31 114.71 749.75 1147.27 720.34 852.87
761.32 496.73 1006.47 295.86 770.42 617.17 961.27
937.07 898.41 911.11 329.0 357.87 875.36 879.89
395.3 541.36 676.22 956.15 699.22 554.15 724.45
786.51 621.72 1051.43 1061.19 724.97 836.01 666.14
489.35 1031.68 502.32 957.42 534.88 178.85 867.65
526.34 774.27 309.39 1116.03 929.81 641.1 884.39
1070.13 702.43 851.63 1082.23 832.05 686.98 911.52
863.62 838.91 928.94 12.19 262.83 530.14 606.31
813.63 130.86 881.73 956.28 1238.45 734.44 330
385.36 455.43 310.92 359.85 148.83 151.99 589.86
605.12 205.03 562.31 219.33 410.45 534.09 274.18
751.27 423.23 80.06 498.69 463.03 128.06 638.96
321.59 339.6 367.41 551.01 327.65 294.17 142.35
549.73 220.98 328.88 287.37 615.93 437.49 665.19
621.98 212.98 512.39 324.97 182.03 466.59 465.93
277.6 98.68 438.85 451.78 504.18 564.08 413.97
305.81 372.83 608.28 341.5 167.68 155.5 418.11
578.97 366.66 371.77 699.01 123.77 598.81 576.67
293.08 722.34 391.65 71.45 483.53 577.53 405.65
570.67 373.33 317.53 328.13 439.82 301.27 570.06
559.49 653.65 422.43 535.05 167.67 323.12 530.33
468.54 357.02 621.73 740.17 373.13 430.65 559.82
411.39 249.92 323.88 447.9 425.96 345.39 461.61
710.4 347.77 311 510.57 428.99 192.24 670.29
350.09 322.31 890.17 448.42 339.66 881.15 395.5
389.53 280.79 658.74 545.57 34.21 324.88 371.29
583.98 530.58 333.84 665.64 629.48 189.99 236.1
696.59 323.17 542.48 175.55 605.05 714.79 457.65
327.7 721.14 462.41 384.8 209.49 145.51 641.86
585.09 557.04 595.34 554.87 452.25 594.64 673.0
102.41 178.02 797.64 469.64 594.24 268.02 446.97
566.11 262.08 292.59 390.02 767.13 728.1 479.64
279.35 226.79 250.35 624.48 473.25 773.38 411.68
522.11 552.53 432.21 519.61 669.66 332.5 319.32
790.7 671.04 434.17 161.85 536.02 83.37 351.87
440.28 224.43 473.29 97.96 156.84 263.23 477.53
645.14 638.24 827.6 777.85 650.51 714.03 780.59
727.52 500.59 665.23 470.19 692.11 424 650.14
554.26 257.44 753.81 450.09 463.88 960.28 538.75
424.56 1024.61 475.64 519.17 358.98 794.23 607.34
113.15 450.0 342.82 721.0 654.64 369.35 806.84
709.15 221.73 288.68 835.27 464.07 664.07 189.92
740.2 824.64 600.81 375.78 864.86 533.77 296.91
321.23 186.45 729.14 709.95 580.34 732.85 637.13
564.5 635.37 727.61 97.88 170.06 934.12 612.39
655.94 289.72 587.22 686.07 378.75 292.1 476.15
886.08 824.93 541.87 407.72 84.66 135.25 717.39
521.84 879.88 547.21 531.9 669.12 454.29 632.77
813.18 378.97 457.05 883.34 809.39 387.4 130.58
630.45 110.15 300.17 535.98 275.46 453.87 167.61
290.78 266.93 518.4 718.1 691.38 970.97 917.39
770.83 826.14 866.65 871.08 553.66 714.75 369.43
785.92 316 403.58 269.24 385.54 807.06 487.17
341.05 1036.73 239.32 497.47 825.86 553.08 246.3
71.59 677.04 336.42 238.51 416.12 582.71 458.54
599.17 162.03 648.59 772.96 396.85 80.65 695.83
250.08 616.87 147.15 628.43 805.96 391.2 141.38
658.36 251.47 587.2 354.01 125.5 774.77 647.12
750.8 471.86 698.85 556.41 776.57 841.37 205.97
176.18 804.16 395.36 758.84 143.03 350.06 642.9
385.39 501.84 179.08 835.07 842.72 271.27 370.64
381.37 435.66 750.06 272.64 868.75 452.47 722.96
370.27 630.2 332.17 621.09 522.68 223.93 909.65
673.61 645.64 206.32 329.52 293.06 562.54 574.13
421.23 683.04 135.99 122.47 169.38 282.52 795.94
809.02 744.75 767.72 720.82 800.44 909.71 674.81
676.76 838.26 667.46 813.1 448 556.07 695.02
633.37 334.34 437.03 457.66 473.24 872.98 483.4
426.75 458.22 662.04 845.91 161.24 1023.13 764.35
420.41 771.82 602.63 214.67 956.69 266.14 361.34
687.44 876.83 205.44 571.5 205.74 887.13 186.49
144.03 480.11 930.23 410.72 944.62 917.75 548.43
849.63 315.25 159.67 626.09 597.32 367.29 314.23
555.85 496.05 845.69 903.16 180.19 491.29 458.93
936.93 549.3 185.99 490.59 709.8 863.82 62.06
244.17 981.74 465.37 934.21 902.7 285.94 1014.97
174.02 347.09 673.54 783.45 631.48 793.14 364.75
588.26 606.48 284.46 202.79 832.73 900.38 895.65
760.19 822.85 376.11 635.57 763.23 807.54 685.23
954.18 1036.75 397.07 500.29 504.74 234.86 105.0
125.31 327.84 377.31 511.06 520.95 998.89 266.47
271 908.4 855.17 349.73 691.58 504.74 660.18
837.12 875.46 451.28 1203.9 470.41 812.38 699.47
913.12 954.6 400.18 576.52 157.69 988.32 737.17
717.65 964.91 643.43 298.16 634.88 970.99 724.6
735.86 538.14 862.16 833.79 833.9 723.62 1064.76
878.51 51.85 457.72 531.37 681.39 788.02 400.6
997.88 592.29 622.54 484.18 593.05 442.26 517.98
1048.54 849.92 552.68 637.81 844.53 748.65 502.75
226.38 814.62 921.84 792.07 888.79 556.28 300.7
217.41 687.82 870.1 871.81 695.07 334.2 982.41
316.99 950.54 1003.71 340.93 731.26 831.18 944.81
115.36 477.89 965.09 348.24 109.38 552.58 326.52
215.53 502.32 583.17 613.37 866.6 632.65 559.45
1183.54 1054.16 823.76 842.91 796.95 1060.08 454.22
569.66 71.06 748.91 434 671.71 786.9 587.82
170.16 391.5 504.99 299.53 952.45 421.84 604.78
379.67 747.09 892.53 311.52 1101.34 748.6 422.36
676.82 731.18 246.33 997.17 422.75 208.45 635.45
907.77 370.25 640.06 225.22 897.55 311.17 41.03
582.81 974.4 573.57 1017.32 832.13 527.23 860.92
162.44 215.92 486.86 728.33 242.39 285.0 407.53
331.33 838.38 908.43 358.91 597.59 311.36 963.54
650.2 199.5 474.43 631.41 932.22 127.76 66.82
1052.4 469.56 894.59 848.19 146.97 1078.49 38.92
396.97 542.79 892.64 520.5 895.23 520.37 506.56
675.41 110.6 360.35 728.15 897.73 989.84 731.72
735.15 307.37 579.79 646.15 814.52 714.19 974.45
1097.19 237.83 342.23 676.11 411.92 148.23 58.63
149.81 542.65 386.98 358.2 904.99 98.93 428
396.19 229.38 622.49 994.65 691.0 488.22 1226.36
45.77 712.78 821.66 765.56 253.72 177.77 768.36
111.38 482.37 598.97 826.59 407.43 744.1 201.86
706.2 966.99 638.85 248.78 765.76 350.19 764.99
351.75 729.79 955.53 441.36 177.7 661.35 33.39
827.4 573.02 348.9 960.47 782.04 982.0 420.81
895.95 732.92 999.07 1052.68 437.78 378.38 872.33
434.74 969.14 272.19 375.27 790.81 590.81 744.46
68.03 962.08 1010.78 71.35 560.3 606.12 670.46
930.99 119.58 1019.02 593.29 959.28 227.52 865.43
187.81 646.26 754.98 314.81 1078.94 749.31 889.81
417.62 112.4 537.07 806.48 770.16 658.79 925.6
374.96 337.9 308.31 147.42 994.87 1022.78 712.4
820.91 857.21 946.12 1087.67 688.28 897.15 1053.16
904.4 987.68 400 239.0 387.21 773.65 813.82
672.38 463.25 1006.87 548.37 726.26 245.98 747.2
396.65 640.5 397.46 671.39 777.11 567.99 997.09
189.46 523.71 741.81 286.43 815.74 824.52 713.12
344.69 421.28 543.09 784.84 403.57 667.89 290.35
709.72 140.8 626.18 1088.01 667.07 755.31 782.09
516.31 993.85 175.6 775.72 607.74 958.7 948.94
808.64 812.46 409.41 275.94 879.96 771.16 299.15
556.51 630.19 907.52 579.92 612.11 762.82 662.43
574.05 969.68 987.96 745.05 712.75 717.01 458.81
1011.14 375.63 930.07 409.32 188.44 831.75 431.57
819.3 349.72 1071.35 834.5 514.42 810.14 1017.55
690.37 800.47 1048.43 739.34 597.17 804.25 740.56
854.57 936.07 121.35 341.44 564.67 650.29 853.59
176.37 870.96 965.18 1179.38 765.79 482 487.01
630.84 619.07 382.89 429.44 411.98 540.27 811.03
480.36 365.64 463.37 600.01 793.97 89.56 960.84
735.68 394.2 776.22 530.84 196.38 905.91 192.39
403.26 674.65 829.82 132.37 515.65 195.23 847.19
124.41 202.95 415.11 878.44 337.89 884.16 916.11
526.52 809.76 359.23 143.18 654.29 525.16 396.55
308.63 590.14 541.09 812.72 864.93 130.39 425.14
495.01 890.89 483.97 183.35 468.61 707.8 805.04
135.42 303.74 921.68 436.22 912.86 887.79 326.18
956.78 243.0 305.39 696.59 714.65 645.68 725.88
291.04 590.35 549.98 350.8 129.07 840.78 865.09
829.83 736.57 823.24 381.65 625.45 778.16 769.71
641.13 910.18 979.35 440.98 541.14 435.23 172.28
124.89 184.03 391.29 305.01 534.29 564.32 1000.24
319.53 339 165.49 26.95 565.04 833.72 565.36
328.93 1061.69 185.34 602.03 592.7 646.65 73.7
274.54 550.95 328.49 489.31 457.55 792.93 183.79
557.04 369.76 479.78 814.0 600.1 353.17 541.38
190.7 579.16 439.42 517.82 763.55 224.21 337.76
430.71 264.31 837.9 482.36 416.86 798.75 586.37
887.77 197.64 749.35 573.05 885.73 919.09 488.75
468.56 646.05 213.68 836.91 406.53 155.01 603.57
477.54 702.47 207.4 756.26 831.21 302.39 431.45
663.13 704.07 765.55 348.39 825.88 414.21 880.05
108.92 786.74 96.12 415.64 674.37 166.12 898.63
526.92 864.37 498.18 191.36 536.46 791.27 628.89
600.08 875.04 415.69 299.71 441.69 375.26 846.68
893.83 488.81 592.25 659.63 751.79 914.69 457.25
784.01 925.03 925.12 814.39 429 212.18 328.9
448.57 518.17 331.58 147.95 737.24 505.35 385.5
416.37 407.35 294.46 492.02 225.45 655.51 498.09
228.56 663.22 282.34 225.48 604.88 198.87 508.28
502.97 536.07 240.62 210.88 247.86 569.75 182.95
424.79 119.51 576.17 267.48 577.39 767.58 340.29
533.51 483.69 247.5 655.95 283.2 455.71 278.15
627.13 631.7 556.72 591.64 348.71 134.91 556.19
598.31 187.19 270.08 295.96 575.91 497.83 416.98
498.78 614.74 241.25 691.0 690.28 447.81 649.58
486.43 118.72 670.77 429.31 589.26 432.9 208.01
492.35 244.17 564.81 218.15 736.92 600.11 531.24
517.07 689.66 355.97 471.16 708.77 500.58 359.1
621.66 672.29 545.06 613.75 386.45 315.75 319.63
412.27 585.89 265.66 534.85 644.19 858.58 487.33
406 640.08 566.08 175.17 668.16 373.16 424.68
871.53 579.06 342.36 988.62 391.18 525.94 404.52
739.04 664.13 104.45 388.58 261.51 715.92 588.77
435.03 762.31 622.79 133.36 345.06 784.92 452.22
596.18 256.7 684.97 748.25 579.08 436.35 834.14
585.11 248.59 255.4 242.09 644.6 644.17 490.55
726.79 551.77 491.75 544.97 637.62 156.91 243.3
879.5 592.69 566.73 358.7 575.91 616.78 313.28
203.14 518.62 814.67 742.96 597.95 350.57 132.72
119.61 634.63 584.1 801.58 494.88 443.46 689.73
364.26 656.45 778.76 289.45 452.17 799.75 758.63
314.16 207.83 668.51 58.64 227.8 455.81 188.52
371.18 207.65 293.42 341.38 583.92 630.35 601.34
945.57 868.25 701.07 750.93 781.23 836.79 463.89
624.5 332.94 703.09 364 477.76 406.25 175.46
638.45 316.22 281.39 860.89 442.05 310.32 841.56
366.66 364.54 283.34 617.28 548.47 70.21 284.94
374.99 552.97 490.34 348.93 624.69 598.79 185.37
249.91 655.23 289.86 502.63 203.93 563.6 676.85
420.94 339.17 682.45 463.07 404.77 174.57 170.28
609.22 544.66 542.36 563.94 523.95 414.51 574.67
648.64 141.66 210.63 756.18 433.55 568.51 289.22
413.75 526.5 224.64 291.03 386.35 727.44 692.91
483.23 238.96 264.73 280.75 590.53 481.41 736.0
370.24 511.75 533.39 419.74 502.37 630.18 315.1
289.1 756.3 629.65 441.58 198.98 526.91 104.82
362.67 406.67 210.33 472.11 121.47 134.0 288.99
488.0 616.1 614.51 790.19 736.59 610.72 675.64
747.75 688.12 478.12 642.3 492.54 657.71 75
634.21 757.3 601.1 222.45 402.11 486.93 354.03
927.4 438.62 547.64 401.8 719.42 877.7 261.02
1077.12 753.17 417.47 707.48 690.01 225.22 984.71
371.83 256.42 651.29 898.03 316.82 616.81 206.53
894.38 266.85 32.09 548.64 960.67 521.47 994.63
860.29 531.69 857.3 209.57 184.74 531.88 686.39
279.41 286.76 455.4 384.81 840.69 906.98 301.23
562.45 358.32 955.41 617.07 180.43 476.48 656.16
910.61 71.34 124.2 1030.46 464.79 907.75 866.07
187.26 1058.91 59.33 376.16 585.1 858.03 555.76
862.85 470.24 531.46 652.31 164.6 308.7 762.29
898.8 960.24 740.38 763.62 324.31 596.45 684.2
812.06 704.03 968.4 1078.65 288.71 393.33 621.48
355.12 110.41 24.4 206.77 489.73 425.85 411.06
936.14 151.76 336 407.23 494.7 360.76 323.93
180.44 201.18 549.78 651.99 235.86 532.47 236.6
451.67 589.28 228.54 799.72 481.47 137.53 534.65
480.63 68.74 695.49 291.74 310.45 416.76 608.74
287.58 339.29 83.42 609.02 177.93 272.56 310.06
671.8 421.03 714.69 665.24 267.8 571.66 289.02
123.24 472.89 481.87 257.15 83.79 434.59 433.1
563.26 623.47 365.78 327.68 358.81 666.52 370.52
109.15 209.8 458.6 629.09 307.29 322.82 749.29
182.69 654.38 628.89 254.53 774.57 335.82 97.84
497.55 611.43 426.95 607.92 356.49 349.7 374.21
390.94 261.84 603.92 618.8 695.7 478.82 575.49
168.27 369.39 555.94 527.91 414.77 680.51 793.17
346.68 416.06 543.04 369.97 190.58 266.51 403.32
405.02 348.61 446.22 752.1 302.84 387 675.49
801.19 641.89 234.69 443.5 532.64 333.63 972.21
477.86 565.81 438.62 763.8 923.46 294.69 1122.03
796.66 462.47 740.0 729.32 270.95 1030.48 404.06
274.16 691.18 943.69 345.93 662.02 252.3 939.4
305.78 68.29 591.36 1006.44 551.45 1039.78 894.4
575.03 902.37 228.29 229.51 552.71 725.26 307.04
330.26 473.04 394.31 884.73 951.74 317.14 604.81
377.09 1000.97 660.05 226.19 520.32 692.03 955.93
81.35 127.17 1075.71 509.83 948.79 905.28 212.06
1104.41 37.53 421.77 608.62 900.26 585.08 905.87
502.89 567.12 697.53 147.97 340.48 792.52 943.11
1004.03 782.78 797.5 363.17 635.97 711.46 856.95
749.68 1013.78 1124.23 302.69 406.74 646.85 375.79
154.54 68.98 195.59 518.59 452.3 421.6 968.45
163.83 269 403.57 271.94 376.82 799.16 479.01
335.26 1028.71 246.85 489.02 824.3 544.67 247.61
80.31 672.37 345.07 230.58 408.72 574.36 459.77
592.76 169.23 645.17 764.91 388.27 84.87 691.87
247.19 610.33 144.97 623.5 799.18 389.08 149.27
656.88 259.99 579.85 345.55 121.5 766.94 640.98
742.08 473.01 690.75 549.01 767.92 832.91 200.14
173.75 800.1 393.63 750.41 146.93 349.24 636.33
377.28 493.32 186.99 828.98 835.35 279.95 363.09
375.76 429.01 742.37 281.32 861.9 446.52 714.26
375.12 621.48 337.38 618.91 513.96 221.91 902.21
669.5 637.48 202.69 336.7 285.04 554.52 566.13
412.52 674.52 129.43 114.89 171.9 291.07 787.76
800.52 744.35 764.23 714.54 793.78 902.03 672.92
668.16 829.73 660.46 805.56 475 843.82 940.05
628.18 135.37 458.88 639.17 105.64 1092.03 465.65
804.74 410.98 896.42 1006.1 508.43 1236.93 809.07
529.7 646.34 909.9 406.22 1102.1 619.3 175.77
663.99 1006.7 569.38 781.42 383.84 977.32 501.2
239.39 749.7 1083.31 770.87 1149.93 804.93 599.96
943.01 167.2 393.76 401.97 908.55 249.92 392.89
314.9 209.09 902.86 982.66 557.7 766.15 243.39
1056.57 813.61 362.49 558.39 627.44 1063.24 322.38
140.9 1182.56 572.73 921.39 859.71 194.8 1202.0
207.17 543.3 467.54 1055.92 481.27 1053.35 715.45
511.79 815.43 95.95 558.01 680.2 964.38 1140.27
779.69 710.74 369.18 609.06 584.78 894.46 819.63
1061.07 1217.63 168.49 238.0 875.79 612.17 339.0
258.12 50.69 740.93 347.65 236.58 863.11 144.36
338 119.54 253.15 682.42 801.11 610.02 379.58
1011.06 415.57 660.11 364.83 689.59 265.52 507.45
422.12 543.35 663.63 499.59 911.18 55.08 504.98
607.63 321.28 795.04 729.67 581.52 386.5 307.4
526.57 656.88 410.57 680.52 199.73 575.55 217.63
493.93 988.92 579.89 628.84 767.35 512.01 939.94
41.21 744.95 567.75 915.57 920.89 687.19 685.02
474.73 181.71 845.79 638.66 183.79 545.08 551.36
820.0 445.62 643.0 767.36 530.69 495.65 853.09
877.95 730.72 580.25 736.41 405.3 949.09 249.97
862.6 280.09 229.75 757.72 311.39 829.46 382.17
985.47 709.06 387.88 700.97 925.03 644.3 712.32
973.01 616.28 477.86 672.29 607.91 832.53 903.34
251.73 410.77 573.12 664.71 857.43 251.12 821.23
933.74 1079.76 762.74 315 891.91 852.48 326.27
622.94 458.58 634.79 762.94 888.53 403.26 1165.24
415.53 807.82 716.99 866.45 977.52 411.89 540.26
104.47 973.22 687.56 746.16 924.71 575.09 281.43
658.24 926.51 712.47 684.51 566.39 816.87 771.56
812.3 749.09 1031.9 898.12 108.57 430.96 554.92
614.44 736.61 326.2 981.99 527.3 571.97 410.55
519.47 467.58 549.1 999.36 829.09 481.97 667.9
828.89 695.53 470.07 190.47 829.44 862.07 725.34
911.35 525.41 346.08 259.59 622.88 896.72 807.03
658.51 259.63 982.8 249.56 953.13 969.59 289.88
722.69 762.09 900.64 42.19 510.19 976.1 357.49
88.73 497.64 297.53 140.62 520.78 584.37 646.55
895.43 562.48 486.32 1152.27 1008.83 767.77 781.56
726.55 1024.92 386.06 495.65 141.02 682.23 322
325.36 493.5 711.6 631.9 564.26 418.18 806.53
675.88 620.65 147.74 626.44 481.12 717.83 200.81
816.69 767.6 479.93 914.31 331.46 364.84 829.01
99.41 642.32 767.27 776.08 136.97 447.61 379.47
824.93 226.85 467.13 305.61 797.86 79.3 754.68
1030.0 604.2 790.24 603.26 340.06 857.37 321.07
615.72 470.33 808.27 780.1 822.13 849.04 190.86
303.37 720.38 838.16 356.86 385.42 554.48 831.29
689.98 400.43 566.19 792.86 503.29 961.01 959.91
567.08 837.5 510.28 361.39 886.41 534.1 816.69
557.6 76.65 733.75 472.77 617.17 150.86 986.19
861.63 667.15 787.29 947.42 555.66 730.62 944.66
761.91 616.96 865.96 863.67 681.45 773.08 169.81
123.29 371.47 448.62 655.69 43.05 732.55 799.9
1120.18 575.78 150 435.1 400.93 137.66 543.1
219.57 199.64 769.14 478.17 223.49 763.34 279.51
354.16 344.35 521.41 601.9 163.01 182.27 367.14
515.46 388.02 428.16 537.86 505.56 177.56 330.48
563.3 253.61 399.89 302.01 467.39 574.09 362.68
413.05 610.14 513.76 436.02 80.24 266.27 512.67
442.64 483.78 524.76 430.72 312.01 503.44 567.23
244.5 311.62 661.33 377.96 484.99 378.21 371.38
423.6 123.05 275.92 430.36 624.59 592.62 539.33
137.04 347.75 343.46 492.08 546.21 633.58 274.45
464.06 534.43 369.74 509.57 553.85 257.78 265.45
656.91 537.27 439.94 301.93 554.28 171.19 373.07
309.59 172.79 448.05 218.63 160.66 383.21 556.86
525.74 534.69 723.57 645.96 507.93 572.7 650.55
611.84 402.85 563.9 527.19 558.48 103 719.62
639.07 241.08 719.57 440.14 506.25 912.7 637.6
403.45 1070.09 447.7 600.64 458.97 816.96 710.29
177.26 465.51 255.12 794.49 662.39 472.61 842.88
672.8 189.9 391.08 864.22 531.71 668.55 293.18
763.0 813.04 660.29 478.91 915.85 635.75 193.64
331.84 288.04 698.48 717.62 509.98 805.6 604.64
561.28 573.82 672.85 198.75 273.06 957.39 673.7
607.6 392.85 655.59 688.13 389.1 224.35 575.57
883.72 800.75 644.68 429.3 80.03 38.97 691.76
625.12 864.06 574.28 455.6 759.35 387.79 724.55
860.38 333.0 530.08 854.59 837.86 290.64 233.17
728.67 139.39 204.52 518.14 245.41 365.86 263.54
368.11 369.16 621.6 676.42 636.4 1027.21 947.75
771.75 816.89 832.56 918.41 502.52 656.93 268.42
759.72 469 832.76 931.69 631.21 135.32 458.13
632.46 118.57 1085.56 467.31 786.78 413.33 888.49
1002.57 492.65 1231.09 810.75 525.4 656.13 897.9
395.43 1099.67 603.69 178.79 668.32 1004.79 552.93
774.26 373.02 977.4 486.82 222.73 739.24 1080.41
755.11 1144.36 814.9 599.62 942.78 164.94 380.79
415.38 896.31 251.63 387.4 328.28 223.99 904.37
983.32 539.38 755.5 253.11 1055.37 803.73 351.01
556.68 634.71 1057.77 303.74 126.04 1177.33 569.11
926.65 866.28 189.68 1197.57 188.29 534.83 480.5
1046.33 491.05 1044.46 700.27 517.57 808.51 76.72
542.06 691.64 965.79 1132.47 782.54 720.2 367.97
613.08 597.07 894.35 816.64 1060.57 1213.57 175.8
251.5 859.12 594.45 324.03 241.3 35.35 724.85
356.21 251.84 874.48 134.35 156 390.32 224.78
527.08 920.76 609.17 424.51 1152.3 105.79 626.57
824.15 680.7 229.6 77.64 731.27 194.64 382.35
524.25 727.39 421.36 685.55 134.01 681.83 890.38
540.97 152.98 737.23 297.56 705.4 255.78 688.21
896.79 413.36 102.86 658.68 107.51 727.32 484.6
250.05 887.22 727.8 889.69 435.23 817.82 661.97
910.64 969.15 338.46 283.47 845.68 410.87 885.84
187.42 354.31 731.53 507.61 646.24 43.03 912.44
944.88 132.1 482.57 508.7 571.15 859.53 149.11
960.34 534.26 864.54 276.7 771.13 234.9 634.14
661.86 262.76 1012.82 718.25 790.01 321.64 197.85
437.12 706.43 691.86 563.16 827.45 274.75 247.15
224.46 168.33 916.34 938.14 725.32 799.81 803.06
888.88 1018.04 681.7 809.44 968.1 804.87 919.04
427 647.59 701.72 320.65 177.25 167.24 394.94
390.53 829.6 160.22 768.42 104.24 654.31 720.5
446.31 966.9 502.38 266.37 376.29 725.71 268.85
808.97 534.22 132.01 358.02 711.38 513.39 534.51
255.81 673.96 408.0 301.5 549.74 792.98 673.12
878.41 532.09 300.77 640.75 156.2 302.18 225.07
728.59 62.21 172.41 178.81 196.3 596.34 677.7
561.39 568.26 113.42 757.63 601.03 255.88 268.86
335.2 792.02 394.22 262.95 907.96 298.93 617.49
561.09 155.4 920.97 338.6 333.74 264.05 830.06
222.71 818.47 608.97 212.19 564.5 312.36 490.85
429.07 657.95 890.73 472.15 435.1 95.91 302.51
352.77 591.95 532.67 759.42 933.82 145.62 170.43
793.98 587.29 311.21 312.03 290.38 654.03 101.97
201.64 604.53 220.35 379 269.77 434.85 639.2
593.88 498.0 343.56 782.5 618.88 554.28 221.08
563.62 418.09 650.11 173.12 763.01 692.87 409.32
845.18 291.16 312.46 762.08 63.0 599.44 694.6
705.96 126.38 376.25 329.57 752.22 182.05 443.38
236.66 731.28 95.38 696.98 958.01 531.45 717.24
563.27 296.69 800.22 282.89 566.19 410.96 755.75
735.39 747.82 775.98 216.56 236.59 671.18 768.22
292.9 339.52 482.81 760.95 628.63 390.65 538.7
735.27 430.73 886.3 885.68 526.42 778.08 493.05
290.78 825.92 489.25 753.07 508.74 36.13 666.52
402.79 594.8 126.56 917.63 787.91 617.62 712.72
876.62 496.26 659.12 879.39 688.15 543.53 795.25
803.65 638.57 725.6 215.31 157.9 340.65 425.8
629.4 76.87 675.48 753.56 1048.46 543.05 334
807.69 914.76 648.29 155.21 466.0 621.61 160.7
1074.02 481.75 738.57 430.21 872.97 999.87 453.07
1221.19 823.4 522.45 690.82 869.71 373.71 1099.97
564.28 203.15 688.77 1006.77 510.69 761.43 351.47
985.12 452.21 182.7 716.36 1079.39 714.8 1135.42
849.64 607.55 949.71 176.63 351.93 459.78 867.35
269.78 382.36 373.13 272.92 916.26 992.68 490.17
731.91 290.7 1059.3 782.43 327.59 561.01 663.06
1049.27 254.0 99.48 1169.3 567.83 948.77 892.05
191.59 1191.89 138.65 519.17 523.56 1025.39 526.41
1025.68 662.04 542.62 796.25 32.28 501.65 730.4
977.26 1116.87 798.49 753.87 375.66 632.93 638.12
901.76 816.02 1066.45 1208.96 210.14 297.31 815.5
547.42 288.77 200.14 46.44 683.47 389.64 301.22
912.67 125.48 355 619.76 659.2 251.42 246.32
116.89 357.26 458.06 777.7 94.88 780.92 38.89
611.13 660.88 464.19 911.74 433.99 226.69 321.98
700.08 282.23 746.16 541.92 201.32 288.98 647.98
529.24 491.66 274.11 607.18 420.42 355.38 523.14
731.29 672.88 823.13 474.05 238.12 574.53 223.79
324.72 223.6 704.17 130.16 170.57 203.85 249.8
528.0 610.14 588.63 541.82 166.91 692.64 568.91
280.61 213.35 272.04 737.3 442.27 327.54 851.5
251.45 548.83 494.08 218.63 862.24 398.13 313.88
245.6 790.12 182.64 775.77 608.31 147.35 519.57
379.87 505.06 380.84 589.64 842.71 402.97 377.32
85.61 233.34 315.06 525.7 473.71 693.28 874.07
213.12 218.8 795.04 607.37 348.08 363.68 359.41
657.1 104.12 249.11 550.49 285.72 435 488.37
640.73 670.25 438.88 483.93 445.92 585.3 823.49
535.93 314.72 520.92 613.54 818.96 102.34 972.25
779.27 441.39 833.0 523.71 250.36 931.64 176.28
461.02 726.24 859.48 110.86 538.13 251.46 882.73
152.6 253.69 425.78 903.23 308.44 898.51 971.09
574.75 845.5 416.43 199.32 713.78 516.65 455.92
364.57 649.28 598.36 853.35 901.71 71.75 433.54
553.87 921.21 493.13 241.38 517.22 763.02 821.97
171.7 354.63 936.43 481.38 959.94 937.95 384.08
973.91 285.97 344.43 756.02 715.01 704.38 729.52
270.27 646.91 571.36 396.61 119.87 898.28 903.97
835.81 782.97 878.94 439.55 678.23 836.85 807.14
674.28 942.21 997.42 498.38 599.32 395.19 122.87
183.93 234.69 439.69 273.48 593.77 622.01 1056.0
373.68 134 191.47 280.63 411.57 544.43 320.65
101.37 769.26 451.3 370.9 467.59 400.65 242.06
430.14 286.68 601.46 444.14 210.34 633.6 270.38
261.79 542.89 259.41 529.39 463.97 473.57 303.04
149.65 283.95 508.4 241.86 469.26 93.68 514.41
310.92 521.34 728.7 304.15 472.4 509.5 292.78
651.09 274.28 470.71 290.92 630.41 645.58 498.64
530.75 411.2 112.28 566.81 535.82 150.02 308.31
267.12 544.14 440.11 470.21 536.17 558.24 210.9
638.21 642.28 474.96 591.38 532.07 125.21 659.74
391.56 573.96 390.28 256.37 471.18 183.76 603.45
280.64 707.87 540.34 483.61 466.76 655.1 360.48
437.34 687.6 440.63 297.9 559.29 613.5 564.46
624.63 424.79 377.28 367.22 458.21 620.55 314.39
533.87 655.6 820.06 520.57 495 390.0 506.9
457.41 353.61 278.39 250.37 562.48 678.02 333.25
441.3 329.18 469.22 639.84 130.21 828.02 567.37
227.34 632.33 453.22 62.36 750.02 204.05 353.21
513.68 669.49 191.11 369.74 80.56 681.37 81.25
244.05 300.21 723.98 345.33 746.65 763.64 360.68
643.88 320.83 66.73 553.96 451.66 316.17 169.73
506.11 486.98 644.54 698.29 267.72 315.04 421.16
729.59 367.84 95.84 303.21 556.97 663.76 246.26
320.59 783.02 268.17 746.06 724.23 283.82 813.63
306.0 139.89 584.52 610.06 519.15 613.29 282.23
446.82 405.16 385.45 166.07 700.95 697.41 709.87
569.28 673.83 254.07 467.26 649.73 602.83 478.02
747.1 834.47 392.01 475.91 464.76 272.41 140.09
231.88 409.45 324.32 429.17 504.26 850.49 313.39
392 923.07 840.59 410.41 829.57 597.42 702.19
991.66 825.29 550.45 1263.65 582.32 803.22 644.92
995.38 880.86 380.6 645.36 295.04 998.15 829.52
637.5 1031.5 781.2 353.86 569.79 1047.31 735.16
832.17 466.99 942.19 953.88 861.82 650.17 1113.08
813.72 138.47 514.11 471.72 815.15 883.39 558.28
1009.24 722.62 720.03 638.44 746.35 385.88 441.35
1134.71 875.7 697.75 557.1 858.97 848.66 568.08
328.05 762.22 1034.85 924.01 817.23 614.82 212.49
164.7 816.47 789.99 997.91 759.95 493.17 957.92
459.91 921.84 1055.88 452.95 733.73 969.13 1020.83
276.87 401.37 917.42 341.85 230.39 661.6 400.53
377.16 456.74 571.11 526.55 781.66 775.35 711.45
1226.54 1131.23 929.03 960.74 938.91 1113.69 594.66
724.66 128.49 881.17 439 119.22 150.22 651.89
848.41 616.16 374.64 1068.6 294.82 660.34 487.6
698.05 179.03 403.72 508.52 420.44 601.02 504.25
882.54 74.62 556.83 496.92 418.85 835.69 693.13
482.16 483.94 262.73 579.2 566.43 486.56 750.14
215.4 465.11 336.0 372.47 942.29 558.09 542.22
813.69 574.8 946.54 86.01 777.89 598.09 933.31
952.63 609.96 595.4 580.44 197.9 873.34 535.7
161.44 600.96 541.21 791.0 329.59 725.88 829.08
408.79 488.85 782.16 817.16 778.27 459.05 809.6
432.26 947.04 128.57 856.24 157.18 337.19 746.29
252.75 894.24 474.96 955.77 623.55 265.31 644.46
887.88 665.87 684.97 955.84 537.17 410.24 570.88
486.88 871.24 931.13 373.49 519.79 642.83 736.0
916.93 367.46 834.32 962.18 1031.41 818.68 487
550.27 526.38 17.99 487.14 184.61 293.54 700.58
598.89 156.13 841.38 208.68 479.36 452.81 567.45
715.97 191.67 217.38 245.56 632.04 406.51 522.56
605.55 443.73 74.43 423.55 619.24 375.01 411.97
369.44 514.11 559.59 469.94 512.5 698.31 628.89
336.93 90.62 339.3 461.4 461.52 369.69 640.45
370.45 304.57 401.44 479.19 285.6 369.72 707.16
486.68 401.27 460.99 487.81 431.31 140.32 153.97
548.0 627.32 556.39 651.74 190.55 321.05 285.97
448.87 653.15 613.1 333.6 343.29 660.03 249.61
635.21 637.99 141.75 389.59 614.97 592.76 319.52
347.2 677.6 160.75 260.88 267.83 47.45 322.4
291.04 279.33 457.28 660.78 455.99 444.28 816.53
703.16 514.92 562.39 599.5 694.9 306.54 471.18
427.79 517.39 387 176.13 50.67 487.87 774.57
495.26 264.81 1004.52 202.07 529.55 609.21 575.82
12.4 232.96 524.44 352.27 415.48 390.01 715.64
223.93 507.71 339.5 466.68 752.21 522.85 304.36
524.24 122.16 529.3 381.09 485.75 717.73 198.92
307.68 442.63 275.0 762.16 406.63 355.03 739.74
542.13 814.2 237.34 685.41 512.16 814.96 852.51
421.23 409.67 631.89 194.48 769.72 362.53 136.83
554.57 404.49 625.2 199.86 719.35 779.37 312.8
360.68 593.73 631.11 707.73 351.18 780.87 359.7
804.86 184.63 711.27 164.24 416.51 598.71 92.62
847.31 506.77 787.12 436.17 238.92 461.37 714.3
562.84 522.99 798.07 348.47 224.87 395.44 375.71
783.6 826.12 517.09 583.71 616.84 707.28 860.29
464.58 712.84 857.25 849.89 759.8 265 136.2
100.98 461.5 714.11 445.77 208.06 942.98 269.22
484.26 558.92 527.39 58.98 282.12 457.92 419.42
415.33 337.07 691.91 203.23 442.52 392.9 403.49
693.59 501.85 345.39 459.62 73.86 464.31 410.19
418.71 651.81 135.01 361.79 391.35 341.69 751.74
371.14 380.14 679.17 475.77 770.8 215.06 628.55
452.74 766.19 798.26 435.82 437.51 567.77 133.31
716.15 406.26 81.32 489.34 360.89 600.48 264.52
652.27 715.28 379.33 312.68 602.44 631.09 646.43
416.38 714.82 296.22 765.91 227.72 673.47 216.6
359.54 561.93 62.24 783.07 441.46 764.88 459.36
302.13 456.07 696.5 508.05 495.15 767.87 365.19
227.02 436.68 440.29 726.01 773.15 475.71 521.51
550.3 641.08 797.3 410.39 664.81 804.35 841.3
696.85 462 477.06 308.81 596.11 1009.85 694.38
518.48 1240.94 145.01 707.96 909.27 763.1 320.32
141.32 826.32 139.48 435.09 614.14 782.51 499.82
779.92 105.88 774.96 978.06 603.22 182.25 831.2
392.96 799.56 278.57 783.53 990.91 506.54 92.48
745.46 84.13 764.83 564.74 285.59 976.68 822.73
962.28 513.54 904.77 752.99 988.48 1051.73 373.95
301.59 939.44 503.14 968.84 184.91 445.53 825.72
592.41 706.34 110.71 1007.67 1037.15 75.84 571.15
531.19 602.7 949.87 60.65 1054.42 628.79 932.83
331.96 840.74 291.03 724.05 734.23 358.15 1104.94
812.59 840.75 342.12 218.79 489.58 754.98 779.09
631.37 886.73 321.84 328.48 217.84 74.19 1002.8
1019.83 805.55 892.41 897.95 983.27 1108.89 769.93
888.43 1049.32 836.38 1010.4 73 375.46 382.23
199.21 476.83 166.16 111.72 707.72 497.14 195.99
666.42 243.92 333.8 394.94 416.55 634.46 267.56
86.47 423.42 457.99 287.66 492.88 436.42 445.01
252.17 400.32 459.36 216.81 301.32 391.18 362.51
482.72 290.13 472.75 518.52 546.09 517.06 92.16
354.02 443.99 341.34 481.22 465.32 372.29 225.94
482.4 528.0 345.19 404.78 556.56 307.46 444.45
454.9 315.46 326.05 70.99 332.99 459.52 526.07
512.13 576.41 39.45 451.7 441.83 418.61 592.23
544.08 169.81 475.93 515.42 384.12 497.83 459.58
273.89 241.14 578.63 433.2 497.8 399.95 561.36
274.48 442.79 246.32 225.59 485.83 309.37 209.04
465.78 606.94 470.88 499.04 635.54 542.39 409.26
479.54 578.23 517.12 380.0 529.78 608.31 481.7
92 700.94 812.7 591.68 147.67 398.25 526.2
265.44 975.99 424.54 638.84 379.32 772.09 911.17
345.24 1124.35 757.05 437.5 668.98 761.74 270.95
1014.46 456.46 190.07 637.53 923.77 404.41 663.26
249.21 910.04 343.4 74.49 610.85 992.36 607.46
1039.68 825.63 536.58 873.72 146.21 244.71 468.7
759.17 233.24 298.16 387.19 305.65 847.92 919.95
392.56 626.0 292.53 978.59 677.71 224.17 485.46
627.77 954.15 159.56 38.55 1074.36 484.32 897.63
848.39 138.3 1099.28 52.74 420.01 526.67 920.48
509.93 922.11 553.85 503.38 698.45 77.11 394.25
717.7 907.85 1015.42 737.84 728.67 311.29 581.58
633.03 826.78 730.79 988.37 1117.46 215.82 319.1
710.37 446.08 179.97 92.67 115.61 576.7 374.45
333.09 896.31 78.73 23 124.3 77.53 594.98
829.04 576.71 335.65 1054.03 235.96 617.29 540.04
658.65 109.72 331.79 520.51 372.59 533.26 466.18
824.86 127.42 544.44 427.39 441.68 812.46 633.51
409.69 505.02 208.74 566.81 493.8 491.67 746.2
202.07 395.41 380.65 315.0 877.99 506.02 469.88
794.07 568.99 904.08 141.17 750.78 572.06 896.57
923.33 538.8 522.8 607.11 187.99 842.31 463.79
135.47 590.2 494.88 733.66 263.5 731.7 818.99
352.55 445.25 711.85 749.12 759.76 400.5 807.5
408.65 900.43 107.79 808.2 117.12 370.76 696.78
192.29 885.6 492.57 897.35 551.24 225.05 578.26
826.98 633.83 629.07 902.45 465.87 342.42 498.74
427.83 846.56 899.79 433.15 550.55 640.4 733.37
904.63 408.9 795.93 930.98 966.36 804.97 221
825.57 777.94 264.55 626.7 421.61 575.16 787.25
808.18 369.14 1118.53 391.9 734.18 635.56 829.42
895.47 331.2 491.13 90.16 905.99 654.76 663.83
879.76 578.32 214.01 576.05 886.66 643.06 654.24
484.08 778.11 759.67 749.69 666.81 979.22 816.46
70.08 372.36 472.68 613.78 706.33 356.29 915.29
522.46 540.83 434.45 541.91 385.25 466.96 965.59
765.89 493.08 585.64 761.92 667.89 417.21 142.31
748.64 845.22 723.61 829.32 470.74 268.88 182.39
617.35 814.41 800.44 609.65 292.83 906.94 255.13
876.31 918.16 261.37 651.14 766.48 860.42 93.74
428.21 896.37 277.23 27.0 473.59 240.96 183.25
439.01 507.67 564.55 813.1 571.16 506.81 1098.08
969.98 744.54 767.9 735.06 974.53 390.62 520.7
151.23 680.55 405 579.14 591.37 137.62 359.21
95.69 309.32 571.31 691.57 41.5 804.26 81.34
542.96 561.82 504.01 819.08 320.66 190.08 258.55
661.55 327.25 641.12 563.2 314.99 178.39 542.27
563.62 427.08 326.63 495.96 454.03 448.18 487.57
628.19 677.78 730.73 394.43 141.23 464.27 334.84
378.69 272.52 667.67 242.52 213.24 285.75 353.77
414.67 497.77 638.62 505.9 273.87 584.11 521.95
340.92 140.11 186.04 646.47 525.45 434.02 756.89
193.0 438.91 389.83 325.27 763.68 497.3 303.35
265.95 725.08 175.87 706.02 614.14 75.29 450.18
489.93 537.76 328.43 476.3 762.89 289.1 301.57
153.02 122.33 290.79 415.53 377.82 582.91 773.76
326.66 319.88 799.69 646.05 419.67 453.48 472.04
667.76 185.42 348.18 478.63 393.6 80 554.06
646.44 420.43 176.1 221.77 348.56 398.21 801.48
258.24 601.21 224.81 603.16 728.05 277.9 948.11
576.66 252.68 536.51 623.89 120.81 830.2 376.0
172.58 470.53 738.97 345.73 489.43 100.25 725.73
247.66 153.45 458.32 808.58 523.16 862.14 685.55
355.11 689.25 142.02 133.95 398.82 623.82 143.79
113.28 338.56 307.58 666.11 736.26 385.33 475.31
247.17 793.65 520.85 88.61 302.11 479.18 775.92
228.93 175.27 895.93 299.39 727.22 685.46 105.63
918.72 209.64 249.61 440.94 762.63 394.63 759.64
461.21 355.45 523.94 243.12 325.45 596.1 725.4
847.15 561.27 589.62 144.71 415.8 526.61 642.58
546.31 803.53 936.07 211.44 299.22 640.14 414.99
134.58 156.62 251.93 499.54 278.48 326.31 764.51
151.46 237 487.66 615.59 540.11 307.72 346.4
363.59 487.82 789.64 395.52 440.69 376.0 579.74
753.76 124.75 939.81 667.53 323.6 689.47 542.89
118.32 863.72 234.74 322.71 594.89 782.21 189.65
483.18 111.86 790.56 120.23 150.27 404.05 837.85
386.46 859.3 831.38 452.6 753.08 280.84 62.95
566.75 539.36 310.09 224.09 504.5 461.26 748.62
806.35 217.38 417.18 410.49 841.88 472.96 96.28
394.64 623.0 776.96 132.4 243.89 895.91 368.36
838.89 809.5 245.87 927.2 206.03 252.18 608.22
712.5 557.2 718.68 330.72 504.02 518.52 301.11
174.79 753.24 803.34 818.01 664.2 737.72 294.0
544.15 689.68 710.71 589.85 858.47 948.23 361.3
458.71 495.02 250.18 46.28 133.96 334.58 357.52
446.08 483.24 914.54 250.57 213 365.31 217.25
692.17 1025.35 736.46 514.88 1255.72 91.26 764.67
769.54 814.67 257.12 271.15 757.26 141.0 567.64
636.18 905.74 355.77 758.07 306.27 682.7 1001.77
714.52 347.86 745.49 371.89 779.87 450.81 724.36
966.85 430.74 281.77 616.93 125.3 917.62 630.48
444.41 990.6 790.21 1042.55 367.92 933.56 762.65
1052.22 1097.3 531.99 478.3 848.42 420.15 1013.96
375.66 361.57 804.88 639.94 820.45 153.82 962.45
1030.61 150.04 602.41 703.59 764.27 958.93 203.36
1029.63 611.07 1025.1 155.53 930.77 126.32 611.56
818.64 338.91 1098.48 732.04 971.68 516.69 16.85
621.52 890.43 809.42 728.61 1000.53 465.5 405.04
412.06 230.66 1032.21 1069.36 652.32 791.97 864.17
955.71 1111.8 647.1 949.74 1100.25 997.23 1011.31
55 376.47 522.5 574.66 440.97 402.04 327.65
625.06 704.04 457.31 320.58 453.41 493.43 696.74
21.39 853.41 668.58 340.26 756.23 421.14 180.63
809.46 97.38 450.67 631.21 738.06 66.77 415.88
192.04 763.99 43.68 286.04 306.76 781.0 249.08
778.27 885.21 473.46 726.94 411.84 149.03 672.81
415.89 425.82 293.64 619.6 588.51 738.89 783.77
154.32 315.92 530.02 799.94 375.14 195.04 417.55
679.56 700.77 240.45 381.43 816.04 375.68 853.85
838.06 375.53 852.72 337.1 232.67 706.3 604.11
643.06 615.74 193.47 571.03 449.17 437.44 43.01
825.22 787.72 720.28 676.5 796.57 377.03 587.05
773.97 689.89 554.53 821.56 875.97 489.79 582.01
360.19 148.4 183.62 268.62 472.05 221.05 548.55
608.53 972.84 387.16 390 281.08 131.22 631.72
943.33 660.84 433.62 1173.01 91.6 692.06 694.9
740.37 173.19 250.02 670.99 214.17 523.92 557.7
851.94 279.48 672.87 315.73 597.93 921.03 658.9
332.14 660.25 290.75 694.77 431.5 637.83 881.06
344.21 286.31 538.31 165.28 876.68 562.12 418.18
908.47 704.23 973.59 292.39 853.95 680.99 979.03
1019.99 501.42 460.39 763.95 333.76 936.95 372.52
275.07 719.62 566.8 764.25 143.48 875.93 946.03
200.59 526.23 676.61 729.96 876.27 251.93 943.72
526.94 959.67 95.39 865.43 54.71 529.38 752.76
259.3 1013.78 646.36 920.29 495.95 71.83 575.99
841.76 730.84 667.91 942.33 430.83 347.82 409.54
279.97 952.27 992.97 582.17 708.55 778.02 869.73
1027.99 567.24 876.61 1024.01 959.71 927.52 473
551.34 391.15 532.35 985.82 663.01 527.83 1213.28
262.47 666.22 984.27 722.64 387.68 146.11 860.18
264.43 353.75 600.18 693.56 589.17 786.19 36.69
824.43 949.51 528.2 114.48 875.05 426.42 803.77
175.88 812.75 992.4 559.55 68.69 817.27 215.26
656.96 524.29 196.63 954.42 834.17 897.64 603.03
874.77 740.29 933.98 1007.65 275.64 191.53 983.83
560.36 926.75 74.17 507.91 829.76 562.75 625.54
208.77 1022.09 1026.55 206.0 553.84 414.64 491.99
931.35 170.29 1055.0 639.41 861.02 444.96 772.41
403.1 787.12 672.78 395.67 1092.95 853.86 745.64
231.0 346.11 405.01 658.54 752.02 565.1 801.86
242.73 306.85 95.65 160.55 970.04 973.83 890.74
943.64 907.9 987.15 1090.89 837.73 837.77 1001.85
722.68 995.66 91 490.41 321.85 632.88 1042.52
728.47 547.49 1273.85 146.07 743.08 919.97 798.0
338.22 177.08 848.89 105.51 472.21 646.3 819.61
507.38 808.32 138.14 793.82 1011.35 640.31 219.08
851.32 418.44 828.27 314.2 807.31 1019.67 526.04
128.4 757.82 71.62 800.83 600.03 322.24 1009.16
850.05 998.85 520.92 938.33 784.54 1024.37 1086.67
410.32 336.52 959.1 521.51 1003.66 218.48 463.0
854.4 626.57 743.48 127.48 1033.98 1067.84 47.85
603.92 565.72 638.24 981.87 26.08 1083.23 656.97
969.74 329.84 877.53 290.27 739.27 770.76 383.23
1135.76 833.43 877.69 377.09 206.73 526.68 791.84
812.51 668.21 923.88 358.92 363.18 249.96 48.56
1036.57 1054.98 812.96 910.39 925.35 1011.62 1140.6
783.49 924.1 1084.58 871.66 1041.76
