75 200
1.0 28988.04
1.0 41351.41
1.0 97968.84
1.0 123740.85
1.0 17351.12
1.0 61981.24
1.0 71382.81
1.0 84540.67
1.0 29953.09
1.0 27601.6
1.0 70340.13
1.0 61668.58
1.0 89065.26
1.0 79283.14
1.0 37611.52
1.0 59974.44
1.0 88912.88
1.0 44339.54
1.0 73489.0
1.0 15297.04
1.0 91955.76
1.0 23018.8
1.0 80968.93
1.0 41368.41
1.0 46455.26
1.0 38889.71
1.0 11492.58
1.0 54274.39
1.0 51420.83
1.0 35974.88
1.0 66499.14
1.0 28279.93
1.0 31662.7
1.0 12944.16
1.0 14368.99
1.0 51617.34
1.0 43276.39
1.0 69923.9
1.0 67398.7
1.0 13509.83
1.0 17304.86
1.0 12166.35
1.0 52358.8
1.0 73939.13
1.0 24149.32
1.0 39541.38
1.0 52696.88
1.0 74102.79
1.0 12190.88
1.0 63461.05
1.0 02480.18
1.0 12609.88
1.0 74311.77
1.0 91357.2
1.0 55162.63
1.0 19992.77
1.0 29219.26
1.0 75075.6
1.0 11564.34
1.0 68576.08
1.0 44496.88
1.0 70291.41
1.0 31405.69
1.0 43303.01
1.0 10145.01
1.0 46659.57
1.0 26628.1
1.0 53995.08
1.0 14527.29
1.0 70995.41
1.0 55957.52
1.0 81227.67
1.0 22148.78
1.0 13504.07
1.0 23378.52
98 23239.32 7611.6 21114.13 26281.84 16030.48 5916.23
24700.8 7561.4 19404.22 14172.54 15165.17 18700.69 23087.6
18783.91 6312.32 11373.3 12518.56 17168.13 9085.35 26483.5
25874.96 12691.7 28144.54 12087.46 12539.88 2053.29 15911.29
16291.74 8653.61 24323.99 17292.53 15090.91 31129.83 25746.08
6741.19 4028.44 14891.48 7664.3 23532.08 2768.59 5665.49
17678.49 24396.21 24403.94 13043.8 18581.27 6114.01 13981.13
12249.39 14219.4 11709.18 20912.82 6294.45 22988.3 25444.85
14498.14 1550.0 9178.63 15612.93 8453.31 29971.29 9290.99
24452.07 7534.29 23979.3 26870.6 14189.19 34510.6 20288.28
11789.05 15681.43 25324.62 9377.94 29845.46 17485.6 271
13147.18 8072.58 14362.24 25325.87 6804.49 13657.22 9284.98
14276.75 5359.16 10663.33 20655.61 17086.28 13973.04 3476.51
10397.2 7443.03 7572.05 4465.74 19326.4 21975.04 12417.34
3607.94 18657.87 22645.08 12329.74 17480.06 12696.89 1802.65
12713.39 19963.64 15181.37 16018.59 19186.51 15415.87 9018.7
19523.6 17247.77 12653.42 9862.25 13175.35 12391.51 8977.3
26689.65 8721.13 2995.34 25818.13 14777.25 15771.82 5251.19
1882.75 13629.89 8068.87 11430.98 19601.77 18363.98 1811.87
17145.02 8051.81 11616.91 23658.86 20072.91 6842.83 29309.61
8312.81 16906.69 14981.83 20551.1 23481.25 5594.12 9347.23
6196.59 22189.47 15330.6 16762.02 21774.06 229 5686.1
19894.43 10134.75 20965.13 10757.48 22313.33 7447.91 21820.41
15599.72 14132.13 23661.69 16116.22 7020.12 10416.85 20460.9
21063.25 14364.24 10011.06 26192.03 15369.83 1330.11 14789.01
7830.46 28603.44 16729.13 28789.38 14033.75 12034.44 19912.04
14446.74 15201.26 18089.89 5743.75 5281.26 21113.52 30780.28
19642.26 25918.39 3794.13 24885.45 21657.41 9573.97 24829.37
10097.87 14755.9 28343.92 23092.06 18731.46 18868.6 15494.24
18440.86 17928.19 20772.36 15298.34 10651.16 13605.99 27912.83
17577.56 13428.11 35207.02 8285.22 17717.24 28949.8 19521.63
10137.44 2641.24 24255.73 10246.06 8154.41 15577.13 19259.53
16895.93 21619.65 3173.15 23356.15 158 19300.89 17693.93
14989.35 12028.4 16937.48 11491.79 27500.95 9802.89 27559.09
12177.77 1570.88 9070.65 18188.65 23252.01 14458.78 23414.64
14683.61 19964.35 7642.41 15262.03 24771.2 18803.06 21412.69
6612.23 9963.08 17544.34 11157.37 21356.18 10334.8 13844.53
9672.22 6947.22 26394.54 20876.17 18148.1 18231.63 5403.5
22807.42 23603.49 17513.47 12739.03 16368.28 8466.96 28781.33
19470.02 3675.13 10679.61 6689.83 22718.85 22103.66 8593.35
30141.47 13159.86 12195.3 17219.17 20407.39 15928.74 14988.84
12055.53 21454.07 23110.43 16766.66 8189.23 16661.94 16449.73
23376.99 2172.99 27836.61 23162.23 12875.21 26335.47 13233.79
7916.85 26996.79 2096.55 166 4939.0 15452.36 924.43
12015.05 7069.8 14611.16 14725.19 13498.04 18516.99 6036.86
13253.7 5541.58 3851.65 12687.21 14268.94 19355.22 8672.98
9586.2 16893.54 8179.97 10656.28 12168.48 8163.55 18753.61
7914.4 22202.18 4492.08 12136.28 11815.95 6162.05 4743.66
7847.84 12359.16 6658.9 16630.57 23943.78 9333.89 22339.92
10060.13 19225.68 14533.73 4834.97 14798.55 16714.0 12614.43
17781.01 15014.03 8703.42 17513.84 14915.58 9326.06 21351.91
13928.26 6019.29 5368.41 12465.62 20932.0 12005.03 4582.02
28316.11 10019.44 13184.72 18607.64 14605.49 3838.15 9014.31
13970.71 14775.96 11433.26 8589.08 19854.1 8477.63 12617.84
12633.12 12784.3 226 17430.2 9629.75 14183.47 17568.22
12025.43 3255.84 22596.1 1552.19 20587.38 8048.05 6840.33
10412.79 16836.61 17369.32 6315.18 15349.22 8697.08 14510.72
4127.04 18269.21 21638.22 11869.77 21442.93 7206.4 5526.85
10360.4 8806.61 15079.28 2768.66 16208.41 9366.62 6644.37
25390.62 19689.22 9957.93 11627.42 6200.63 14583.7 19783.88
9401.68 4486.25 12610.3 15788.75 23255.91 12506.15 11287.58
2637.5 5492.39 14905.68 14912.38 3963.29 22934.66 4986.04
14734.04 18059.19 13722.61 8799.12 7523.22 9004.27 15676.92
23297.12 9133.55 16420.13 8650.94 16749.43 21502.53 6124.38
28064.05 17958.54 6973.0 18628.09 16887.23 717.99 24927.53
8983.81 477 7688.49 18465.61 11901.31 23368.96 10207.97
21829.27 4149.76 21597.81 12611.21 14357.53 24588.35 17603.82
9130.96 7982.9 19540.68 18839.09 13787.52 8549.57 26279.1
18038.1 2111.1 13227.77 10994.46 28971.08 16977.2 27699.34
14788.71 10013.87 19688.13 16860.35 16389.14 18987.24 8863.49
8130.48 19632.89 29731.51 20547.93 24004.56 2389.06 23605.77
20992.14 9745.95 26836.94 6800.53 13058.79 29503.31 22722.24
19457.07 16656.77 13297.61 18709.56 14799.78 20052.97 17493.2
13337.54 11746.84 26981.76 16645.66 13992.3 34097.72 11569.74
16456.25 30737.34 18255.62 12570.66 5833.78 25041.07 13386.78
5833.31 15277.21 16582.89 19361.73 21696.2 5763.4 24593.82
206 17323.42 14183.25 13291.31 13414.64 13927.5 8148.88
24626.07 6405.86 24161.83 9212.33 1993.3 7953.11 16379.92
20077.46 10970.9 19899.31 11378.81 16864.53 5603.83 15316.87
22436.73 15376.91 20233.22 6331.65 6778.12 14804.82 8666.15
18074.6 6815.66 13529.42 7840.07 4688.85 24868.61 19192.84
14666.53 15760.9 3258.19 19472.6 21025.77 14281.93 9324.81
13672.35 11003.4 25737.19 16042.79 6984.19 7454.17 3958.84
19199.53 18651.54 5244.4 26705.88 9686.98 11901.0 16294.61
17035.2 13192.03 11479.36 9396.31 19391.61 22025.9 13251.12
11567.28 13146.92 15265.2 21474.59 1733.33 26830.84 20164.59
9543.5 22825.37 13567.53 4467.28 25069.23 4111.86 200
23552.1 12558.92 20277.21 22036.5 17760.22 6362.27 27990.2
6379.1 24595.75 14124.77 9847.72 16024.94 22966.84 22414.54
9601.72 17658.98 14219.54 19913.93 3062.48 23751.77 27584.54
16436.74 27528.9 5031.06 11651.16 7653.88 14923.89 19971.5
8294.1 21816.77 15265.16 12273.07 31520.14 25819.92 12261.02
7848.66 11365.22 14817.66 25606.7 9486.09 7569.72 18604.74
19036.98 28323.48 16989.09 11982.75 5320.6 11152.98 17952.25
18962.77 10083.47 26571.97 8534.65 20249.92 24018.89 18375.93
6181.97 12018.8 15132.85 10886.32 29379.86 13133.1 18182.1
11910.26 22765.8 27606.76 8673.0 34161.5 23344.2 12698.5
21659.35 22129.73 6778.17 30998.44 12235.81 166 9385.13
16796.38 4938.01 8178.62 10423.44 13966.5 19273.36 12457.67
22233.48 7149.53 9575.27 1452.33 8094.27 16670.39 14751.89
21570.58 10564.19 13365.22 14580.17 6614.24 15236.06 14791.09
11007.34 15724.61 7510.58 21740.76 4820.11 15669.45 11227.37
4485.68 2635.11 5160.51 15995.18 10591.5 17825.8 23229.76
6207.19 23539.51 14676.24 19535.32 14342.53 8643.58 10231.96
21153.41 15355.54 13574.36 14013.67 6298.02 20009.19 17924.82
8167.64 25062.54 14016.47 3139.89 6912.39 15581.16 20284.93
13217.03 5765.84 27390.37 12739.73 14779.81 13984.72 15800.54
6031.43 13244.09 10509.94 17513.27 15707.8 9649.09 22853.21
5667.77 11014.35 16834.82 8600.26 456 6861.87 22612.73
11065.82 20743.05 13255.08 24588.04 10047.75 23951.68 18490.34
16123.33 24958.03 17059.36 7865.58 13370.22 22969.86 23985.66
16789.91 12832.72 28086.28 14877.82 4253.78 17584.09 6603.14
30282.41 18644.34 31327.36 15664.95 14948.96 22066.41 14372.66
16446.34 19503.67 2908.16 5283.95 23843.47 33291.44 21018.46
28766.6 6745.02 27521.89 24033.4 11764.54 25049.44 12679.84
17588.06 29386.28 25296.02 20267.37 21792.39 18422.35 20309.97
20750.64 23183.4 15487.75 10330.83 16483.0 30379.94 20118.8
15216.63 37732.43 6416.99 20389.74 29369.67 22182.51 10251.56
2705.55 25659.89 7427.55 11107.57 17840.68 22210.59 16672.53
23568.32 1028.13 24386.33 115 17925.4 22032.62 13525.72
5855.13 18334.14 16798.49 27878.43 15018.04 29973.2 14013.49
7262.17 8008.64 16561.03 24802.54 19120.01 27538.68 17282.56
21423.33 14060.97 10593.58 23835.59 21707.89 18293.29 13151.05
12774.89 23664.63 12075.82 23420.49 14864.65 9977.92 9695.8
8861.88 23655.97 18761.58 22751.22 24547.52 8072.51 27973.65
23331.55 22981.97 17807.48 16953.82 2202.75 29656.07 22349.27
7448.71 16237.58 9487.02 26419.26 25040.77 12150.48 32739.89
17960.57 8602.44 13988.28 22936.68 22049.34 18775.91 13162.56
27957.57 19718.57 20567.41 5368.93 20964.42 13784.7 21550.78
8407.38 24102.57 24108.1 15758.17 29741.72 8377.94 13059.03
25043.07 4860.32 462 8496.05 25729.22 11232.71 17960.4
16125.1 26446.34 15257.48 25491.11 23347.8 17710.46 24717.52
16554.22 8648.26 17844.02 25465.11 27958.26 19291.63 16583.16
28982.45 12004.94 9168.09 21079.67 4144.28 30665.99 19924.77
33743.51 16568.82 19015.58 23719.93 12279.19 16551.58 19730.02
2607.16 5958.7 26974.35 35603.95 21093.76 32283.4 11351.78
30289.01 26155.94 14113.75 22845.43 17905.38 21219.01 28528.55
26966.44 20693.5 25799.85 22507.76 21412.33 25752.81 25417.38
13752.32 8396.66 20326.16 32611.31 22781.74 16462.96 40035.01
2534.85 23415.04 27388.71 25128.29 9128.12 5820.8 25607.75
2838.31 15614.78 19915.91 26705.08 14117.51 24712.86 5961.39
23657.05 183 20250.46 14018.67 22369.76 33698.44 15149.8
20689.37 11703.83 21713.93 3437.24 19140.87 28845.6 25553.38
21356.27 9419.72 17176.31 9464.43 15954.32 12347.69 26583.15
29976.63 17382.34 11631.95 25385.17 30025.95 20677.92 22070.87
21177.6 9902.6 20438.24 28077.31 23657.7 24449.03 24426.61
22101.5 14362.27 23929.37 25621.0 14757.81 15229.68 17991.1
19288.21 17134.13 35174.36 9336.53 10966.25 33940.58 21835.79
24133.93 8633.78 8312.75 21844.6 809.56 18439.56 27868.01
25978.62 10221.21 22308.7 15605.67 20095.22 27342.75 26473.5
13962.98 37724.69 14759.86 24633.81 20810.94 28622.85 28946.63
11301.59 17650.32 5088.81 30401.76 23086.76 21338.81 30120.23
175 10495.28 6862.42 10253.27 20407.33 2808.45 9926.2
11747.15 10048.23 10573.97 5457.74 15560.09 12008.36 10845.74
6394.11 7435.14 9847.25 2440.46 3687.73 15050.56 17626.37
12227.84 2647.1 15959.89 18176.77 7161.96 15670.68 7584.9
4255.58 8251.46 15497.31 10078.14 10794.08 17908.67 13025.27
8105.94 17683.18 12044.76 13431.49 9882.65 11735.75 8954.25
5092.66 21502.39 12269.07 3143.97 20746.36 10923.69 10578.28
7993.65 5700.14 8574.63 13292.99 7994.04 14906.21 14631.74
3468.83 14886.78 4539.72 6529.84 22088.36 17630.66 4595.75
24085.63 6384.96 13091.17 13564.24 15544.79 21730.19 7100.42
4281.89 10619.55 17542.95 10708.2 16285.04 16578.03 238
6786.38 17444.26 10874.27 22461.03 9028.28 20664.93 4438.84
20412.92 12282.31 13156.6 23407.91 16496.64 8226.65 7263.07
18426.27 18063.79 12620.16 7492.28 25081.96 17248.99 1988.85
12222.57 10571.09 27770.0 15776.13 26622.49 13607.04 9130.0
18501.94 15977.65 15244.12 17809.6 9059.75 7534.82 18625.91
28649.11 19369.23 23124.84 1188.9 22560.74 19845.94 8546.9
25810.9 7027.96 12088.7 28339.08 21548.67 18267.94 15871.99
12497.03 17508.48 14619.24 18912.05 16539.06 12584.89 10818.63
25877.81 15527.6 12800.82 33029.01 11326.24 15394.53 29660.15
17199.05 11723.77 5549.93 23851.68 13564.98 5033.71 14091.18
16027.33 18486.96 20498.15 6219.39 23441.46 456 23126.48
8378.69 20743.36 25293.09 16148.21 5255.92 25256.83 6726.25
20387.65 13862.86 13922.71 17944.78 22882.3 19380.36 6498.91
12602.4 12560.2 17537.53 7666.71 25778.94 26082.23 13241.9
27870.55 10602.84 12014.42 2629.75 15441.85 16875.96 8070.75
23649.4 16640.96 14257.47 31080.25 25600.95 7665.15 4126.92
13930.58 9144.97 23805.26 4028.72 5369.28 17640.05 23202.7
25104.76 13651.62 17170.06 5193.31 13124.44 13319.57 15050.26
11013.0 22019.39 6166.83 22260.11 24990.09 15109.92 1120.81
9397.32 15241.68 8517.77 29711.67 9786.76 23105.33 8122.67
23556.89 26872.75 12907.81 34320.03 20761.15 11626.95 16849.12
24525.43 8409.3 29952.57 16273.9 395 18246.49 11279.8
14725.7 16892.11 13326.1 4729.59 23986.94 3168.45 22228.29
9075.77 5493.79 10357.41 17543.38 18877.3 7955.79 16990.39
10136.22 15934.95 3044.82 18132.56 22732.3 13485.83 21947.25
5709.99 6461.78 11142.27 9466.88 16629.4 4372.66 16161.09
9599.88 6594.12 26129.21 20406.26 11567.06 12179.72 5775.41
16008.44 20981.9 10710.85 6053.62 13703.45 14683.17 24738.65
14128.26 9677.85 3873.19 5472.1 16574.37 16562.0 4751.92
24593.74 6622.49 14613.8 18355.57 15317.99 9534.7 9174.75
9834.06 15985.65 23791.14 10801.18 14995.65 10311.09 17128.9
22368.79 4638.33 28589.4 19369.75 8352.48 20298.68 16592.52
1775.56 25857.62 7775.4 198 23652.81 7028.67 23176.65
31468.9 16004.56 12164.65 20952.76 13864.0 13289.69 16800.81
22234.25 23046.77 24045.98 15365.93 9516.44 4649.51 13689.85
15440.1 17318.82 30047.94 24187.57 10849.31 29153.94 20623.62
16519.49 9518.54 19080.6 13349.92 13762.4 27836.18 21230.23
20168.35 30665.4 26155.67 6020.71 11057.97 20603.04 1400.26
21629.58 6559.18 10939.76 18278.41 30829.71 19760.13 10717.43
26481.92 13048.8 19292.17 6717.02 10017.95 16612.54 13840.18
10673.89 26877.63 27652.91 11753.81 10320.16 10610.52 18319.72
13990.97 30800.22 9187.07 31819.45 8022.19 26101.56 26340.0
21505.48 34733.31 17474.97 14197.53 8611.08 29479.96 15798.86
28514.39 24279.56 365 12116.48 22606.91 8501.73 3641.33
15676.92 19437.07 23018.82 17815.09 27313.63 12926.08 12810.91
6709.87 10675.85 21495.43 20503.21 27318.69 16298.73 18373.0
19017.15 2603.07 17907.31 20405.2 10831.65 19331.86 13248.18
27139.23 10601.34 20868.52 16796.55 2924.94 8413.11 10271.57
16239.03 12108.69 23632.5 28491.81 10757.33 29337.81 18115.81
25211.49 19953.44 13585.54 8315.03 25225.49 20936.1 15100.63
19334.56 11404.14 25690.83 23420.19 13685.23 30150.61 19702.89
2888.91 6790.92 21013.36 25623.18 19027.43 11485.03 32484.96
12027.53 20579.33 12895.41 21609.74 7225.85 14944.83 13969.68
16190.65 20162.59 15456.31 28374.52 444.31 16160.57 18144.25
10905.9 285 20925.64 5372.82 18960.56 24836.74 13649.49
4405.92 22356.42 6182.61 17387.7 12006.37 14353.27 16952.54
20820.46 16453.61 3950.23 9804.26 10166.31 14773.43 9023.7
24632.76 23477.14 10336.56 25909.54 12340.22 10585.62 4426.35
13866.74 13954.19 6856.62 22446.15 15427.01 13486.08 28784.09
23444.11 4669.81 6427.54 13491.68 7254.89 21132.47 1841.71
3702.41 15342.66 23371.84 22132.19 10713.44 18287.18 5008.91
12427.12 10365.12 12041.29 9970.38 19070.47 4125.44 21179.7
23346.22 12171.39 3739.12 6789.71 13485.04 10843.38 27725.33
6912.42 23860.19 5182.67 21857.79 24510.46 13501.0 32222.79
17914.71 9539.9 13957.77 23596.96 8131.34 27459.01 16563.07
335 15916.7 6149.02 13441.69 19283.48 9432.72 2256.52
19591.39 2311.87 16997.97 6558.7 10028.44 11217.65 15603.38
14108.79 2982.72 11872.53 5837.5 11505.66 7365.37 18873.46
19367.13 8359.02 20564.28 10692.55 4838.78 9699.93 8192.74
11725.7 1286.73 16688.6 9667.56 7879.87 23909.53 18355.79
6668.49 11429.17 8145.45 11862.03 17283.32 7288.62 2071.64
10568.07 18353.76 20025.42 8975.61 14789.4 3105.49 6901.55
11304.86 11309.59 4297.24 19311.61 1839.02 15423.08 17732.85
10257.28 8417.69 3934.16 7936.72 15821.94 22407.42 5501.38
19558.85 5122.13 16278.31 19780.6 9510.66 27036.5 14941.75
4494.0 15011.82 17858.82 3707.97 23006.11 11895.24 383
24129.01 6883.09 23133.97 30517.13 16439.22 10487.0 22639.31
12255.45 15543.86 16429.36 20553.57 22280.98 24360.33 16849.78
8470.6 6781.94 13645.19 16394.82 15158.19 29617.33 25309.13
11628.97 29516.92 18348.57 15718.36 6765.16 18607.06 14620.34
12503.82 27400.04 20562.8 19118.28 31490.91 26668.35 5659.66
8267.88 19357.06 1393.91 22778.75 4400.19 9443.97 18586.29
29442.14 21689.01 11654.62 24514.54 11220.6 18149.82 8536.3
11561.42 15528.67 16361.41 9410.55 26309.8 27627.22 12890.99
7676.21 10264.08 17970.48 11321.78 31234.68 9211.07 30088.67
7661.23 26083.63 27140.98 19729.27 35384.09 18822.63 13787.84
11052.03 28853.07 14220.95 29578.46 22715.83 410 25857.11
8791.02 24306.84 30445.29 18281.76 9974.11 25515.53 11720.88
18861.6 17389.17 19579.0 22584.66 25911.9 19626.63 9135.76
10147.65 15091.98 18733.21 13493.18 30230.94 27666.98 13967.83
31058.01 16371.81 16170.48 3853.47 19372.7 17268.66 12493.36
28035.21 21032.94 19117.96 33504.36 28402.03 7576.65 4940.37
19073.08 4843.43 25189.17 4180.89 9333.99 20241.02 28770.55
24758.66 14124.08 22996.28 10384.97 18049.65 11716.7 14489.03
15607.35 19805.35 9657.53 26795.83 28751.67 15478.36 5204.68
11591.39 18905.56 7858.97 32837.37 11016.16 28890.33 9246.82
27237.87 29167.7 18618.79 37187.63 21458.97 14814.9 14480.86
29228.64 13623.42 31844.58 21880.0 177 8888.56 15857.34
12472.13 24288.92 8664.14 19891.94 2272.43 19884.71 9460.51
13269.16 23876.19 17622.31 10267.74 4930.54 17292.02 15768.36
11989.66 6285.96 24762.12 19393.01 4842.13 10629.24 13258.56
27671.49 15802.87 25233.29 14186.06 7176.67 18012.69 17923.85
16144.94 18368.67 11897.92 10099.53 16974.07 27280.51 19896.53
21055.55 2939.08 21041.94 18920.9 8947.9 27232.67 4467.69
10364.14 28953.8 20865.35 18658.68 13603.04 10280.4 17500.87
11759.61 17954.48 18282.69 14845.3 8971.08 24634.78 14448.29
13245.32 31582.05 14122.17 14005.08 30838.72 15766.99 13811.51
8364.78 24184.4 16412.18 3011.72 13664.66 13390.38 20429.36
20243.13 8928.21 24191.94 51 8582.34 18526.11 12742.31
24267.4 10607.23 22155.36 3341.13 21993.89 12050.01 14900.91
25241.97 18380.6 10025.68 7766.36 19753.39 18612.15 14135.82
8708.24 26739.0 18964.06 3038.54 13281.7 11921.1 29492.58
17509.14 27833.59 15442.57 9939.39 20091.66 17765.41 17117.8
19650.34 9614.66 9068.71 19670.65 29873.67 21207.59 23877.03
2987.48 23692.88 21271.59 10326.87 27680.84 5979.88 13067.2
30195.63 23075.76 20083.16 16445.05 13114.59 19237.75 14139.32
20321.24 18373.27 14267.6 11710.74 27165.35 16871.12 14612.28
34213.58 12463.67 16582.53 31543.25 18369.54 13483.64 6749.6
25664.09 14128.3 5733.86 15686.44 16169.71 20269.56 22166.9
6408.21 25309.18 254 22783.04 19739.1 18475.55 14470.3
20119.47 13110.7 30774.2 11629.04 30306.64 15374.61 4736.78
12542.86 21674.99 26308.74 16416.44 25450.78 17600.64 23085.17
7981.22 18368.86 28219.06 21507.25 24839.12 5466.47 13002.07
17910.02 14536.69 24295.73 12608.97 17106.35 13147.93 10335.35
29861.9 24359.34 20011.11 18211.76 8774.19 24128.47 26992.88
18695.09 14483.47 19704.65 10012.41 31949.5 22169.54 1652.83
12113.8 9938.89 24995.43 24731.06 11469.65 32796.1 15083.07
15475.27 20611.94 23214.38 16348.26 17424.94 15388.73 20844.09
26514.2 19135.85 7971.48 18761.8 19892.4 26863.02 4499.52
31210.94 26359.48 15760.76 28696.26 16257.59 9988.35 30482.84
5327.51 44 9505.11 17393.82 5084.31 7648.21 10919.71
14530.53 19582.66 13006.48 22720.72 7736.3 9831.91 1869.79
8173.73 17116.19 15346.96 22154.28 11143.34 13830.62 15018.78
6053.75 15397.49 15351.06 10811.85 16066.35 8102.72 22300.73
5406.91 16166.87 11801.17 3957.25 3229.48 5645.51 15887.1
10575.66 18424.15 23775.5 6611.29 24137.91 14931.09 20123.85
14922.97 9082.18 9925.93 21507.84 15910.42 13661.11 14559.8
6792.08 20581.7 18467.96 8731.06 25552.77 14605.03 2555.9
6637.03 16113.17 20837.66 13814.14 6338.11 27919.74 12510.54
15373.18 13797.76 16398.62 5871.37 13276.73 10804.69 17258.46
16100.66 10244.55 23402.2 5069.38 11533.62 16846.26 8723.02
232 23182.6 6201.99 21655.81 28132.51 15620.35 7761.74
23157.61 9541.23 16990.78 14755.52 17694.83 20120.39 23235.98
17236.17 6505.97 8531.49 12415.55 16164.93 12081.52 27691.96
25081.03 11429.0 28383.12 15239.47 13639.94 4093.07 16778.81
14826.82 10087.99 25487.85 18514.98 16748.78 30847.7 25727.12
5025.41 5945.88 16821.5 4367.78 22622.93 1621.43 6927.74
17565.94 26735.26 22549.35 11631.24 21490.92 8358.11 15715.29
9764.68 12244.11 13191.95 18224.67 7132.25 24286.0 26110.7
13022.56 4685.67 8915.0 16279.4 9780.49 30161.28 8376.36
27168.57 6591.91 24591.76 26515.27 16817.15 34513.74 18988.41
12165.08 12911.57 26755.18 11493.69 29230.93 19920.48 25
7676.72 21268.35 12125.02 22792.39 12412.14 24044.49 7138.28
23621.76 15858.25 16010.63 25650.81 18113.54 8989.3 11175.91
22044.24 22001.08 16038.47 11308.73 28071.03 17102.25 2441.61
16080.45 9207.69 30534.84 18621.19 30325.72 15995.7 13067.34
21708.49 16293.68 17198.13 20072.73 5905.31 7044.65 22466.95
32335.39 21627.24 27056.59 4854.28 26337.36 23331.33 11410.99
26758.86 9732.03 15980.3 30343.27 24857.3 20698.94 19810.48
16436.9 20341.23 17978.14 22426.29 17206.03 12409.36 14739.16
29508.05 19146.79 15362.81 36743.36 9325.46 19157.37 30912.5
20966.01 12005.51 4228.3 26234.46 10371.12 8967.23 17338.62
19845.25 18712.96 23489.38 2584.87 25355.87 458 8057.58
18142.61 3849.94 8047.2 10766.68 15885.84 18563.19 14450.76
22415.58 8362.88 11739.02 3669.52 6657.84 16635.25 16370.6
22593.48 11605.34 13473.47 16776.36 4894.39 13992.93 15575.4
8914.02 17937.67 9244.89 23664.28 6120.23 15956.2 13100.6
2676.94 4489.53 7328.92 14042.51 8858.02 19234.89 25214.78
8422.92 24980.45 13773.55 21244.77 16151.67 8680.86 11185.78
20632.4 16086.88 15522.1 16012.42 8449.07 20893.81 18534.61
10120.01 25253.44 15744.9 2058.91 4728.04 16116.86 22244.67
14570.65 6847.41 29428.46 10602.12 16010.06 15300.54 17191.73
4010.71 11622.9 12701.18 15348.58 15401.0 10983.69 23490.39
4623.17 13101.33 15145.96 10610.67 302 18268.95 9910.12
15006.86 18080.27 12809.01 3256.4 23339.3 1838.26 21118.83
8882.18 6961.9 11121.29 17672.79 18052.67 6578.69 15596.03
9434.91 15244.96 3369.89 18967.38 22458.81 12455.07 22265.13
6582.13 6365.61 9853.56 9636.53 15732.56 3435.51 16928.15
10138.14 7339.29 26228.59 20526.17 10139.54 11023.85 6776.13
14518.28 20587.18 9228.6 4611.79 13434.68 16084.05 23951.67
13081.0 11133.75 2386.51 6186.6 15263.11 15429.26 4793.27
23416.55 5246.43 15433.03 18852.13 14331.94 8265.97 8053.6
9842.63 14995.19 24118.67 9594.1 16483.85 8970.88 17554.4
22340.65 6128.09 28889.52 18695.58 7742.06 19004.17 17537.77
1501.23 25762.99 9206.09 272 11056.86 6330.81 10035.69
19366.08 3612.11 8241.24 13524.4 8242.68 12233.29 4173.6
13791.59 10853.06 11171.3 8252.09 6109.24 10344.82 739.16
5425.18 13217.38 17073.07 13538.29 3690.23 16331.75 16322.64
5458.19 14463.83 6467.82 6080.19 6417.61 14889.15 8913.84
9229.32 18782.87 13602.33 7553.01 16434.25 10392.99 13177.41
11316.69 10759.83 7382.0 5443.0 20101.61 14119.04 4329.57
18967.15 9192.28 8909.65 8747.7 7022.92 6776.98 14887.93
6455.91 14122.81 14517.26 5070.0 13552.24 3267.3 5503.94
20871.54 18079.15 4013.59 22492.14 5609.63 12966.12 14483.92
13735.44 22387.29 8872.66 2477.09 11777.89 16767.61 8851.42
17430.46 14908.04 408 16529.92 7508.34 17534.02 28121.96
9851.91 14048.32 11746.52 15039.96 4672.53 13080.74 22282.67
19709.29 17323.56 6495.27 10548.8 4602.43 9706.74 7827.69
19930.97 25100.67 15625.78 5277.67 22048.97 23365.1 14295.24
16294.54 15284.03 5190.82 13777.46 23035.53 17773.08 18158.7
22496.67 18809.66 8054.61 18274.83 19226.25 10229.3 13094.19
12021.65 12659.37 12135.09 29069.34 10528.18 4649.83 27334.63
15196.18 17735.41 2669.55 2025.36 15332.95 6564.25 11789.66
22556.16 21647.85 4456.21 16269.26 8948.79 14240.22 22121.8
23466.38 7288.17 31343.54 8156.04 20167.23 18333.19 22010.33
26830.16 8743.48 11263.42 2935.01 25177.34 16422.85 19959.13
23670.19 138 5736.15 22999.97 8576.25 16527.43 13401.82
23675.3 13658.02 22739.44 21241.84 14940.78 22273.79 14128.25
5877.02 15551.93 22688.76 25395.75 16522.72 14030.87 26313.92
10571.11 7455.96 18428.79 2141.72 28094.57 17183.58 30963.16
13854.61 16536.7 20957.23 10407.25 13972.81 17148.81 3323.59
3190.61 24244.29 32823.64 18553.63 29601.46 9292.44 27521.69
23376.38 11351.84 21128.02 16296.01 18597.08 26285.15 24206.94
18077.76 23256.6 20007.77 18694.98 23759.63 22636.81 11735.15
6346.7 17765.06 29831.54 20016.28 13712.47 37255.2 2027.64
20680.43 25584.74 22381.45 6759.44 3758.64 23119.43 5603.83
13375.32 17135.37 24350.9 12518.52 21999.82 5537.16 21350.63
188 24226.22 15290.66 20550.25 20511.68 19228.93 8659.65
29777.14 8064.93 27124.44 15095.75 8268.13 15602.09 23468.36
24433.94 12133.28 20613.94 15873.09 21680.26 3077.45 22986.37
28749.95 18670.03 27687.32 2108.84 12485.37 10837.96 15415.99
22068.79 9857.39 21223.25 15228.05 12067.09 32051.64 26328.07
15136.57 10823.28 10845.41 18024.83 26961.96 12649.99 10025.32
19717.24 16938.32 30345.33 19266.34 9216.86 7516.54 11065.84
20737.72 21437.68 10774.11 29241.78 10924.85 19592.8 23888.46
20586.36 9404.27 14212.23 15840.97 13280.66 29510.98 15546.65
15524.42 14533.9 22773.85 28362.27 7076.81 34322.53 25131.49
14175.18 24480.18 21170.96 7652.54 31868.46 10495.38 36
25002.64 11712.5 22121.43 24968.8 18540.64 6916.38 28208.47
7717.5 23811.21 15535.62 12924.05 18443.48 24577.9 22417.96
9337.58 16153.08 14914.48 20292.2 6124.37 26275.44 28506.61
16286.74 29368.34 8195.07 13300.2 4711.89 16721.36 19918.94
9503.76 24253.84 17448.98 14658.47 33008.33 27386.48 11114.31
4624.39 13963.12 12511.0 26353.95 7576.96 7668.64 19736.76
22186.24 28238.19 16756.28 15211.97 6247.49 13507.98 16815.65
18367.01 11945.56 25521.0 8622.06 22744.5 26116.76 18202.42
3507.1 12123.72 16742.53 7835.05 31224.01 12836.54 21418.54
11310.41 24776.6 28929.92 11776.6 35945.24 23628.46 13666.28
20382.45 24779.85 8797.32 32178.48 15325.2 343 9459.86
26605.11 12392.38 19116.85 17006.34 27510.55 15403.19 26588.41
23726.31 18779.66 25932.7 17769.35 9719.31 18361.28 26443.23
28650.48 20248.98 17292.88 30141.98 13176.38 9463.83 21866.69
5364.3 31859.53 21034.1 34747.56 17700.4 19658.7 24801.33
13495.81 17739.93 20918.91 2449.99 6955.73 27850.41 36624.66
22292.74 33091.5 11784.27 31234.65 27187.14 15062.1 24037.09
18034.92 21977.03 29755.21 28052.7 21872.51 26478.61 23157.47
22542.25 26056.7 26432.27 14975.74 9623.29 21031.44 33639.2
23727.02 17562.26 41061.49 3750.0 24301.37 28588.32 26033.3
10343.48 6403.13 26817.06 2120.79 16111.08 20935.5 27236.76
15304.85 25846.15 5818.01 24882.21 132 10174.59 7746.6
8577.24 17566.73 3569.88 8227.2 14198.23 7839.47 13808.32
2372.77 12394.17 9051.97 10084.08 9362.32 6829.57 12102.16
1085.3 6204.12 12586.97 15391.71 13405.93 5460.57 15211.61
15495.0 3970.82 15117.1 4671.73 7433.68 5927.74 13193.61
7112.7 7563.17 18091.38 12686.78 8918.89 17014.91 8812.83
14636.33 11392.79 11718.33 7647.49 4648.66 18350.63 15079.89
6083.31 17586.17 9024.89 7352.16 10543.96 8763.21 5499.65
16516.34 6829.91 12372.14 13070.64 6677.69 14052.57 4313.76
3732.11 21459.42 17006.25 5512.28 20853.69 6895.73 11526.99
13884.96 12448.19 21465.55 9601.97 1517.38 13564.12 15013.95
8052.48 17046.05 13347.63 69 14452.22 16381.22 17715.7
29556.71 12275.01 21857.13 4020.4 22287.71 5873.36 17016.35
27670.72 22341.97 15792.32 5996.86 18706.09 14266.59 14782.05
9215.24 27340.14 24896.39 10176.88 11771.98 18860.06 30539.0
19278.3 25707.86 18442.34 8277.9 20575.27 23320.92 20674.3
22432.48 16973.48 15727.02 17250.33 27735.66 23872.31 19948.63
8569.11 21390.75 20649.59 13386.3 32109.76 1405.86 11241.99
32852.11 22949.63 22498.54 12405.93 9767.81 20840.58 7173.06
19676.77 23535.9 20419.16 9832.0 25455.03 16197.05 17398.59
31745.85 19635.8 15155.87 35419.43 16658.57 19319.82 13857.79
27784.48 21481.36 6233.04 16619.26 10663.0 25805.82 23084.56
13716.03 28347.31 457 15795.49 14607.53 18556.12 30278.68
12206.04 20551.81 6410.42 21180.29 3185.79 16778.82 27229.14
22623.0 17035.95 5733.94 17232.31 11844.74 14120.2 9109.87
26232.81 25994.59 12261.76 10510.55 20614.32 29539.23 18810.27
23728.48 18475.56 7424.78 19586.08 24264.3 20842.23 22245.24
19244.42 17380.99 15352.5 25727.42 23601.9 17538.3 10295.8
19427.8 19264.19 13735.64 32411.54 4062.77 9903.08 32419.28
21677.11 22168.68 10140.61 7941.67 20254.65 4494.35 18312.86
24296.43 21705.98 8629.94 23606.86 14959.73 17396.69 29605.79
21559.53 13694.08 35447.68 15026.22 20481.84 15816.11 27223.72
23768.28 6924.18 15957.57 8010.91 26697.16 22180.93 16092.19
28130.22 300 22240.72 8223.61 19734.38 24108.29 15418.08
4202.22 24807.95 5585.53 20333.81 12899.94 12759.5 16801.28
21948.62 18980.65 5935.89 12864.89 11802.56 16972.12 6619.84
24644.34 25381.75 12839.6 26897.16 9690.53 10960.35 3814.23
14400.6 16477.35 7014.93 22524.37 15529.36 13098.67 30218.56
24694.24 7669.06 5197.58 12750.24 9865.7 23153.03 4513.95
4518.4 16809.05 22029.11 24774.73 13292.45 16111.87 4038.09
11961.78 13392.43 14873.91 9898.21 22092.99 5397.51 21120.94
23940.62 14743.67 2257.34 8791.32 14244.39 9507.1 28743.39
9380.56 21992.06 7822.11 22522.03 26045.23 11758.11 33381.69
20260.09 10754.54 17011.86 23368.17 7232.24 29183.22 15103.11
195 10048.84 26887.04 13404.43 20734.97 17343.65 28196.38
14629.19 27361.81 23212.22 19505.84 27140.05 18990.41 10527.86
18078.51 26933.21 28598.12 20717.66 17323.51 31095.89 14774.64
8985.92 22002.6 6701.33 32943.32 21855.28 35277.49 18597.02
19563.48 25537.23 14978.48 18827.27 21999.61 2117.11 7675.45
28129.06 37189.99 23415.13 33230.33 11449.87 31644.36 27794.16
15545.77 25594.25 17219.9 22061.48 31100.44 28793.68 22911.62
26410.61 23054.64 23417.25 25431.18 27003.59 16411.14 11019.41
21030.58 34225.76 24156.38 18370.59 41634.94 5276.96 24611.05
30124.16 26373.76 11595.92 6466.43 27986.31 3063.43 15815.24
21535.57 26933.3 16874.27 26723.28 4907.65 26187.16 359
25583.66 13959.2 22310.24 23718.16 19702.44 8164.67 29821.47
8358.08 26072.41 16146.86 11447.92 17980.51 25003.3 24174.55
11201.76 18763.12 16133.81 21772.47 4866.27 25658.47 29564.36
18129.07 29559.84 5802.82 13684.8 7625.19 16960.19 21707.96
10270.89 23754.94 17270.78 14248.81 33554.88 27855.96 13520.88
7276.75 13282.97 15388.92 27555.26 10301.19 9260.56 20604.25
20451.93 30066.39 18655.66 12918.04 7194.89 13139.72 19249.41
20502.16 12120.16 27932.36 10238.97 22172.94 26026.51 20067.96
6411.94 13766.93 17167.47 9589.14 31410.04 14756.25 19218.43
13408.2 24784.97 29631.97 10250.94 36194.05 25185.83 14659.43
22897.92 23988.23 8814.62 33012.68 13793.3 291 12000.47
10299.05 8694.75 14258.27 7732.75 7097.85 18436.16 5773.34
18421.47 3037.16 7766.66 5944.57 11347.18 13963.39 7874.64
15602.82 5491.66 10698.38 9291.29 13561.36 16580.7 9826.45
15954.07 11648.88 771.93 14868.94 3304.05 12092.42 4300.68
11383.54 4354.53 3143.98 19918.87 14205.53 11193.85 16459.74
4192.28 16795.94 14980.47 12575.36 7376.93 7618.05 14148.26
19556.0 10484.95 12955.13 7323.14 2709.87 14416.72 13175.99
1543.22 21088.8 7058.7 10108.5 12712.41 11262.0 13471.23
6855.29 3581.7 20740.51 17809.56 8613.99 16302.38 9247.32
11340.16 16116.59 7919.88 22566.18 13971.44 3799.16 17765.93
12565.84 4849.82 19608.33 8711.76 352 23029.46 7401.17
22954.07 31888.05 15515.05 13346.33 19440.51 14959.68 11418.66
16916.02 23283.15 23379.91 23542.48 14064.16 10348.76 3221.56
13626.75 14554.28 18785.55 30070.78 23072.16 10234.95 28576.65
22161.25 16965.4 11541.35 19236.47 12256.28 14604.81 27877.16
21506.82 20749.86 29733.13 25484.64 6662.68 13147.42 21329.71
3524.59 20513.33 8236.98 12027.3 17847.17 31595.48 18079.38
9979.21 27735.84 14319.57 19954.64 5416.74 8794.58 17269.5
11786.76 11608.67 27026.65 27380.65 10812.47 12234.38 10887.34
18392.1 16126.42 30159.87 9259.96 32857.53 8463.69 25834.65
25450.24 22635.1 33913.36 16250.36 14398.7 6647.58 29657.52
16838.65 27416.02 25221.68 290 9774.34 25035.76 8747.89
9921.54 16262.08 23570.11 20303.89 22194.1 26593.8 15468.01
18955.22 11336.35 8679.64 20613.87 23710.71 28769.14 18255.83
18130.44 24486.38 4296.54 14330.42 21532.46 5589.26 25381.94
16838.09 31326.84 13487.49 20803.77 20761.65 5642.49 12247.3
15085.1 10456.95 8338.41 26210.09 32932.58 16068.65 31923.76
15461.41 28655.42 23726.89 13907.21 15079.02 22831.31 21908.34
21841.0 23755.64 16217.51 26828.13 23964.76 17856.4 29329.03
23232.34 7292.03 4299.48 21521.36 29945.26 21570.05 13938.05
37182.92 5989.23 22766.9 19685.44 24180.29 5841.77 10721.28
20030.32 9477.01 18751.78 18088.86 28778.45 6506.19 20882.78
13106.51 17354.93 246 20009.55 5049.0 19976.53 29194.42
12498.52 11635.63 16902.42 13083.44 9575.43 14097.46 21221.98
20657.36 20521.59 11310.73 8307.72 917.27 10741.47 11571.5
17386.8 27165.3 20196.96 7214.41 25555.4 20838.26 14370.22
11697.99 16426.42 9354.18 12427.61 24982.84 18756.82 18230.72
26779.05 22469.28 4714.92 13563.08 18937.23 4973.63 17636.5
7695.62 10234.86 14835.01 29182.0 15783.02 6960.09 25907.22
12708.39 17514.28 2660.55 5968.19 14854.08 10606.91 9634.26
24184.78 24386.93 7838.22 11999.09 8264.66 15541.73 17131.61
27142.62 6531.5 30724.46 6099.39 22843.31 22479.78 20681.34
30927.12 13438.37 11655.62 5288.19 26824.48 14849.61 24534.23
23021.07 478 8722.09 24516.77 8223.94 11001.73 15525.63
23410.33 19075.69 22102.84 25563.26 15101.09 19369.27 11521.38
7729.38 19598.84 23353.97 28051.62 17726.13 17232.92 24650.51
5160.77 13055.94 20815.54 4261.54 25720.85 16650.12 31128.1
13240.79 19904.36 20593.91 6085.09 12232.86 15197.82 9141.91
7117.01 25709.98 32785.45 16281.04 31391.23 14269.83 28309.94
23487.28 13175.77 16056.85 21623.66 21161.89 22506.72 23659.65
16307.58 26070.33 23132.07 17773.68 28273.88 22945.91 7732.52
3740.11 20703.57 29784.53 21105.29 13593.78 37082.57 4678.59
22223.48 20651.21 23695.09 5273.9 9419.15 20407.23 8432.97
17681.84 17688.31 27894.91 7364.77 20885.31 11765.04 17894.84
383 16747.82 19966.56 12301.92 6875.08 16537.63 14768.71
26340.96 12988.12 28082.72 12104.04 5513.48 6472.0 15439.32
23024.25 17052.93 25483.67 15314.99 19640.81 12312.53 10590.44
22591.56 19731.57 17698.29 11754.0 10751.73 21745.09 10268.59
21555.42 12799.46 9558.59 7984.25 6847.53 22966.04 17819.43
20682.83 22695.07 6006.49 25915.44 21915.4 20951.1 15756.87
15288.93 4269.16 28023.22 20378.06 6977.3 14238.07 7430.59
24386.89 23072.5 10086.9 30831.35 15897.79 8013.05 13380.36
21007.53 20134.48 16723.83 11346.19 26217.52 19242.12 18518.5
6776.31 18898.38 12958.83 20544.69 6702.64 23793.03 22434.5
13753.19 27738.02 8437.39 11035.25 24102.12 3166.58 181
16429.75 3508.75 16388.38 25926.0 8887.59 10120.36 14334.79
11226.27 8621.5 10736.76 18855.36 17385.49 16916.36 8465.51
6603.71 3733.19 7310.72 8137.11 16018.93 23647.16 16956.81
3610.37 21966.23 19470.72 11352.59 12584.44 13059.53 6201.7
10139.53 21479.82 15458.89 15265.32 23359.36 18906.82 4159.35
14608.66 16143.37 7828.59 14409.72 8268.41 8714.73 11223.65
26269.68 13667.9 3413.72 23786.26 11265.2 14673.4 2319.25
3366.52 12104.42 10532.34 7881.8 20745.62 20784.08 4498.24
12413.48 5444.68 12123.0 18657.37 23571.62 3648.11 28163.81
4184.93 19242.45 19032.58 18471.24 27434.72 10403.36 8453.74
5964.47 23390.72 12743.85 21262.28 20439.63 305 4031.04
16292.39 421.78 12220.92 7540.05 15697.75 14319.33 14611.84
18663.06 7060.9 14297.89 6428.83 2813.32 12748.69 15247.79
19985.76 9501.88 9801.12 18030.13 7883.95 9892.0 12759.68
7042.24 19869.22 9027.01 23251.48 5618.77 12419.6 12911.47
6038.25 5811.31 8946.77 11243.48 5562.17 17487.91 25011.87
10414.67 23167.16 9529.52 20199.89 15584.0 5210.18 15355.22
16425.56 13165.82 18736.77 16121.4 9823.55 18085.19 15358.12
10457.67 21485.83 14954.63 6203.85 4523.15 12901.33 22000.35
12900.59 5649.54 29395.16 8897.99 13999.64 19303.69 15478.04
2972.07 8005.81 15042.91 13644.52 11322.44 9558.39 20262.59
8478.19 13752.04 11624.24 13734.74 43 27175.25 13380.5
24302.93 26869.19 20638.16 9060.75 30141.25 9900.71 25372.33
17712.85 14697.75 20551.56 26758.88 24302.9 11270.29 17389.58
17011.06 22295.71 7903.49 28363.9 30609.36 18159.41 31550.95
9372.16 15483.15 5052.3 18902.58 21798.25 11681.42 26363.62
19598.99 16767.29 35180.39 29564.95 12654.34 4030.53 16012.29
13197.8 28426.16 8795.98 9728.3 21884.23 23858.55 30070.75
18596.72 16487.19 8426.22 15620.49 18258.83 20052.99 14119.07
26936.4 10659.9 24838.31 28283.7 20052.04 4478.38 14113.55
18925.37 6069.13 33406.66 14697.89 22777.7 13088.0 26950.49
31089.28 13521.07 38128.44 25594.22 15809.16 21708.54 26825.72
10945.18 34318.53 17084.06 380 18614.61 16900.66 14339.51
12050.94 16108.45 10777.7 26690.8 9066.16 26711.42 11348.57
733.39 8485.22 17528.59 22411.52 13682.57 22616.19 13835.8
19128.82 7243.46 14966.65 24034.41 17957.17 20874.97 6607.7
9117.64 17027.14 10375.93 20509.55 9531.58 13459.04 8973.47
6166.64 25798.27 20243.26 17376.34 17790.47 4611.82 22104.54
22830.04 16845.45 11998.7 15572.65 8822.04 27953.0 18624.15
4508.72 10003.02 5863.43 21897.55 21259.86 7745.92 29295.69
12392.07 11803.8 16721.06 19559.36 15408.89 14160.22 11256.86
21128.77 22594.6 15941.82 8891.24 15864.01 15898.1 22709.41
1603.32 27343.58 22337.14 12027.08 25505.88 12992.73 7156.09
26328.75 2037.3 70 21509.7 11167.01 22793.54 33407.03
15137.75 17968.32 14810.69 19243.51 5826.97 18304.16 26998.62
24962.84 22404.94 10851.15 14489.9 5756.12 14885.73 12913.7
23828.38 30381.7 19780.82 10486.31 26946.37 27293.93 19325.38
18178.55 20541.8 10240.53 18267.19 28329.31 23023.3 23228.99
26826.89 23665.58 11184.51 19937.58 24201.04 10495.44 17374.04
14327.32 16546.61 17394.55 34203.37 12820.74 9892.14 31914.39
19085.53 22718.06 5842.1 7328.95 20203.35 5065.34 15816.54
27860.13 26828.71 9749.08 18604.77 13579.81 19510.37 23120.59
28255.37 11790.41 36272.04 12089.41 25371.1 22862.07 26606.04
31278.1 13065.95 16328.29 2382.64 30480.86 20847.27 23996.6
28555.07 492 9372.7 17831.1 13352.25 25024.23 10421.88
21795.15 2049.18 21736.03 10805.62 14905.02 25404.76 18812.71
10808.17 6835.74 19245.35 17609.36 13842.51 8213.36 26567.64
19853.13 4197.99 12603.64 13057.23 29415.44 17480.73 27206.93
15637.46 9138.59 19850.86 18557.75 17450.93 19845.2 10911.3
10103.78 18945.2 29253.87 21391.26 22961.77 3415.28 23016.13
20848.7 10433.85 28261.04 4696.8 12336.16 30425.2 22752.44
20208.04 15462.16 12172.8 19196.19 12851.67 19885.94 19075.86
15191.12 10937.64 26601.89 16391.24 14750.19 33556.45 13675.89
15975.57 32020.38 17740.01 14319.51 7924.76 25769.41 15426.64
4986.13 15473.51 15014.25 21068.79 22023.08 7704.78 25592.94
386 9631.95 26533.93 10608.1 14367.57 17144.75 26120.57
18641.52 24926.47 26036.88 17550.79 22748.47 14763.69 9099.66
20221.86 25719.45 29542.22 19803.03 18330.28 27790.24 8643.48
12440.03 22387.02 4083.92 29028.42 19377.47 33733.52 15929.91
20942.0 23312.53 9549.59 15259.12 18333.0 6884.96 7350.22
27759.01 35470.65 19508.7 33327.1 14192.8 30662.03 26064.91
14875.72 19507.76 21277.48 22647.09 26001.59 26466.54 19408.66
27465.32 24336.43 20643.96 28617.05 25445.41 11180.53 6503.4
21987.84 32459.2 23275.48 16113.83 39829.72 2956.83 24208.4
24110.78 25794.64 7817.09 8731.78 23757.3 5041.37 18117.01
20032.36 28884.45 10856.38 23847.21 10047.45 21348.73 453
10575.5 11791.68 12927.19 24593.51 6649.57 16527.87 5355.31
16801.58 6266.72 11358.44 21993.2 16956.88 11685.33 607.29
13603.39 11455.4 9139.98 3553.86 21825.75 20450.31 8595.84
6686.69 15803.56 24958.63 13597.22 21230.65 12890.04 3057.97
15030.74 18651.03 15206.55 16798.73 15567.26 12509.16 12849.18
23281.71 18218.41 16736.64 6105.85 16973.99 15413.03 8042.34
26749.86 5485.7 6305.84 27177.26 17580.67 16831.33 9282.56
5954.98 15164.93 8999.75 14433.69 18624.83 16324.97 4855.56
20750.42 10898.25 11825.53 27511.95 17011.91 10146.0 29889.59
11829.11 15015.49 11553.62 22103.88 19985.89 1757.87 10966.93
9383.06 21057.4 17485.72 12911.63 22712.19 451 19009.64
10928.34 20594.56 31561.11 13069.53 17635.12 12020.98 18709.65
3070.46 16680.6 26031.43 23241.96 19975.16 8212.33 14117.6
6459.71 13366.46 10576.02 23534.0 28217.34 17025.53 8953.34
24378.93 26985.16 18010.64 19028.89 18823.69 7940.64 17501.43
26222.79 21317.15 21852.1 24083.92 21087.82 11255.38 20914.45
22949.39 11941.9 14647.94 14910.75 16227.31 15228.87 32713.63
10086.76 8302.94 31079.48 18779.36 21458.38 5527.26 5608.07
19076.96 3254.02 15395.49 25866.25 24483.67 7813.3 19226.76
12681.02 17759.27 24434.75 25634.78 10987.51 35068.83 11694.04
23061.91 20170.34 25754.59 28551.11 10381.88 14975.2 2098.48
28455.7 20141.34 21219.86 27407.18 190 16889.79 3559.83
15028.04 21846.54 9675.49 3323.11 18933.92 4554.51 15181.51
8094.94 12717.91 13597.4 16796.76 13157.56 247.23 9271.17
6143.03 11072.24 9220.84 21047.39 19582.36 7055.04 21900.78
12674.48 7044.94 8427.48 10102.28 10666.73 4019.69 18837.27
11912.15 10467.52 24757.13 19409.03 3944.05 10375.97 10844.18
9202.23 17300.63 5115.09 1932.35 11310.0 21077.37 19013.47
7568.99 17361.29 4469.57 9549.36 8936.72 9515.43 6885.03
17293.49 1106.06 17678.57 19459.23 8989.65 7489.93 2897.89
9609.65 14818.31 23709.54 3674.73 22273.23 2634.93 17950.43
20495.12 12138.86 28189.76 14365.66 5550.09 12689.27 20192.45
6306.99 23493.8 14625.73 81 13522.62 6300.9 14172.19
24674.81 6467.76 11914.92 10924.87 12603.32 6768.87 9684.43
19273.87 16280.41 14188.89 5008.57 8616.31 6475.86 6378.89
4900.97 17636.31 21700.41 13525.64 2041.31 19080.44 20985.49
11076.5 15730.05 11855.56 2711.96 11106.19 19616.87 14347.75
14877.21 20073.96 15914.06 7286.66 17777.15 16020.83 11287.75
10969.14 11437.04 10629.02 8791.17 25714.14 10495.67 1375.25
24402.03 13042.81 14532.48 4329.38 1427.02 12256.33 9299.1
9675.28 19112.39 18375.64 1167.4 15364.42 6360.98 10803.91
21949.66 20596.06 5065.39 28132.23 6517.48 16871.76 15785.05
19103.06 24252.53 6909.02 8046.54 6373.42 21737.19 13744.55
17851.56 20516.15 453 22265.48 9242.07 22929.62 32856.17
15238.42 15878.95 16974.93 17319.12 8314.27 17657.16 25403.32
24319.9 22991.92 12219.37 12536.57 3515.59 14214.94 13558.49
21611.15 30367.8 21355.82 10096.28 27805.65 25055.22 18256.14
15205.18 19971.12 10968.06 16600.53 28235.5 22389.49 22159.59
28278.9 24584.93 8956.99 16890.75 22964.4 7333.44 18846.72
11568.08 14478.36 17583.51 33156.64 15271.22 9628.36 30135.29
16948.44 21514.3 4770.32 7558.5 18890.34 8175.15 13866.81
27587.1 27186.53 9963.81 15757.9 12220.46 19008.85 19944.36
29251.35 10424.73 34863.26 10268.31 25675.03 24134.84 24892.13
32629.77 14482.07 15391.88 3563.7 30231.81 19064.37 25668.87
27144.13 302 6552.13 15881.77 10260.78 22030.95 7563.33
19163.1 4479.67 18956.07 11264.16 11846.12 22253.6 15624.51
7940.92 5906.99 16877.24 16613.06 11124.83 5928.1 23679.37
17064.57 3245.35 10663.83 11018.65 26430.17 14450.0 25061.17
12468.47 7628.88 17049.86 15628.88 14255.21 16678.84 10198.02
7811.75 17065.47 27088.99 18229.87 21608.22 740.02 20996.55
18320.86 7298.81 25120.35 6808.07 10540.06 27250.46 20063.32
17072.97 14418.3 11040.06 16177.4 13745.26 17381.79 16041.75
12505.39 9288.85 24324.34 13980.34 11604.66 31466.51 11987.94
13830.8 28837.77 15635.06 11485.35 6316.41 22647.17 14644.12
3644.78 12640.83 14758.32 18138.19 19105.07 7588.45 22404.14
328 3180.29 14467.02 5710.43 17555.1 4896.49 16164.43
9045.75 15615.2 13815.86 7931.2 17858.15 10964.97 4116.6
7829.17 14551.58 16801.2 8350.46 5530.79 19992.64 12962.9
5749.9 9783.58 8720.61 22480.01 10542.0 22912.14 8071.42
8165.18 13710.65 11302.57 9657.02 12253.09 10333.19 5556.26
15711.77 24861.49 13815.35 20972.74 4491.36 19202.37 15584.6
3364.23 20467.01 11091.55 9960.15 22755.38 16909.33 12767.14
14691.79 11535.05 12264.14 16580.31 14734.86 11535.68 8741.04
9200.35 21937.47 11732.35 7340.49 29305.79 10236.32 12174.56
24172.48 13928.63 7453.95 6018.79 18345.52 14136.66 6114.85
9414.2 16148.07 13781.06 15413.77 9098.27 17851.88 348
8578.41 21246.2 13018.61 23872.03 12681.47 24341.31 6289.65
24001.0 15173.26 16513.3 26370.14 18965.69 9937.15 10809.26
22197.87 21668.57 16302.53 11296.05 28548.85 18223.08 2876.1
16019.62 10387.97 31099.02 19136.0 30418.5 16646.51 12850.01
22085.93 17360.19 17969.39 20773.9 6979.16 8142.75 22424.68
32442.2 22334.01 26843.11 4888.55 26364.44 23569.29 11883.15
27757.23 8815.36 15870.97 31132.11 25190.92 21353.93 19489.09
16133.76 20865.0 17183.93 22646.46 18226.98 13517.67 14574.45
29656.46 19297.38 15958.99 36827.66 10507.74 19196.71 31863.67
21001.87 13056.73 5359.63 26915.15 11386.49 8672.53 17688.71
19312.05 19797.35 23960.14 3589.83 26159.15 232 10596.79
27237.07 14105.26 21627.2 17741.0 28733.78 14450.66 27939.07
23155.44 20073.78 27897.77 19759.63 11161.99 18161.89 27382.24
28778.7 21167.27 17571.81 31748.22 15663.77 9026.41 22289.88
7537.22 33648.82 22460.15 35737.01 19239.24 19740.38 26099.95
15838.41 19545.9 22711.73 2591.82 8299.48 28475.8 37664.72
24142.36 33502.32 11542.16 32050.18 28296.23 16017.15 26471.55
17006.13 22323.04 31908.09 29355.18 23606.1 26586.45 23218.8
24042.98 25307.57 27490.24 17256.0 11858.5 21251.66 34712.45
24581.07 18976.23 42110.86 6161.0 24978.04 30994.94 26752.78
12388.41 6833.4 28728.74 3680.56 15900.71 22043.59 26984.65
17756.39 27346.3 4782.49 26982.03 339 24086.99 7910.45
22109.76 27508.75 16753.7 7095.4 25056.63 8773.65 19356.03
15156.51 16418.53 19865.26 23990.04 19123.94 7103.5 11058.32
13312.36 17703.63 10287.52 27622.52 26504.48 13110.22 29078.12
13215.75 13630.12 1588.28 16966.22 16654.91 9785.65 25453.02
18421.08 16284.54 31925.77 26608.65 6902.1 3606.41 16117.63
6845.72 24118.48 2745.4 6722.81 18495.67 25650.65 24630.01
13409.21 19789.95 7348.92 15182.84 12142.05 14363.65 12866.66
20712.35 7261.97 24138.83 26475.87 14848.5 2183.3 9891.36
16622.31 7848.95 30894.75 9796.2 25689.38 7997.63 24996.3
27639.28 15438.66 35389.73 20727.8 12708.01 15422.79 26498.44
10612.21 30538.99 18740.2 42 24889.49 7730.59 23464.18
29957.64 17277.86 9540.16 24361.62 11313.21 17703.96 16581.55
19365.65 21970.42 24982.9 18479.61 8341.78 9004.94 14160.45
17642.22 13514.9 29543.14 26581.49 12867.65 30137.16 16535.39
15492.19 4402.4 18621.86 16133.57 11926.01 27338.38 20367.32
18583.34 32484.91 27436.07 6501.43 5807.65 18626.29 3853.71
24093.57 3468.64 8761.89 19279.95 28473.24 23592.45 13006.3
22992.46 10066.96 17541.53 10550.91 13326.98 15033.84 18681.17
8984.27 26138.36 27927.7 14348.21 5513.13 10666.32 18109.38
8991.19 31904.17 9991.03 28777.18 8247.75 26404.45 28142.64
18450.94 36213.44 20328.89 13979.45 13352.47 28606.35 13251.99
30777.09 21624.78 342 20716.04 25953.23 16474.39 5993.41
21964.72 20624.43 31103.92 18847.45 33695.62 17796.11 10807.02
11493.73 19296.61 28383.92 23025.75 31456.3 21118.93 25022.32
17461.62 11878.25 26648.54 25547.99 20180.12 16052.05 16671.49
27279.44 15760.72 27120.99 18765.18 11970.21 13311.43 12757.56
25591.26 21184.99 26665.54 28042.27 11993.03 31851.26 26406.4
26802.25 21672.46 20426.36 1757.06 33014.93 26182.79 9399.04
20011.72 13406.86 30317.64 28868.13 16071.67 36483.4 21853.28
10952.25 16035.7 26719.07 25660.87 22692.26 16848.36 31242.93
21374.76 24481.34 4214.63 24885.04 16167.51 24025.42 11864.51
25382.81 27547.65 19635.24 33608.05 9794.92 16882.55 27368.8
8467.61 123 21541.97 20243.65 17152.74 12328.3 19572.34
13864.02 30077.19 12241.32 30246.53 14816.73 4254.1 11140.16
20361.89 25916.88 16971.23 25972.13 17370.49 22615.77 9327.31
16436.78 27140.51 21486.5 23225.51 7326.81 12643.89 19352.8
13680.59 24039.22 12923.54 15298.68 12005.85 9492.73 28356.15
22962.1 20641.01 19821.27 7985.17 25104.62 26078.32 19733.22
15168.3 18914.32 7837.36 31409.82 22153.39 1192.05 12967.78
9331.87 25338.03 24781.81 11280.57 32824.3 15655.23 13696.13
18948.32 23095.53 17758.4 17630.95 14618.41 22682.08 24851.43
19398.19 6194.65 19225.17 18334.77 25552.56 4593.61 29490.85
25783.14 15563.36 28975.68 14288.93 10424.04 29164.77 3820.65
254 20644.47 12180.54 17136.35 18647.84 15486.65 5378.41
26050.13 4438.84 23703.24 11400.34 6596.29 12626.63 19953.88
20763.11 8890.88 17746.07 12146.46 17958.27 666.28 20315.21
25041.19 15108.7 24351.63 3991.76 8809.32 10015.43 11876.75
18430.72 6150.33 18400.34 11972.35 8908.14 28538.89 22816.67
12229.26 10709.41 7932.09 15973.35 23227.27 10528.78 6799.54
16006.63 15897.63 26664.99 15724.19 9647.29 4253.65 7814.33
17613.18 18006.36 7125.43 25933.32 7599.25 16821.97 20722.2
17002.3 8405.48 10673.64 12221.32 14172.88 26193.56 12128.93
15532.89 11318.84 19516.44 24758.86 5478.44 30994.46 21408.33
10435.5 21368.63 18681.01 3924.02 28232.8 8998.01 495
23324.2 12808.55 19974.38 21496.82 17681.13 6442.33 27996.11
6288.95 24792.94 13932.58 9282.92 15606.81 22707.28 22471.38
9776.29 17997.89 14173.13 19906.19 2538.11 23300.06 27455.43
16541.03 27216.41 4445.63 11421.95 8233.96 14645.77 20045.17
8195.66 21385.58 14901.31 11873.32 31274.46 25565.01 12563.25
8456.88 10918.15 15292.84 25514.82 9926.3 7709.64 18452.65
18449.0 28386.08 17106.38 11375.02 5356.29 10765.22 18227.33
19139.21 9818.0 26813.76 8659.68 19808.1 23657.06 18477.15
6742.74 12101.42 14894.12 11470.54 29064.54 13281.82 17573.02
12121.81 22423.85 27398.36 8102.39 33854.46 23345.86 12606.54
21949.45 21652.08 6513.86 30814.39 11665.14 242 27322.13
12700.04 24664.74 27875.9 20523.96 9189.6 29688.15 10277.87
24514.89 17924.99 15823.97 21239.29 26988.3 23798.53 10934.21
16320.07 16913.33 21980.03 9015.94 29088.44 30480.19 17668.1
31877.48 10805.85 15837.03 3751.65 19282.39 21296.23 11937.98
27040.65 20166.03 17459.79 35311.0 29757.71 11863.79 2441.23
16823.95 11857.67 28227.25 7833.06 9632.55 21918.16 25067.14
29482.2 18061.37 17903.65 8737.54 16306.78 17334.48 19335.82
14591.41 25954.7 10504.5 25553.94 28761.53 19519.87 3624.02
13827.34 19215.17 4928.86 33729.6 14219.88 24164.93 12527.73
27386.3 31152.8 14669.66 38405.78 25203.85 15854.84 20678.52
27633.22 11551.09 34297.38 18223.7 330 18458.68 21581.81
14025.21 7011.45 18395.84 16122.66 28176.29 14347.3 29920.55
13941.89 6353.39 8288.86 17124.18 24883.05 18589.23 27152.66
17120.02 21499.59 13104.77 11589.54 24334.34 21526.66 19108.68
12059.56 12508.05 22818.47 12127.27 23402.06 14323.28 10837.87
9839.77 8628.05 24438.03 19422.12 22250.96 23641.34 7664.8
27370.73 23717.63 22298.1 17186.89 17142.87 2963.63 29875.51
22176.74 6294.43 15505.47 9127.99 26112.27 24872.01 11740.22
32661.9 17394.62 9389.34 14790.19 22831.56 21200.55 18410.34
13203.88 26975.47 20581.86 20212.04 4932.87 20515.06 14491.95
22181.85 7459.07 25029.31 24290.71 15526.95 29502.87 9380.42
12381.8 25710.15 3978.58 283 20860.93 3600.57 19868.64
27592.0 13176.97 8207.1 19931.34 9881.67 13616.54 13220.48
18249.05 19242.01 21079.14 14041.97 5549.85 5313.06 10368.75
13282.06 13575.53 26448.35 22221.77 8498.48 26236.6 16960.09
12681.62 7363.48 15435.94 11698.08 9773.79 24230.62 17473.34
16241.84 28282.73 23402.7 2379.78 9296.2 16627.4 3453.5
19714.77 3307.09 6950.4 15307.48 26839.3 19224.76 8596.83
22575.34 9138.81 15337.54 6389.6 8928.77 12667.91 14925.09
6677.92 23187.32 24362.77 9918.01 7603.09 7022.5 14759.34
13139.1 27958.44 5929.27 27835.71 4402.1 22817.24 23932.58
17541.23 32133.33 15896.95 10581.09 9647.59 25758.09 11807.51
26454.25 20281.51 482 25860.29 8663.43 24461.51 30912.89
18235.35 10470.69 25137.15 12237.0 18272.76 17581.12 20217.92
22953.67 25965.68 19279.81 9341.37 9522.72 15144.88 18536.03
14243.37 30537.73 27477.58 13754.91 31121.46 17179.8 16484.26
4742.83 19620.76 16963.77 12896.49 28333.78 21358.49 19548.76
33430.69 28407.1 7425.91 5839.57 19567.21 4060.17 24979.39
4454.56 9730.8 20254.22 29363.68 24298.42 13869.93 23740.49
10956.06 18499.8 11190.02 14074.59 16007.23 19124.45 9973.22
27128.99 28926.22 15189.73 6041.9 11653.81 19109.12 8569.01
32885.12 10942.67 29584.68 9214.33 27402.39 29085.83 19281.84
37180.4 21166.12 14978.01 13813.62 29591.74 14164.76 31689.29
22496.19 288 22984.75 16509.05 25242.47 36617.58 18073.18
23265.82 13824.07 24373.42 6305.77 22057.95 31667.11 28481.15
24130.98 12236.45 19747.71 11497.48 18847.45 15245.78 29165.45
32835.55 19763.37 14493.38 28009.03 32623.11 23555.02 24026.16
24103.78 12826.27 23171.94 30958.29 26584.77 27346.51 26734.28
24743.39 16723.28 25796.31 28499.6 16326.13 17746.81 20108.6
21851.68 20037.81 38095.86 11277.98 13830.49 36735.14 24406.34
27010.61 11058.79 11153.26 24685.87 3473.72 21038.6 30773.67
28774.4 13133.65 24408.65 18348.55 23021.88 28942.29 29020.12
16658.97 40611.52 17319.85 27454.24 23298.4 31411.65 31257.0
14008.21 20522.47 7324.51 33297.31 25812.7 23544.27 32986.88
449 24156.55 10372.43 21447.88 24948.92 17502.07 6008.61
26997.53 7059.92 22454.36 14732.07 13123.88 18083.51 23795.45
21175.31 8120.14 14771.27 13876.66 19137.68 6460.31 25940.51
27473.39 15034.65 28665.69 8975.92 12618.93 3704.88 16063.76
18672.23 8728.35 23873.2 16968.05 14314.45 32154.47 26576.73
9746.73 4170.15 13755.91 11216.94 25275.88 6203.02 6583.72
18801.85 22436.43 26968.84 15486.98 15833.71 5518.65 13161.74
15440.17 17037.62 11379.46 24145.13 7506.53 22405.36 25544.84
16938.61 2282.68 10955.69 16005.64 8005.71 30518.6 11575.73
21944.0 10007.28 24167.5 28025.54 12022.15 35203.83 22441.46
12726.6 19000.75 24534.12 8387.92 31217.99 15520.54 64
13409.31 4394.68 11998.8 20307.21 6046.35 6092.1 15570.92
6438.88 13037.45 5386.91 13172.94 11781.74 13433.49 9984.5
3675.29 9338.23 2615.84 7561.38 11498.31 18637.42 15947.46
4273.78 18582.91 14777.56 5513.54 12029.68 7672.94 7583.81
4840.33 16423.94 9903.56 9417.89 21195.81 15947.89 5523.73
14000.28 10289.25 11265.44 13683.82 8384.52 5076.38 7794.5
20419.73 15901.01 4916.54 18231.07 7134.2 8815.67 8169.1
7421.11 6277.79 15486.07 4116.83 15475.17 16490.28 6134.14
11126.91 891.33 6911.38 18437.03 20358.7 2365.04 22345.73
3485.27 14948.89 16907.79 12910.24 24739.13 10942.64 2799.91
11643.7 18090.35 7472.2 19863.98 14632.76 482 4548.05
15114.04 7974.31 19779.89 6024.48 17666.87 6739.19 17297.66
12455.44 9883.12 20099.59 13327.19 5847.63 6609.32 15683.68
16642.49 9651.1 5338.48 21871.65 14949.16 3947.26 10066.87
9585.68 24499.57 12507.61 23998.24 10298.69 7645.22 15382.57
13425.58 11993.25 14504.26 9896.21 6291.92 16339.28 25994.93
16062.65 21267.38 2160.89 20086.37 16943.72 5255.26 22812.25
8915.91 10087.77 25048.03 18497.97 14956.22 14465.68 11143.02
14240.66 15111.84 16040.44 13775.97 10497.38 9045.86 23143.54
12793.13 9489.67 30416.82 10817.57 12921.36 26535.46 14724.31
9371.06 5613.02 20540.01 14105.7 4526.57 10988.3 15379.14
15927.66 17282.63 7942.45 20169.93 313 12649.29 11604.73
8961.82 13111.24 9093.54 7651.88 19729.66 6098.53 19940.95
4335.73 6358.23 5134.23 11848.81 15411.12 8970.35 17012.78
7013.47 12112.82 8788.94 12960.64 17546.88 11349.17 16176.7
10782.6 2283.68 15402.86 3841.82 13588.03 5011.55 10846.39
3932.1 1746.26 20430.63 14707.39 12433.19 16868.95 2668.13
17937.47 16087.44 13469.55 8176.92 8731.36 12702.62 20937.67
12008.33 11525.67 7652.81 1193.31 15885.54 14698.46 1899.21
22612.52 8013.4 9441.15 12649.09 12783.42 13930.55 8247.96
4470.6 21040.79 18021.18 10031.39 14778.84 10541.77 11379.65
16802.11 6627.21 22818.79 15328.25 5319.31 19268.13 11760.24
4722.34 20355.04 7193.63 239 13443.42 4826.48 13493.48
23466.64 5913.14 10047.15 12345.33 10717.92 8626.9 8306.54
17503.58 14979.0 13929.27 6428.51 6803.56 6620.76 4881.22
5320.77 15751.58 20861.05 14249.81 621.93 18976.97 19100.43
9431.13 14245.45 10570.6 3935.34 9234.25 18721.7 13038.49
13295.23 20474.47 15927.55 5948.37 16296.44 14366.0 10647.85
11737.51 10014.91 8780.43 8259.54 24225.18 12161.72 687.3
22605.64 11170.35 12874.97 4754.79 3029.41 10511.12 11086.25
7818.87 18083.74 17849.38 2145.52 13765.25 4475.51 9564.77
20558.92 20587.59 3252.76 26485.07 4846.78 16314.04 16133.42
17294.4 24493.67 8024.59 6398.37 7635.41 20726.61 11877.49
18504.83 18825.26 355 22119.0 14194.7 18409.13 18669.79
17327.82 7402.95 27957.5 6470.5 25747.97 13073.5 6386.36
13472.23 21341.96 22742.3 10920.44 19718.96 14069.45 19882.01
1513.64 20919.09 26728.11 17138.7 25540.18 1955.78 10451.57
11177.72 13303.17 20431.53 8124.24 19123.47 13080.59 9920.15
29921.98 24199.78 14200.6 11546.23 8712.83 17693.92 24995.11
12243.48 8820.51 17706.14 15397.07 28633.45 17757.84 8316.56
6266.84 8919.49 19635.91 20051.23 8726.35 27977.62 9637.1
17500.52 21745.67 19025.12 9619.59 12711.45 13759.39 14538.4
27363.53 14174.63 14470.31 13348.49 20626.7 26261.53 5185.76
32175.1 23326.75 12319.42 23391.76 19143.54 5729.82 29782.06
8713.98 316 21494.28 17179.01 17344.65 15162.2 18138.3
10514.18 28859.97 9065.68 27947.93 13458.83 3503.95 11659.1
20490.68 24169.5 13850.76 22879.45 15400.95 21020.05 5452.71
18303.2 26696.66 19153.97 24070.21 3553.07 10960.91 15456.17
12924.5 22071.98 10145.85 16786.15 11898.02 8844.39 28887.15
23264.38 17423.99 15881.27 7313.71 21527.13 25301.91 16098.93
11894.9 17947.03 11341.38 29900.92 19811.01 4053.94 9508.49
8219.9 22473.5 22329.37 9330.36 30388.37 12516.65 15130.21
19970.81 20909.52 13873.8 14977.77 13671.76 18776.58 25816.05
16657.33 10135.05 16214.82 19084.17 25631.22 2672.75 30587.01
24361.99 13556.9 26190.36 16317.29 7501.26 29239.66 5221.67
38 8210.41 10669.06 5793.32 14830.25 4225.4 10002.82
14615.1 9135.41 15862.59 1272.05 11453.55 6451.71 7796.04
10714.18 9383.86 15014.23 4015.58 7333.22 13251.09 12432.57
12521.03 8125.82 12765.68 15710.56 3783.95 17418.88 2074.0
9287.87 7303.85 10236.67 4543.73 5998.1 16212.43 10580.95
11816.22 19217.75 7494.15 17553.81 10942.28 14339.29 9765.02
3575.53 16098.79 15960.85 8691.05 16551.77 10560.18 6237.17
13372.81 11280.6 5494.05 18657.68 9099.81 9456.31 10252.56
8982.84 16211.42 7157.69 985.64 23628.52 14602.63 8464.89
19031.19 9777.33 8728.08 12235.02 11788.6 19223.34 10326.65
3699.25 16194.26 12101.79 8697.05 15653.88 11899.92 490
23056.27 7500.68 23007.6 31977.29 15554.29 13474.21 19396.78
15083.85 11339.51 16992.14 23403.66 23465.97 23577.42 14041.93
10464.86 3214.7 13694.47 14565.71 18921.58 30137.85 23061.95
10270.58 28605.38 22298.99 17059.45 11684.01 19313.92 12253.11
14718.75 27945.68 21590.28 20849.51 29735.88 25507.44 6775.98
13287.27 21436.27 3659.34 20503.8 8379.48 12152.32 17889.05
31702.33 18019.35 10006.3 27863.93 14450.22 20058.47 5408.65
8784.67 17373.91 11680.86 11728.03 27101.63 27429.95 10823.04
12378.39 10976.69 18465.09 16254.97 30183.91 9340.38 32976.59
8564.54 25884.63 25457.05 22758.96 33923.9 16233.57 14481.05
6559.13 29733.69 16960.07 27406.22 25337.36 19 7915.17
25128.82 9808.69 15675.8 15591.58 25283.23 16277.93 24215.07
23874.1 16580.7 22870.36 14731.17 7684.61 18144.83 24578.94
27799.68 18507.22 16477.12 27446.24 9735.56 10076.69 20738.52
2573.0 28956.55 18630.34 32750.03 15208.87 19032.84 22508.59
10133.68 14916.42 18075.4 4587.26 5442.97 26367.26 34554.88
19373.57 31829.49 11940.28 29477.34 25102.85 13419.36 20606.59
18921.26 20947.86 26505.6 25724.86 19088.68 25683.53 22478.97
20028.02 26404.54 24419.22 11659.93 6414.54 20188.39 31547.12
22006.52 15233.69 38959.14 768.06 22800.01 25167.08 24452.44
7369.82 6402.99 23805.86 4213.72 15988.74 18935.2 26904.59
11872.35 23300.94 7639.58 21691.72 428 20999.47 7264.45
21383.98 31052.17 13744.74 13910.61 16639.7 15341.65 8506.14
15871.92 23430.11 22509.08 21640.07 11450.35 10558.29 1544.84
12448.15 12348.59 19664.23 28736.7 20555.6 8498.67 26557.54
23114.28 16362.81 13617.63 18196.17 9874.51 14627.78 26582.35
20587.05 20256.15 27353.39 23385.01 6992.32 15392.5 21030.93
6120.32 18010.26 9798.6 12506.92 16099.65 31243.0 15198.16
8098.48 28156.69 14986.15 19588.28 3182.43 6377.7 16952.11
9003.74 11888.91 25875.82 25711.01 8644.07 14054.97 10296.48
17259.65 18695.95 28066.03 8511.93 32900.56 8293.9 24183.66
23129.6 22914.33 31625.4 13682.97 13541.52 3760.53 28521.34
17086.07 24896.48 25184.67 313 21031.28 10849.44 17801.83
20254.04 15296.44 4208.82 25632.68 3904.3 22667.86 11601.09
8396.22 13759.88 20457.93 20147.59 7670.82 16266.39 11792.34
17537.81 2081.89 21563.25 25082.55 14278.25 25059.58 5429.34
9133.24 8124.85 12430.92 17740.25 5811.48 19570.91 12881.5
9979.09 29003.92 23308.15 10758.13 8908.63 9219.23 14179.41
23131.45 8727.0 5563.06 16090.65 17712.3 26064.6 14860.48
11535.97 3076.06 8837.53 16301.14 16985.75 7587.41 24780.31
6469.93 18038.78 21617.81 16206.81 6510.8 9822.46 12616.81
12566.09 26912.83 11098.61 17438.66 10074.62 20335.3 25083.11
7318.34 31684.8 20981.23 10222.41 20050.4 20036.48 4293.53
28476.19 10787.72 323 29544.01 13443.42 27313.97 31479.41
22313.02 11844.71 30558.84 13251.52 24371.29 20404.24 19600.19
24448.47 29372.3 24626.29 12609.67 15722.6 18822.59 23295.67
12833.22 32301.44 32097.59 18673.51 34404.17 14769.61 18604.35
4254.3 22029.66 22179.69 14660.44 30192.2 23204.34 20714.82
37436.72 32046.67 12363.92 2478.64 20245.51 10438.84 29713.97
8256.98 11874.42 23986.01 28891.19 30010.83 18945.56 21862.11
11694.13 19568.11 17167.28 19706.34 17573.21 25408.83 12574.8
28772.65 31578.61 20370.76 5469.86 15450.11 21808.57 2314.98
36238.07 15388.88 28111.44 13586.93 30140.95 33172.58 18471.31
40802.97 26287.58 18076.74 20079.35 30974.59 14795.71 36115.77
22001.89 422 19804.95 18420.86 15460.75 11901.65 17610.24
12186.76 28144.36 10509.38 28281.47 12852.32 2302.05 9494.97
18666.75 23944.14 15180.05 24142.95 15397.59 20647.34 8161.24
15402.84 25326.62 19529.92 21767.56 6852.74 10668.68 18119.4
11771.73 22064.22 11065.2 14069.85 10202.27 7568.22 26803.02
21324.68 18867.16 18754.71 6041.35 23492.88 24201.32 18181.24
13445.72 16995.67 8075.76 29451.3 20196.91 3019.16 11356.31
7364.79 23452.31 22833.02 9317.07 30868.47 13878.11 12430.95
17541.35 21127.59 16506.99 15722.74 12689.35 21891.18 23442.9
17500.46 7522.44 17390.39 16823.64 23859.14 2847.87 28144.12
23827.76 13593.44 27069.36 13331.92 8634.37 27477.72 2263.95
117 17082.23 14778.2 12961.47 12629.99 14046.36 8874.39
24697.32 7116.17 24516.48 9297.23 1477.21 7446.68 16090.27
20286.34 11604.0 20478.99 11660.15 17031.57 6362.82 14661.26
22311.34 15756.17 19804.27 6843.07 6972.15 15603.3 8550.12
18345.1 7399.57 12920.78 7505.45 4431.96 24525.58 18878.19
15301.22 16562.22 2905.53 20184.59 20979.89 15027.41 10016.39
13656.23 10217.97 25883.64 16423.12 6652.37 8213.66 3879.26
19718.29 19056.84 5551.1 27094.47 10337.76 11281.23 15803.24
17368.7 13991.17 11971.14 9348.99 20181.48 21580.57 13758.22
10916.08 13732.58 14823.4 21221.51 1740.7 26376.62 20285.61
9842.36 23313.73 12871.2 5159.96 24828.28 3356.48 412
11738.39 7340.65 12521.54 23291.42 4852.46 12158.15 9854.79
12602.28 7425.73 8573.52 18655.32 15011.18 12422.51 3975.51
9113.22 8250.47 5534.8 3129.22 17661.03 20096.22 11895.61
2170.69 17295.45 20912.91 10289.08 16752.03 10613.53 1473.97
10942.01 18045.84 13100.87 13941.69 18339.61 14127.54 8453.82
18802.62 15189.34 12892.11 9354.2 12528.94 10981.11 7122.52
24599.83 9826.01 1843.17 23831.51 13244.79 13719.04 6114.79
3039.37 11640.62 10157.27 10003.43 17619.82 16660.14 619.36
16239.17 6497.03 9535.99 23072.79 18809.58 5631.19 27233.21
7319.92 15168.82 14034.88 18591.67 22488.42 5515.15 7341.49
7940.31 20225.1 13515.74 16197.27 19720.68 242 17939.19
8351.84 14978.31 19059.74 11977.99 1708.09 22320.77 598.45
19710.83 8462.07 8398.86 11664.97 17459.36 16890.01 5021.85
14027.37 8466.42 14222.11 4590.6 19516.57 21804.08 11135.48
22223.76 7971.46 6156.13 8923.81 9579.42 14514.81 2509.72
17412.96 10458.42 7953.8 25939.69 20283.93 8566.88 10308.65
7669.79 13027.4 19820.7 7819.31 3039.44 12849.14 17369.85
22805.22 11743.84 12698.18 1115.77 6818.65 13728.32 14014.15
4854.32 21957.61 3694.4 15988.24 19023.54 13041.78 7401.65
6688.4 9610.26 14484.01 24079.44 8142.02 17965.09 7428.33
17657.72 21935.15 7633.0 28804.5 17668.88 6911.46 17475.79
18223.23 2163.77 25275.81 10564.77 434 10574.24 10901.72
12625.1 24179.6 5986.94 15616.65 6254.19 15907.47 6354.34
10633.58 21223.35 16400.92 11604.12 507.56 12685.86 10791.44
8292.93 2883.34 20938.32 20205.06 9109.8 5774.47 15922.77
24087.96 12811.2 20335.54 12254.77 2157.23 14147.59 18349.06
14614.37 16091.75 15986.17 12633.32 11972.74 22386.63 17488.89
15976.87 6571.39 16087.73 14497.12 7565.91 26186.2 6373.9
5406.57 26412.31 16672.76 16085.11 8603.29 5238.45 14354.16
9159.4 13517.75 18246.51 16198.33 3963.54 19842.65 9983.1
11179.46 26629.17 17206.57 9232.06 29241.99 10922.07 14842.75
11876.63 21307.6 20354.96 2243.9 10128.16 9011.36 20721.61
16619.72 13449.93 21998.3 168 21365.78 25475.03 17032.68
7281.05 22070.96 19886.97 31527.99 18122.97 33701.39 17732.22
9893.89 11710.89 19968.37 28537.34 22455.13 31055.5 20968.69
25158.97 16385.31 13012.32 27298.94 25386.53 21186.62 14773.27
16395.07 26302.0 15812.7 27153.69 18189.95 12890.61 13428.57
12499.17 26596.54 21998.1 26127.51 26979.49 11568.7 31181.11
26917.53 26037.71 20997.91 20668.37 2162.66 33349.44 26032.64
7962.0 19208.55 13029.83 30012.39 28726.83 15643.45 36462.35
21243.11 11732.74 16969.06 26648.94 24685.17 22314.25 16899.23
30059.82 22458.44 24115.81 2679.42 24409.05 16977.35 24824.52
10877.99 26583.94 27819.66 19404.7 33387.6 10863.95 16159.98
28234.95 7658.09 261 15768.41 4730.97 13670.78 20307.03
8846.67 3029.56 18640.39 3667.37 15643.71 6716.77 11447.01
12056.9 15586.07 13023.73 1768.33 10442.04 5224.54 10617.16
8652.65 19539.46 18817.17 7113.04 20645.61 12035.14 5511.69
9545.97 8635.18 10588.96 2647.66 17332.94 10384.69 8936.85
23705.48 18260.85 5336.96 11410.69 9361.79 10733.64 16629.89
6565.96 2073.16 10261.71 19616.28 18934.53 7704.28 16237.84
4103.57 8038.59 9855.15 9947.45 5362.67 17913.77 1217.29
16154.43 18065.91 9039.32 8438.72 2655.11 8202.98 15851.91
22469.91 4090.87 20949.43 3689.5 16571.82 19495.02 10952.95
27013.65 14010.57 4287.82 13565.88 18658.64 5158.23 22604.05
13261.15 283 13778.22 11159.48 15876.75 27347.82 8916.41
16897.34 7060.17 17495.65 3086.61 13304.07 23622.72 19405.35
14849.11 2905.08 13624.11 9329.23 10495.22 5938.27 22550.41
23468.42 11583.4 6828.77 19031.09 25850.9 15221.53 20464.4
15135.8 3837.89 15897.2 21596.05 17564.11 18754.73 18631.12
15736.71 12008.68 22492.42 20068.04 14928.72 9188.29 16147.29
15629.4 10726.34 29149.46 5853.7 6231.68 28807.02 18016.6
18616.44 7319.61 4524.44 16623.65 5894.26 14670.3 21450.86
19459.4 4940.92 20225.63 11284.03 14048.09 26519.27 20228.37
10072.47 32016.21 11487.21 18110.63 14717.02 23584.58 23092.31
4949.39 12322.2 6471.82 23950.72 18494.44 15818.21 24603.37
246 11610.12 7992.66 12651.93 23609.57 5078.32 12877.2
9170.73 13309.47 6919.72 9061.27 19263.88 15403.68 12368.47
3269.22 9829.12 8536.11 6135.26 2905.73 18367.21 20258.4
11435.36 2875.59 17152.7 21609.01 10873.07 17420.71 11033.69
764.3 11636.46 18240.21 13509.4 14470.88 17993.1 13947.2
9082.54 19471.75 15747.83 13361.73 8880.92 13181.08 11701.15
7259.98 25047.86 9106.42 2491.51 24446.46 13962.44 14285.79
6362.68 3103.1 12261.73 9694.43 10723.5 17875.5 16699.03
1072.09 16929.46 7216.29 9949.13 23724.79 18623.77 6336.97
27757.42 8008.11 15228.51 13717.14 19223.4 22197.57 4908.94
7960.26 7844.27 20462.73 14199.26 15758.49 20282.77 291
18176.59 22718.41 13809.73 5417.04 18845.65 17524.95 28262.34
15744.35 30525.12 14587.29 7987.4 8447.44 16794.52 25299.18
19824.07 28206.21 17885.45 21924.78 14780.72 10454.91 24101.65
22313.65 18324.7 13816.49 13418.0 24397.59 12603.82 23961.87
15572.49 9992.64 10191.2 9503.95 23709.81 18920.31 23447.93
25276.11 8761.7 28688.7 23668.52 23708.43 18526.97 17407.04
1506.44 30081.13 22951.51 7936.58 16968.81 10161.59 27064.26
25640.07 12833.13 33301.06 18671.45 8693.98 14041.31 23513.41
22782.16 19441.49 13692.1 28672.76 19703.03 21229.15 5205.8
21650.26 13918.3 21727.51 9126.84 24017.9 24555.98 16386.13
30363.61 8242.54 13786.5 25188.92 5586.52 360 21568.38
20247.73 17179.8 12359.46 19590.7 13863.62 30097.83 12242.72
30259.1 14834.78 4266.34 11167.62 20388.99 25933.62 16974.25
25976.33 17384.57 22633.33 9316.54 16468.46 27165.39 21498.11
23255.36 7306.56 12659.03 19341.85 13702.2 24054.13 12929.43
15329.76 12030.59 9513.43 28385.19 22990.08 20643.26 19807.33
8004.71 25101.8 26101.36 19729.07 15169.15 18935.6 7865.3
31428.6 22164.98 1163.22 12965.68 9349.49 25344.8 24792.64
11293.14 32835.76 15657.83 13727.0 18978.49 23108.57 17747.9
17639.08 14639.08 22663.73 24881.67 19405.7 6208.34 19229.77
18364.07 25579.77 4597.85 29521.53 25802.19 15576.79 28983.51
14320.7 10427.55 29192.12 3847.24 368 8872.69 11642.45
11090.5 22763.87 5069.1 15711.17 5959.49 15810.16 8005.89
9827.88 20515.16 15197.58 9925.46 2018.88 13033.17 12188.46
7969.33 2156.04 20768.63 18623.69 7668.62 6399.14 14215.86
23799.71 12185.71 20982.22 11216.18 3180.09 13975.73 16814.99
13480.6 15212.9 14411.74 10927.54 12786.29 23027.44 16667.67
17167.95 5108.06 16815.0 14697.25 6251.95 24988.64 6781.66
6188.66 25680.69 16713.96 15316.24 9993.55 6618.93 13812.71
10781.35 13725.76 16790.09 14541.73 4870.13 20369.61 10204.69
10169.44 27345.67 15511.42 9743.61 28205.08 11513.54 13210.49
10242.32 20689.2 18736.57 1310.25 9738.79 10675.41 19219.94
16326.4 12009.24 21125.96 54 18555.06 8749.58 19677.94
30264.66 12004.57 15500.32 12869.4 16634.57 4531.5 15186.76
24141.54 21833.64 19393.62 8168.21 11982.62 4325.56 11785.36
9886.27 21399.66 27252.77 17279.1 7367.34 24043.95 24858.28
16299.28 16826.43 17410.04 7219.62 15507.11 25191.41 19895.3
20187.02 24247.47 20783.36 9035.23 18728.45 21207.59 9941.67
14792.2 12687.5 14085.62 14277.94 31133.93 11274.53 6760.39
29134.99 16640.33 19719.23 3314.52 4181.37 17257.13 5462.96
13277.8 24712.69 23761.51 6610.41 17002.08 10725.84 16373.23
22320.01 25416.32 8980.39 33309.99 9554.52 22289.79 20162.28
23811.6 28638.2 10429.1 13281.34 782.68 27334.53 18129.79
21575.97 25611.4 220 18717.48 14937.3 21228.92 32812.1
14419.19 21362.51 9452.85 22214.92 2921.63 18746.44 28876.57
24908.1 19911.37 8191.73 17901.74 11071.21 15782.75 11422.1
27197.9 28758.58 15351.83 11712.06 23646.53 30593.78 20540.08
23529.83 20627.33 9279.54 20781.69 26954.74 23063.58 24170.29
22330.82 20394.94 15463.86 25455.58 25440.13 16611.3 13354.34
19328.04 20000.11 16189.67 34646.96 6971.12 11053.54 34035.31
22508.38 23971.67 9825.76 8611.51 21850.18 1768.23 19096.68
26882.78 24575.06 10033.07 23619.86 15989.67 19539.04 29066.98
24626.22 14492.89 37454.25 15546.47 23301.5 18894.04 28757.69
26854.38 9755.91 17568.23 6763.97 29347.17 23425.31 19161.34
29972.83 483 3902.24 13455.56 4182.9 15873.52 4009.04
14346.59 11084.26 13654.57 14762.34 5836.41 15576.1 8812.98
4049.6 8866.94 13082.01 16513.73 6898.28 5911.78 17870.27
11786.1 7990.63 9292.56 9189.52 20271.07 8403.1 21396.99
5794.0 8552.99 11774.76 9906.93 7414.55 9970.92 11824.79
6435.69 14693.65 23294.66 11533.23 20191.73 6738.04 17896.89
13895.91 1745.74 18451.29 12935.18 9612.74 20480.24 15014.48
10495.66 14514.89 11617.1 10105.79 17587.34 13104.53 9876.92
8083.86 9171.34 20325.94 10391.81 5100.27 27738.23 10907.89
11126.54 22032.44 12787.35 6606.86 7692.88 16069.98 15226.98
7577.92 7640.48 16465.63 12295.89 13314.02 11045.78 15589.66
313 5203.14 15811.03 8929.53 20678.86 6967.19 18626.96
5837.36 18305.16 12249.39 10957.87 21198.61 14386.03 6584.04
6602.37 16540.74 17009.21 10589.68 5895.3 22920.01 15708.82
3082.32 10676.76 9849.13 25574.46 13580.46 24818.56 11397.7
7970.72 16390.86 14270.22 13077.65 15603.02 9548.16 6594.61
17022.65 26827.83 17161.56 21802.48 1066.64 20846.63 17865.08
6338.44 23819.12 8150.85 10637.59 26144.27 19479.7 16054.0
14818.42 11457.13 15313.46 14818.96 16948.78 14695.59 11164.25
9499.15 24004.77 13641.97 10586.42 31236.51 10928.13 13667.47
27583.62 15475.66 10128.45 5420.85 21637.61 13890.95 4383.98
11986.28 15468.8 16779.87 18332.41 7291.24 21261.2 73
2347.74 17987.07 6788.24 17909.27 8450.53 19618.3 9121.31
18971.06 15889.06 11151.05 20351.65 12760.54 3738.3 10102.17
18104.62 19993.88 11896.03 8619.02 23149.86 12546.26 3621.4
13170.48 6169.43 25436.27 13691.63 26464.18 10818.38 11073.3
17085.65 11388.27 11868.22 14802.68 6785.64 2922.36 19229.92
28406.74 16347.07 24399.44 4252.74 22759.25 19092.98 6802.22
21575.98 11621.99 13279.22 24996.57 20316.87 15487.61 17836.72
14556.54 15373.17 18490.02 18259.49 12106.33 7859.08 12362.07
25472.58 15291.16 10296.57 32852.16 7321.64 15708.82 25638.65
17473.41 7084.03 2459.9 20974.96 10746.18 7969.62 12876.52
18874.1 13881.47 18612.99 5737.59 20005.63 63 19815.67
6316.77 17439.6 22584.08 12949.17 2126.38 22445.69 3846.42
18396.41 10543.81 11925.19 14900.77 19560.73 16665.86 3584.08
11525.64 9333.48 14549.69 6794.48 22679.64 22914.13 10547.67
24551.39 10203.53 8767.12 5723.56 12169.57 14171.12 4855.39
20521.71 13491.19 11317.13 27780.7 22283.98 6051.14 7433.17
11201.88 9625.36 20694.01 4267.69 2060.8 14355.62 20973.92
22507.95 11038.75 15906.36 2582.35 10221.61 11711.36 12814.0
7906.15 20329.23 2929.44 19184.75 21717.36 12474.3 4423.11
6370.04 11934.61 11839.52 26391.44 7118.25 21433.76 5720.3
20270.66 23592.24 11074.11 30998.4 17869.26 8317.89 15430.37
21530.16 5758.55 26716.6 14144.41 189 4649.29 12719.5
5845.82 17537.7 3120.72 14407.45 9630.64 13914.0 13118.28
6374.33 16656.22 10300.79 5225.68 7201.32 12751.37 15310.41
6552.27 4349.88 18394.77 13425.64 7317.11 8178.04 10185.34
20988.41 8999.66 21111.95 6875.68 7019.45 12002.69 11571.96
8775.78 11084.55 12121.08 7155.85 13964.89 23062.28 12633.53
19296.58 5634.51 17412.02 13800.34 1741.86 20014.19 11359.71
8415.56 21663.3 15176.67 11481.26 13248.47 10218.22 10732.26
15937.53 12943.53 11546.88 9575.26 7807.07 20141.16 9934.71
6010.59 27506.29 11796.46 10414.71 23495.5 12155.49 8145.71
7816.83 17060.52 15850.53 5927.25 7663.74 14989.62 13967.85
13806.27 10867.96 16847.09 256 13958.62 11110.03 10355.88
14025.98 9871.68 6498.19 20591.7 4852.2 20229.41 5207.15
5776.46 6391.42 13201.93 16007.45 8235.95 16676.56 7352.92
12790.4 7399.82 14248.36 18706.99 11499.13 17581.4 9535.19
2704.41 14177.87 5143.61 14038.87 4055.39 12165.08 5324.71
2695.72 21788.41 16063.84 11830.54 15583.19 2858.95 17175.11
17143.73 12490.04 7182.63 9777.73 13123.23 21665.12 12165.75
10959.53 6382.17 1609.3 15713.56 14823.49 1297.3 22833.12
7155.14 10716.53 14057.04 13073.55 12674.97 7963.11 5640.24
19708.87 19427.33 9769.41 14773.77 10042.11 12791.01 18102.44
5807.74 24222.48 16102.23 5539.77 19216.74 12953.61 3339.43
21632.98 7058.68 161 11694.35 21971.24 7973.31 3994.48
15075.63 18834.08 22553.42 17220.82 26735.13 12291.0 12378.87
6089.6 10251.26 20933.94 19874.61 26686.06 15666.14 17793.19
18505.33 2726.93 17526.05 19781.3 10680.23 18896.98 12619.52
26546.38 9965.88 20276.25 16183.45 2539.63 7779.81 9680.5
16092.63 11797.15 22997.73 27912.72 10206.3 28704.31 17665.62
24591.0 19338.03 13001.96 8369.39 24733.97 20314.76 14847.59
18744.76 10817.73 25062.87 22806.0 13073.88 29572.73 19080.43
2278.7 6540.7 20403.12 25035.53 18391.65 10852.17 31923.95
11952.47 19943.54 12910.49 20974.5 6853.93 14639.93 13525.86
16221.26 19630.07 14820.35 27759.46 621.03 15582.1 17896.76
10537.74 410 20936.63 6261.33 18723.6 24044.39 13864.91
3584.15 22973.7 5304.11 18368.77 11790.7 13281.93 16340.95
20744.81 17113.76 4190.69 10990.82 10294.71 15229.27 7782.21
24102.0 23784.86 10970.53 25780.14 11083.75 10137.41 4403.7
13507.99 14608.63 6265.26 21936.33 14904.02 12773.56 28863.06
23429.48 5715.68 6242.57 12660.69 8479.88 21499.21 3031.55
3267.42 15411.18 22388.23 22873.57 11399.88 17096.72 3979.8
11680.91 11443.68 12919.37 9342.17 20139.2 3951.94 20615.25
23043.95 12855.92 3295.95 7090.33 13219.71 10686.13 27611.92
7509.73 22740.59 5894.72 21581.6 24632.54 12390.86 32177.38
18462.75 9452.32 15084.9 22975.33 7201.78 27678.3 15533.18
306 3784.77 20922.95 7374.12 16824.62 11319.08 21921.32
11763.17 21082.89 19084.78 13225.32 21291.05 13263.53 4307.26
13354.62 20751.92 23199.9 14551.2 11829.1 24888.97 11029.0
5625.96 16271.07 3257.97 26863.97 15589.56 29070.59 12377.8
14324.78 19256.72 10411.99 12828.88 15962.09 4286.46 1457.48
22168.31 30962.47 17433.32 27468.53 7201.99 25533.51 21543.26
9363.71 21076.64 14371.77 16422.51 25570.81 22513.18 16811.58
21055.46 17798.5 17172.33 21636.03 20769.48 11515.22 6398.2
15567.04 27986.45 18026.17 12105.17 35404.01 4093.0 18613.05
25401.76 20337.33 6283.25 1955.68 22057.96 7646.49 11193.53
15284.3 22140.85 12745.13 20474.96 4997.36 20582.78 392
6971.69 19218.47 3504.84 8714.56 11126.72 17476.31 17839.34
16114.89 22444.26 9502.76 13684.1 5601.58 5528.39 16536.11
17694.75 23355.91 12517.24 13557.31 18649.92 4131.43 12840.16
16201.15 7024.71 19875.03 10746.16 25233.12 7425.23 16148.93
14667.41 2283.34 6204.76 9188.49 12247.83 7318.24 20356.88
26841.26 10339.37 26099.88 12940.59 22621.52 17642.62 8867.27
12523.8 20056.94 16660.18 17389.57 17675.33 10286.91 21548.0
18972.97 11778.18 25269.52 17168.15 2948.59 2785.75 16522.18
23851.97 15688.45 7961.69 31104.18 8677.61 17007.47 16818.01
18314.2 2301.98 10146.93 14647.15 13408.27 15080.53 12143.31
23909.37 4781.44 14858.65 13573.03 12514.03 364 3090.13
20365.24 6251.92 15709.61 10778.04 21059.85 12324.14 20163.23
19234.92 12333.54 20147.68 12095.94 3296.81 13392.01 20031.98
22906.54 13865.76 11587.67 23866.07 9971.77 6336.2 15866.17
2803.14 25778.98 14632.93 28312.23 11362.93 14160.0 18360.96
9264.73 11709.21 14857.41 5333.05 552.02 21608.61 30178.99
16314.35 27001.42 7572.48 24864.89 20736.6 8698.47 19905.87
14886.8 16062.5 24394.55 21615.17 15729.57 20789.78 17593.12
16183.8 21853.49 19989.15 10338.54 5291.89 15294.78 27190.2
17360.22 11150.46 34613.35 4134.47 18042.5 24219.04 19734.79
5100.57 2902.31 20929.92 8261.3 11306.07 14489.17 22070.3
11627.26 19490.16 6171.47 19409.83 378 24353.92 13326.71
21034.43 22478.12 18605.71 7203.95 28837.96 7220.6 25388.27
14941.0 10228.61 16674.95 23751.91 23256.07 10412.16 18351.52
15067.75 20762.59 3571.28 24357.27 28421.68 17268.17 28279.47
4926.26 12450.59 7920.65 15696.99 20809.92 9135.09 22450.15
15972.39 12944.27 32313.35 26607.81 12991.29 7897.14 11979.31
15335.79 26450.83 10072.29 8395.36 19435.27 19316.99 29163.52
17816.54 12002.52 6168.39 11836.85 18698.45 19766.95 10863.04
27338.01 9363.81 20869.46 24728.19 19207.8 6533.55 12856.87
15928.34 10625.3 30128.37 13951.18 18262.12 12700.87 23492.76
28417.74 9037.51 34916.27 24192.34 13541.68 22392.23 22695.87
7556.57 31819.29 12593.33 47 15640.39 15522.23 11376.67
10722.35 13448.42 10175.83 23900.43 8395.72 24454.86 8716.51
2564.32 5606.8 14559.82 19855.75 12517.41 21128.36 11525.18
16520.19 8359.02 12629.66 21081.39 15827.97 18017.79 8817.99
6774.63 17292.27 7505.07 18091.54 8252.1 10921.56 5999.46
3317.18 22869.12 17287.68 16178.2 18362.14 1862.48 21334.59
19929.66 16356.82 11165.42 12736.51 8841.76 25265.05 16490.72
7284.79 9676.19 3323.89 20172.9 19172.77 5750.12 27118.68
11333.04 9274.83 13934.61 17295.51 15694.85 12425.72 8441.98
22091.02 19765.91 14231.99 10330.07 14457.09 13031.83 19737.57
3495.59 24542.68 19632.89 9799.94 23652.68 10831.43 6449.21
23356.56 2678.74 122 2634.16 18496.2 7079.14 18017.84
8963.65 20119.65 9246.04 19461.19 16230.87 11631.93 20737.06
13079.28 3954.34 10489.37 18617.45 20464.55 12408.23 9093.09
23614.8 12568.38 3511.18 13666.4 5888.24 25875.3 14162.06
26976.83 11252.31 11523.14 17578.58 11491.85 12239.76 15204.01
6274.85 2721.94 19738.75 28918.53 16743.19 24896.94 4458.33
23272.5 19600.68 7307.83 21779.3 11785.68 13768.03 25344.78
20812.68 15907.43 18303.05 15012.0 15837.37 18805.26 18769.1
12271.89 7857.65 12835.47 25983.17 15804.65 10753.25 33364.06
6950.76 16219.66 25883.69 17985.33 7176.19 1946.45 21376.52
10266.38 8329.24 13380.25 19289.89 13970.86 19085.07 5274.26
20348.92 397 18242.11 11363.07 14706.15 16815.72 13356.54
4820.32 24023.32 3253.08 22293.93 9088.84 5401.9 10309.09
17532.51 18925.38 8040.0 17074.93 10179.33 15975.23 3054.58
18077.69 22745.52 13547.65 21923.87 5670.56 6472.11 11227.0
9457.0 16682.33 4435.96 16110.77 9566.48 6549.93 26118.86
20395.4 11654.13 12257.85 5714.81 16100.71 21002.92 10803.39
6142.16 13718.46 14594.48 24783.69 14190.97 9589.64 3965.72
5431.68 16653.39 16629.64 4757.79 24663.59 6706.96 14560.55
18321.68 15376.69 9618.75 9243.34 9833.98 16054.57 23766.91
10874.41 14903.12 10392.61 17099.68 22366.82 4545.89 28566.38
19408.38 8391.44 20376.4 16531.05 1826.01 25859.33 7685.39
357 8998.82 22609.52 13435.55 23847.16 13842.26 25483.01
7766.93 25069.17 16684.55 17458.37 27047.42 19443.89 10264.95
12302.7 23450.68 23158.91 17469.44 12646.92 29519.26 18070.66
3873.05 17400.91 9941.89 31973.64 20067.68 31714.79 17419.88
14298.84 23155.63 17385.63 18576.66 21478.8 5901.8 8124.47
23799.35 33729.49 23030.46 28296.9 6192.34 27701.09 24759.14
12860.31 27940.57 10245.53 17276.18 31704.93 26300.76 22119.61
20975.81 17613.91 21786.65 18664.0 23850.02 18369.35 13426.33
16003.6 30914.6 20551.36 16799.5 38130.41 9804.51 20523.59
32147.0 22331.62 13137.74 5280.75 27645.2 10156.9 10142.79
18782.79 20832.47 19764.75 24938.12 2537.72 26711.5 332
19606.09 7929.05 20393.34 30596.26 12688.77 14732.63 14529.79
16001.14 6276.95 15412.14 23795.54 22091.69 20355.91 9574.07
11248.79 2787.87 11965.57 10896.71 20601.67 27889.41 18714.13
7679.19 25140.05 24067.7 16254.57 15397.73 17696.44 8293.05
15042.86 25781.35 20152.39 20167.99 25613.97 21913.01 7997.34
17252.42 21084.69 8254.42 16194.4 11367.03 13310.64 15019.08
31166.6 13004.71 7154.49 28686.34 15853.41 19609.45 2636.13
4916.45 17056.33 6941.09 12574.6 25198.93 24600.33 7351.45
15680.47 10399.09 16698.45 20728.69 26576.71 8598.85 33118.51
8846.92 23099.45 21459.16 23383.53 29955.47 11833.52 13297.17
1610.69 27838.05 17612.86 23037.44 25394.62 439 10305.14
23064.11 7526.81 6311.32 15180.23 20709.84 21296.72 19202.75
26417.2 13287.26 15174.44 8022.16 8920.34 20473.73 21317.36
27361.82 16448.82 17570.9 21007.42 341.08 15813.61 20235.15
8106.5 21659.73 14157.19 28486.48 11068.14 20180.79 17956.12
2291.65 9318.58 11801.06 13471.4 9816.42 24169.31 29972.89
12590.4 29916.8 16351.99 26178.41 21046.08 12914.15 11243.52
23644.8 20703.18 17877.9 20756.99 12953.78 25580.65 23026.48
14912.8 29232.31 20669.84 3711.97 4461.02 20575.61 27031.82
19500.46 11758.07 34109.7 9168.49 20901.42 15832.46 22124.96
5384.09 12589.67 16285.71 13251.14 18908.27 15918.71 27962.32
2549.83 17717.71 15591.24 13464.21 475 13860.87 6270.17
14531.22 25021.53 6826.88 12037.22 11040.9 12769.19 6557.08
10012.11 19531.46 16618.81 14536.73 5151.04 8699.12 6168.09
6686.89 5219.17 17789.92 22059.28 13780.83 2305.19 19417.63
21153.47 11365.63 15674.3 12193.51 2942.6 11303.59 19974.95
14684.83 15180.5 20365.78 16244.5 7214.5 17718.21 16310.17
11063.86 11221.9 11370.74 10733.61 9149.52 26034.23 10526.38
1640.4 24649.77 13170.45 14820.72 4007.38 1085.12 12520.64
9041.22 9787.89 19467.07 18731.98 1506.05 15345.03 6528.2
11144.79 21862.67 20926.1 5161.63 28425.33 6545.02 17228.99
16085.4 19344.78 24559.64 7113.52 8332.2 6019.67 22092.72
13947.32 18112.64 20797.98 234 16151.95 4200.04 16298.62
26073.75 8707.62 10736.02 13689.62 11790.07 7923.37 10872.77
19297.77 17545.52 16693.08 7850.62 7227.16 3818.4 7426.12
7725.61 16628.65 23637.41 16464.59 3421.78 21702.6 20073.07
11643.35 13294.07 13181.04 5654.47 10635.5 21486.07 15610.83
15556.59 22949.0 18605.18 4873.59 15316.11 16486.08 8343.67
13910.16 8978.87 9339.19 11058.8 26555.38 12976.89 3103.55
24268.41 11883.01 15007.22 2036.4 2671.64 12477.13 9885.89
8485.14 20802.42 20655.19 4019.38 13127.67 5871.1 12214.99
19349.76 23280.21 4109.71 28545.83 4825.41 19120.64 18636.73
18946.78 27070.09 9838.18 8690.74 5476.07 23447.85 13258.81
20784.68 20828.54 234 23583.74 9435.72 21006.51 24969.74
16794.75 5481.18 26151.89 6720.26 21501.37 14211.66 13337.62
17879.56 23270.03 20308.47 7294.36 13801.56 13177.93 18339.43
6845.06 25736.33 26759.16 14164.9 28192.66 9597.4 12201.48
3181.51 15648.48 17803.74 8269.03 23639.88 16680.03 14137.94
31568.43 26027.79 8787.43 4118.23 13681.23 10326.51 24529.97
5242.66 5888.67 18170.98 22650.25 26079.88 14603.26 16316.83
5158.45 12990.34 14473.98 16106.26 11057.68 23178.43 6774.63
22204.78 25170.65 16058.08 1595.68 10161.13 15531.16 8273.19
30041.74 10703.33 22346.83 9102.05 23768.42 27405.77 12274.46
34697.21 21615.94 12108.88 18030.3 24396.04 8217.17 30554.76
15718.37 289 7696.77 11386.19 9599.49 21227.01 3683.42
14839.36 7073.81 14794.98 9385.15 8425.39 19117.84 13651.53
8637.44 3447.46 12395.59 12663.93 6899.32 1425.42 19677.9
17170.44 7517.24 6207.01 13168.03 22623.22 10860.13 20544.61
9711.26 3718.38 12922.19 15325.42 11947.01 13754.2 13877.96
9914.89 12583.23 22574.46 15228.85 17330.47 5034.87 16482.11
13917.99 4701.16 23441.07 8202.45 6158.83 24265.67 15794.01
13903.77 10492.25 7195.16 12523.91 12194.42 12963.2 15263.66
13190.94 5064.75 19825.7 9508.93 8677.51 26948.41 14569.29
9312.74 26684.4 11117.79 11817.88 9589.03 19334.52 18068.21
2571.3 8585.3 11638.73 17712.8 15174.47 11770.54 19659.89
115 7626.86 23855.81 7672.83 11965.9 14690.01 23092.9
17812.04 21855.63 24445.27 14621.92 19626.3 11614.05 6746.76
18500.36 22848.62 27202.24 17076.31 16242.43 24643.32 6016.4
11766.68 19980.14 2955.99 25882.58 16334.32 30755.99 12893.47
18905.93 20278.51 6544.5 12122.9 15184.07 7952.28 5874.04
25064.04 32459.89 16356.87 30705.81 13035.28 27803.84 23093.1
12357.69 16893.01 20372.69 20298.6 23003.58 23402.86 16264.02
25187.57 22187.02 17553.46 27134.08 22508.61 8137.6 3378.0
19776.53 29451.05 20504.39 13148.09 36795.88 3530.41 21545.33
21461.45 23067.65 4779.09 8117.89 20623.34 7699.84 16540.0
17161.95 26898.95 8158.85 20733.4 10484.23 18282.91 45
10349.29 27260.54 13603.57 20671.49 17703.29 28489.84 15100.71
27634.05 23675.37 19786.24 27283.01 19125.58 10777.95 18523.11
27268.44 29020.65 21054.67 17731.51 31321.06 14725.55 9441.22
22397.73 6776.04 33129.52 22113.42 35606.56 18833.45 19988.69
25818.04 14999.37 19007.78 22183.78 2506.14 7938.86 28503.45
37512.02 23586.33 33627.88 11895.51 31996.3 28105.22 15876.25
25574.53 17691.93 22464.15 31190.15 29074.26 23109.14 26834.59
23481.92 23661.96 25899.7 27322.1 16456.3 11078.76 21444.54
34542.75 24502.5 18630.05 41955.89 5262.12 24979.1 30118.12
26736.98 11713.63 6851.79 28142.96 2629.71 16260.11 21845.8
27381.86 16845.39 26968.58 5379.23 26292.68 64 6343.53
15534.77 1986.81 10874.97 7818.8 14056.04 16082.28 12816.68
19493.99 5829.57 11938.55 4110.1 5178.28 13762.48 14055.35
19765.61 8854.53 10554.95 15904.19 7614.8 12093.55 12681.55
9050.67 17599.81 7293.74 21754.55 3866.53 13014.24 11239.85
5458.93 3485.87 6654.95 13546.33 7905.33 16672.22 23428.78
8087.86 22415.24 11468.16 18998.01 14112.81 5760.48 13420.64
18011.22 13177.2 16383.64 14360.73 7591.57 18016.49 15598.04
8536.64 22332.08 13586.23 4987.35 5686.91 13174.46 20423.16
12004.21 4291.08 27753.52 10891.4 13331.68 17180.95 14629.68
4295.71 10369.07 12701.47 15693.81 12641.39 8466.52 20553.49
7570.12 11771.81 13988.29 11382.89 184 11371.98 17905.56
15206.44 26961.13 11457.38 22424.36 769.67 22524.72 9494.67
16116.72 26748.59 20480.87 12795.56 6691.28 19648.68 17007.1
14656.55 8858.51 27459.67 21881.57 6292.62 12787.91 15160.77
30431.54 18625.53 27346.56 17072.02 9173.13 20678.41 20528.97
19024.58 21251.55 12840.78 12199.47 18948.84 29397.55 22776.58
22530.91 5332.22 23083.67 21382.83 11833.79 30046.46 2790.88
12422.2 31835.12 23433.91 21528.61 14933.62 11799.33 20310.23
11252.34 20407.03 20981.8 17242.5 10971.95 26859.72 16872.34
16126.97 33615.46 15757.11 16238.0 33700.43 17940.06 16326.47
10019.76 27040.64 17329.92 5412.38 16383.85 13999.45 23040.67
22977.46 9542.18 27078.64 373 21059.27 9196.51 21934.78
32155.45 14229.76 15969.71 15458.19 17307.11 6783.99 16967.45
25211.14 23647.02 21840.53 10816.59 12527.88 3628.93 13519.68
12354.56 21797.25 29442.79 19936.06 9241.98 26577.68 25259.38
17769.36 16016.73 19255.2 9719.68 16430.87 27338.56 21708.24
21683.53 26894.41 23334.42 9118.33 17787.69 22574.79 8418.95
17444.04 12165.38 14551.47 16553.11 32686.13 13737.4 8715.01
30054.11 17073.32 21104.65 4123.35 6421.13 18530.95 6795.15
13860.9 26761.22 26120.16 8871.04 16438.98 11857.46 18259.48
21035.29 27985.38 10051.75 34579.28 10163.29 24625.04 22788.24
24767.01 31272.84 13079.24 14828.21 2040.94 29400.04 18969.78
24234.79 26853.13 31 13312.9 23169.44 9592.34 2406.41
16588.86 19671.87 24183.03 18005.52 28293.77 13592.53 12468.35
7135.59 11870.43 22519.39 20934.36 28014.73 17006.98 19352.62
18875.26 3711.29 19125.19 21195.36 12043.83 18970.13 13698.92
27305.17 11263.61 21809.03 17102.12 4131.47 8956.56 10481.7
17445.97 13343.26 24160.36 28588.44 10791.65 29830.95 19293.04
25557.15 20267.8 14557.91 7210.02 26362.46 21743.81 14371.64
19497.99 11582.98 26442.96 24268.41 13989.9 31131.88 20073.9
3826.57 8026.82 21882.82 25764.46 19601.84 12200.98 32499.01
13201.98 21201.25 11811.96 22154.57 8444.64 16180.27 13650.87
17282.13 21242.7 16060.27 29215.66 1679.5 16278.95 19378.39
10426.19 234 14800.41 4946.93 12756.23 19738.6 7904.56
3839.37 17831.67 4143.37 15204.1 5809.02 11410.34 11390.07
14627.96 12293.29 2483.29 10545.55 4277.89 9772.37 9200.34
18762.34 17876.06 6527.81 19697.56 12512.93 4824.47 10506.27
7801.64 9896.72 2703.63 16549.79 9659.8 8443.6 22735.69
17295.2 5735.92 12378.6 9013.29 11313.19 15709.99 7412.71
3023.57 9292.33 19277.46 18210.35 7149.46 16331.2 4840.95
7625.24 9759.36 9528.83 4941.21 17562.04 2186.18 15414.77
17171.71 8422.02 9408.42 2140.48 7314.6 16820.59 21518.59
3829.51 20814.88 3878.74 15668.92 18526.29 11012.79 26051.96
13189.32 3330.17 13408.64 17949.55 5348.03 21643.36 13095.23
210 16178.31 12390.17 18403.89 29881.25 11418.36 18591.34
8175.14 19354.4 827.09 15705.97 25860.34 21902.56 17294.66
5381.31 15185.51 9348.06 12752.45 8470.92 24372.92 25985.6
13477.14 8756.88 21323.1 27738.56 17507.89 21358.41 17601.79
6244.59 17862.73 24125.74 20046.87 21128.76 20547.28 18036.19
13055.19 23341.07 22401.81 15039.98 11233.91 17076.7 17259.21
13261.62 31625.29 6214.38 8108.24 31026.85 19730.87 20935.17
7693.9 5821.46 18836.66 3391.84 16331.12 23987.22 21927.9
7020.89 21300.47 13112.51 16513.37 27164.69 22438.71 11701.3
34412.74 12895.8 20600.1 16815.52 25761.56 25052.37 7229.51
14546.98 5556.89 26485.41 20496.27 17561.61 26935.39 276
21372.17 10890.19 18169.12 20634.46 15569.48 4343.27 25860.63
4179.8 22771.41 11930.39 8742.84 14151.44 20810.51 20343.33
7756.64 16249.7 12046.06 17771.38 2280.1 21955.9 25380.8
14437.95 25427.92 5513.63 9480.06 7816.24 12792.99 17923.84
6093.76 19962.66 13265.9 10370.15 29350.16 23658.51 10753.88
8552.93 9611.6 14029.19 23411.64 8579.61 5660.33 16400.35
18057.59 26259.16 15011.98 11776.86 3234.55 9227.92 16337.34
17098.26 7950.0 24853.04 6588.5 18431.27 21999.07 16370.9
6207.34 9989.03 12964.73 12180.53 27281.66 11220.0 17724.21
10143.18 20712.36 25415.75 7652.32 32050.66 21210.48 10501.76
20080.92 20428.76 4664.0 28798.56 11138.14 330 6002.09
12179.01 7849.91 19554.63 3183.4 14831.37 7930.27 14572.51
11170.94 7558.57 18146.02 12194.16 6875.05 5214.55 12737.67
14066.87 6786.91 2721.81 19291.12 15395.9 6869.06 7220.75
11528.93 22075.4 10127.1 21040.32 8496.6 5342.79 12663.73
13574.53 10580.96 12654.3 12672.77 8321.77 13410.31 23040.55
14174.13 18452.39 4672.0 17126.78 14051.19 3281.76 21950.94
9462.86 7313.83 23233.5 15705.08 12927.9 11932.13 8730.42
11843.64 13975.92 13133.42 13565.85 11406.02 6437.65 20200.84
9842.45 7528.66 27459.15 13001.16 9967.54 25337.07 11767.94
10030.03 8327.67 18458.27 16709.37 3936.18 8253.2 13327.8
15981.35 14721.19 10895.75 18508.22 289 18817.98 24674.11
14594.85 4312.8 20256.63 19644.2 29249.23 17863.87 32027.62
16208.57 10174.02 9767.74 17396.54 26640.38 21849.22 30092.24
19579.77 23291.98 16963.94 10064.15 24749.05 24004.05 18313.03
15921.46 15254.79 26576.73 14106.09 25445.49 17616.79 10076.21
11630.81 11361.75 23725.42 19281.55 25442.44 27462.79 10762.83
30751.95 24530.75 25825.24 20614.12 18651.82 1151.23 31188.88
24629.19 9734.32 19114.66 12110.71 28874.56 27302.79 14796.65
34828.86 20723.73 9047.55 14146.82 25108.92 24962.08 21332.43
15189.2 30850.71 19539.19 23104.1 5589.44 23607.38 14263.26
22121.46 11310.46 23618.98 25750.04 18163.92 32092.85 7944.0
15912.93 25471.32 7773.36 200 25018.73 13825.83 21692.22
22992.14 19254.75 7812.23 29460.46 7874.95 25912.07 15605.4
10721.64 17296.27 24415.13 23859.09 10967.02 18764.74 15709.47
21391.28 4161.97 24956.73 29079.63 17851.58 28935.23 5145.19
13115.38 7988.09 16358.49 21406.18 9789.93 23062.78 16615.8
13575.52 32977.5 27271.38 13449.33 7792.26 12587.72 15587.07
27102.01 10397.27 8974.13 20096.51 19735.75 29762.55 18392.93
12258.48 6794.79 12473.32 19168.93 20307.87 11525.93 27828.23
9947.14 21476.24 25371.13 19791.56 6682.08 13454.22 16592.83
10272.65 30783.51 14514.26 18548.32 13227.89 24141.76 29082.58
9524.75 35572.97 24817.1 14194.19 22846.02 23276.61 8219.7
32483.16 13067.92 229 10110.39 24785.35 8593.32 8848.84
16230.37 23045.57 20831.94 21624.57 26841.85 15123.94 18087.66
10627.02 8918.58 20854.7 23332.04 28687.92 18032.41 18249.88
23748.87 3289.71 14953.64 21464.59 6380.75 24544.87 16352.44
30818.66 13062.17 20917.33 20249.01 4844.8 11663.18 14401.66
11413.32 8903.02 25941.76 32386.29 15320.14 31674.37 15943.46
28259.56 23259.66 13883.28 14012.71 23322.36 21867.21 20856.88
23186.27 15544.23 26787.92 24002.93 17292.44 29603.28 22800.95
6465.88 4324.89 21550.17 29411.7 21282.47 13584.73 36600.86
6954.48 22541.92 18619.81 23903.48 5796.15 11414.43 19180.2
10548.74 19062.5 17760.18 28860.62 5481.36 20253.06 13959.69
16428.8 54 4042.6 14514.5 2110.89 13720.15 5622.1
14410.75 13087.82 13474.59 16862.75 5675.06 14231.91 6935.07
3399.53 11002.6 13664.12 18082.67 7741.05 7954.36 17267.39
9733.35 9346.72 10851.29 8374.36 19383.64 7947.88 21808.22
4776.02 10545.24 11684.3 7791.9 5790.78 8674.9 11930.93
6232.04 15724.86 23624.11 10220.01 21367.51 8516.35 18592.18
14168.67 3296.26 16414.26 15031.47 11250.81 18954.75 14934.66
9380.62 16171.17 13443.96 9529.05 19694.16 13476.69 7721.62
6394.19 10987.25 20620.1 11196.38 4463.24 28039.54 10201.16
12204.29 20120.93 13736.36 4851.8 8196.05 14847.34 14810.67
9728.31 7997.66 18355.05 10153.91 12829.77 11764.48 13991.35
394 15502.86 15044.03 18386.16 30150.25 12229.35 20887.25
5851.47 21470.41 3819.11 16857.14 27370.56 22590.42 16769.12
5739.96 17602.59 12428.34 14291.35 9122.51 26527.92 25774.0
11790.54 10812.08 20233.38 29811.9 18947.05 24221.18 18494.12
7603.45 19846.41 24078.44 20833.5 22321.73 18738.66 17019.33
15819.27 26227.54 23699.6 18123.11 9898.17 19913.93 19616.69
13667.22 32383.32 3440.39 10220.72 32562.54 22006.21 22278.43
10685.52 8370.79 20421.54 5091.13 18659.03 24153.55 21436.45
8906.23 24069.9 15269.92 17421.15 30136.34 21139.22 14054.67
35485.31 15430.12 20239.95 15380.94 27392.87 23261.17 6726.6
16133.82 8642.06 26525.95 22424.75 15558.38 28220.09 315
13873.37 9040.73 15388.72 26514.61 7961.93 14876.92 8799.92
15551.6 4026.59 11967.07 21995.51 18335.97 14789.65 3436.06
11555.76 7561.9 8908.67 5357.95 20591.89 23014.46 12576.04
4903.04 19317.51 23929.08 13666.75 18354.04 13965.33 2742.58
14017.09 21040.3 16442.17 17342.13 19494.48 16043.18 9893.85
20385.11 18580.88 13033.01 10058.94 14037.17 13584.61 10045.47
27975.1 7893.79 4267.42 27157.35 16005.46 17106.53 5443.8
2418.02 14969.65 6767.37 12634.38 20738.62 19271.16 3151.74
18106.44 9313.24 12881.35 24436.53 20657.54 8014.54 30633.69
9383.58 17844.56 15385.86 21888.13 23867.32 5695.86 10687.02
5514.82 23306.19 16642.19 16901.64 23108.92 56 10076.41
12963.39 12800.09 24579.65 7142.32 17521.06 4209.74 17717.32
6930.27 11900.91 22586.78 17182.8 11275.76 1823.17 14679.2
12646.52 9945.22 4172.04 22712.27 20209.52 7550.66 7812.9
15127.02 25789.42 14246.05 22394.01 13266.09 4217.92 15912.16
18493.68 15498.63 17282.63 14581.29 11843.78 14035.7 24445.04
18740.27 17950.66 5133.39 18150.16 16443.29 8222.9 26963.44
4714.83 7464.84 27753.59 18554.32 17389.3 10480.64 7165.48
15860.95 9534.96 15465.24 18575.43 15943.76 6025.86 21885.52
11927.03 12226.89 28692.06 16247.15 11260.4 30240.78 12968.42
14700.53 10675.89 22753.23 19037.53 1141.07 11742.49 10416.82
20939.59 18311.82 11829.46 23194.49 340 10119.98 27360.35
12710.96 18661.11 17756.36 28016.19 16562.38 27033.67 24816.41
19280.77 26010.61 17858.27 10228.72 19384.65 27078.55 29566.83
20912.18 18193.95 30441.15 12783.21 10574.19 22706.4 5495.78
32044.4 21458.24 35345.92 18079.38 20607.58 25277.46 13293.61
17957.66 21130.35 3626.07 7578.33 28605.45 37198.32 22461.7
33913.08 12844.09 31910.74 27746.59 15737.72 23682.91 19198.83
22841.27 29678.64 28518.56 22117.85 27404.42 24102.87 22920.73
27175.24 27016.41 14830.45 9576.17 21936.85 34202.39 24404.42
18009.27 41625.82 3697.44 25045.69 28261.35 26757.22 10455.04
7374.47 26930.66 1213.51 17144.12 21514.42 28255.13 14954.6
26214.78 7008.69 24859.87 166 5480.82 13234.55 3077.53
13797.41 4886.77 12897.19 13619.22 11959.48 16548.12 4163.58
13063.95 6286.91 4916.02 10860.01 12227.54 17078.4 6444.21
7614.33 15808.78 10396.75 10445.11 9900.94 9857.54 18006.54
6445.23 20323.45 3386.34 10063.53 10167.45 8312.79 4831.47
7463.24 13425.7 7740.36 14426.82 22127.11 9024.32 20114.22
9318.14 17170.73 12673.72 2828.73 16013.94 15369.15 10358.61
17918.02 13417.79 8073.65 15247.68 12707.47 8049.85 19385.98
11997.7 7938.45 7565.69 10268.69 19120.88 9839.27 2962.0
26537.59 11693.26 10948.97 19491.18 12415.3 6016.31 9607.5
13609.67 16322.99 9872.81 6543.16 17657.73 10509.2 11342.87
13135.16 13012.06 164 9165.52 8525.29 9620.31 20470.33
1948.81 11723.3 10015.72 11752.26 9962.05 6179.7 16718.86
12310.51 9703.2 5010.6 9279.5 10798.35 3905.2 1914.73
16701.75 17188.13 10424.08 3669.07 14708.16 19746.18 8306.4
17491.31 7988.21 3379.01 9910.03 15140.48 10438.17 11645.89
16296.1 11645.79 9756.03 19509.93 13011.76 14868.09 8049.13
13507.51 10784.87 4226.95 22011.85 10730.49 3895.26 21908.6
12696.4 11593.65 8767.67 5922.04 9864.59 12772.92 9829.35
14740.95 13809.91 3465.64 16726.93 6385.21 6899.8 23906.19
16307.09 6332.17 24873.22 8138.52 12303.67 11945.84 16807.08
20239.53 5365.99 5696.97 10847.1 17335.8 12269.51 14536.37
17534.56 67 5507.58 22303.9 6603.47 13443.84 12913.75
22122.78 15476.26 21016.58 22224.52 13460.64 19705.02 11547.44
4866.7 16311.12 21559.73 25343.51 15588.26 14210.27 24204.84
7495.3 9442.22 18167.74 963.8 25737.29 15434.85 29653.61
12001.11 16851.58 19334.42 7369.21 11677.79 14840.7 6373.9
3552.95 23531.18 31430.06 16153.51 29090.95 10711.27 26488.96
21991.22 10639.3 18068.15 18039.31 18441.21 23489.47 22535.42
15848.87 23284.04 20199.88 16805.99 24887.15 21337.11 8765.64
3372.27 17824.03 28419.17 19070.56 12073.67 35818.64 2617.41
19977.18 22549.26 21574.4 4143.8 5827.18 20617.81 7424.17
14301.48 15884.14 24830.12 9435.13 20071.09 8460.8 18614.47
227 29639.77 13479.38 27433.23 31651.55 22390.07 11977.25
30583.69 13396.92 24347.39 20518.11 19784.8 24598.98 29476.71
24652.24 12693.92 15684.52 18908.78 23347.67 13021.94 32450.37
32160.64 18713.99 34514.75 14970.34 18734.28 4348.57 22156.43
22210.39 14791.87 30338.06 23345.98 20869.14 37525.03 32145.14
12390.3 2625.73 20409.12 10368.69 29771.16 8296.96 11987.52
24076.33 29078.17 30018.27 18979.53 22061.54 11840.98 19723.26
17149.46 19713.09 17714.87 25363.53 12678.18 28922.58 31705.65
20401.48 5600.62 15526.22 21927.43 2322.02 36347.23 15442.38
28309.04 13638.47 30264.97 33256.42 18657.77 40905.18 26325.65
18179.47 20035.55 31131.11 14952.87 36188.09 22186.29 348
5389.89 22235.82 6596.15 13587.36 12828.25 22104.4 15314.74
21009.07 22085.98 13431.73 19764.86 11604.52 4782.97 16177.52
21515.12 25245.56 15528.82 14096.5 24226.46 7643.86 9276.39
18076.08 849.16 25779.4 15425.85 29622.4 11996.2 16734.45
19319.35 7488.44 11707.87 14874.53 6245.24 3399.75 23464.49
31404.38 16196.2 29015.67 10555.41 26440.7 21962.17 10561.65
18194.79 17879.78 18344.9 23574.2 22525.06 15876.62 23181.89
20089.5 16807.97 24744.73 21302.53 8870.98 3472.32 17717.95
28393.94 19014.24 12053.63 35796.44 2576.04 19908.35 22669.82
21511.85 4189.53 5659.35 20671.51 7387.66 14161.27 15843.24
24710.02 9572.52 20077.71 8301.62 18691.45 166 7928.84
17057.18 11856.94 23551.41 9167.96 20681.59 3146.99 20542.12
11127.78 13543.74 23979.49 17318.94 9356.7 6434.35 18265.74
17293.37 12671.73 7220.84 25314.83 18434.99 3224.92 11812.68
11878.35 28105.2 16138.53 26351.16 14196.09 8517.12 18643.79
17099.06 15972.79 18406.38 10247.25 8819.34 18208.43 28390.32
19957.0 22490.41 1920.84 22218.49 19789.12 9019.07 26761.65
5718.95 11612.08 28978.2 21609.04 18795.43 15113.94 11761.05
17862.2 13394.2 18837.41 17592.28 13798.99 10272.12 25678.26
15384.0 13328.74 32734.42 12632.39 15099.95 30523.67 16889.16
12882.65 6854.72 24367.05 14766.63 4317.02 14244.19 15034.57
19610.84 20750.98 7258.59 24129.18 423 26172.9 10113.49
24048.11 28840.81 18909.73 8721.33 27257.12 10264.61 21396.83
17111.55 17332.82 21475.27 26030.56 21323.59 9214.65 12933.55
15430.35 19909.81 10813.7 29294.91 28695.59 15319.87 31088.21
13351.15 15427.35 941.39 18820.72 18858.94 11509.39 27152.43
20129.7 17804.94 34047.67 28683.42 9082.11 1534.83 17485.39
8169.19 26318.54 4931.64 8591.97 20601.63 26641.7 26798.48
15614.91 20231.1 8743.83 16675.13 14170.05 16513.87 14515.07
22636.56 9238.29 25783.49 28363.1 17051.66 2501.8 12046.16
18544.39 5639.68 32915.19 12002.64 26317.35 10206.23 26904.68
29776.26 16274.47 37451.44 22937.46 14732.24 17316.78 28069.61
11965.26 32710.68 19708.55 159 15125.53 6857.39 12510.67
18289.31 8927.58 3044.66 19305.93 2474.54 17200.26 5692.49
9364.89 10194.34 14756.09 13971.03 3861.08 12538.36 5422.7
11204.92 7438.85 17852.16 18784.24 8450.68 19670.78 10632.07
3832.16 10671.62 7218.03 11656.87 663.61 15669.37 8645.64
6887.87 23129.32 17535.1 7487.71 12362.32 7225.98 12807.71
16774.37 8309.42 3086.98 9881.88 17470.65 19872.2 9092.76
14259.22 3669.18 5937.25 11823.21 11548.91 3298.66 19600.07
2827.97 14399.15 16766.15 10293.49 9351.56 4186.61 7015.82
16730.68 21518.62 5902.27 18824.04 5801.54 15323.56 19046.78
8942.73 26175.52 14655.73 3872.46 15480.87 16834.87 3305.96
22328.39 11122.94 137 8011.77 24954.4 9157.58 14135.83
15538.01 24691.92 17221.37 23541.19 24469.19 16068.87 21737.98
13655.16 7497.93 18631.74 24198.83 27923.6 18240.63 16711.43
26557.23 8222.92 11035.66 20773.23 2468.9 27924.81 17971.89
32262.48 14526.45 19325.91 21892.51 8770.56 14005.17 17125.5
6110.98 5750.54 26182.48 34021.87 18361.54 31734.08 12681.77
29132.84 24595.72 13279.39 19117.23 19844.02 21029.86 25214.06
25071.72 18175.06 25845.39 22717.04 19289.12 27068.78 23956.39
10344.56 5301.72 20367.62 31010.12 21721.81 14656.87 38397.67
1706.8 22627.16 23692.73 24226.9 6472.69 7308.99 22709.41
5464.64 16543.05 18517.99 27273.71 10386.42 22524.27 9012.93
20459.57 129 23441.6 18220.9 25984.42 37530.45 19064.19
24931.63 13674.34 25977.97 7273.92 23241.96 33088.4 29538.55
24653.79 12940.57 21414.92 13360.38 20130.41 16121.65 30829.34
33518.41 19783.22 15859.06 28273.36 34277.36 24873.73 25925.55
25208.74 13852.71 24707.48 31710.56 27669.29 28604.48 26627.8
25048.14 18496.37 27711.89 29810.28 18267.68 17940.97 21967.82
23525.28 20907.08 39231.74 11044.27 15192.16 38195.43 26076.55
28327.18 12791.08 12562.29 26077.12 4529.71 22687.97 31619.9
29320.75 14366.96 26276.3 19874.83 24121.32 30887.17 29176.67
18230.34 41893.49 18992.43 28056.93 23410.84 32880.83 31133.11
14500.46 21856.17 9105.19 34096.46 27356.17 23355.05 34323.1
380 20453.94 19540.83 16065.65 11598.71 18558.71 13297.38
29030.21 11626.27 29336.46 13809.46 3399.9 10054.6 19274.89
24928.41 16300.89 25262.22 16434.15 21614.11 9121.0 15488.72
26056.03 20599.54 22170.15 7509.28 11690.33 19119.77 12623.82
23084.23 12182.66 14292.35 10922.28 8448.77 27284.95 21879.5
19987.77 19697.42 6959.32 24595.72 25006.02 19270.98 14562.42
17860.49 7403.26 30388.19 21266.51 2272.52 12455.01 8335.99
24562.39 23910.54 10381.77 31937.18 14998.64 12678.51 17901.84
22177.77 17511.97 16826.78 13572.8 22729.12 23806.79 18607.83
6450.85 18509.56 17268.16 24465.9 3956.61 28461.65 24758.13
14641.22 28172.4 13362.65 9754.88 28078.62 2732.71 433
7873.69 9549.6 8221.59 19207.07 697.6 12014.75 10145.86
11834.02 11142.24 5425.18 16108.55 11177.76 8340.83 5792.67
9904.66 12164.95 3973.82 2412.45 16653.46 15804.13 9708.78
4971.79 13389.41 19560.55 7797.85 18227.76 6967.18 4592.59
9939.49 13772.99 9352.39 10842.67 15222.81 10384.66 10793.18
20218.94 12276.81 16069.98 7493.26 14376.3 11210.0 2823.53
20937.94 11187.87 5259.43 21276.15 12913.47 10912.99 10157.24
7324.99 9452.41 13972.29 10289.42 13419.59 12404.29 4868.21
17364.95 7016.05 5889.93 24645.05 15021.06 7273.89 23952.71
9050.25 10896.85 10880.27 16290.13 19056.27 5604.49 5556.29
12239.55 15997.79 12125.69 13665.02 16757.42 223 18995.65
14126.19 15062.67 15094.82 15083.62 7630.02 25818.41 6043.29
24749.72 10483.65 2947.94 9843.21 18106.01 21017.39 10816.78
19849.34 12236.88 17907.36 3891.97 17206.62 23950.76 15955.14
22073.06 4486.52 7916.13 13565.21 10236.54 18891.87 6972.63
15431.04 9636.78 6459.95 26635.58 20938.76 14453.85 14348.09
5113.31 18879.93 22425.61 13538.36 8951.22 15058.58 12257.47
26783.82 16612.37 6786.91 6737.1 5593.51 19354.77 19136.57
6232.74 27198.01 9488.02 13800.95 18172.19 17713.04 11947.09
11798.3 10867.45 17792.67 23875.48 13497.06 12175.24 13135.97
17117.21 23152.34 1866.0 28684.15 21279.57 10395.5 23054.01
15430.81 4346.08 26728.16 5349.37 70 2216.89 17016.89
6460.62 17896.6 7487.71 18720.39 8810.35 18109.17 15156.75
10322.87 19754.5 12329.05 3657.4 9302.26 17156.83 19056.97
10953.75 7681.58 22356.71 12714.47 3866.36 12206.11 6882.67
24707.98 12890.17 25517.35 10119.8 10169.06 16215.97 11408.08
11319.33 14175.82 7754.65 3588.88 18259.63 27465.32 15730.0
23433.36 3867.04 21796.88 18171.59 5896.53 21368.65 11222.67
12321.78 24479.17 19436.97 14814.82 16905.87 13641.77 14587.0
17800.38 17329.95 12000.35 8102.66 11423.44 24537.68 14335.32
9538.94 31909.97 8150.69 14739.86 25341.01 16506.09 7163.65
3420.01 20339.58 11699.51 7226.66 11972.42 18017.04 13917.39
17802.89 6568.65 19504.23 298 5460.66 22045.2 9408.17
18821.47 12510.52 23527.04 11027.49 22782.28 19010.96 14916.21
23333.33 15344.69 6260.0 13558.63 22137.2 23868.31 15922.1
12537.05 26742.65 12956.63 4863.14 17179.46 4733.13 28813.11
17363.29 30491.88 14249.54 14859.56 20924.52 12464.12 14844.9
17951.89 2724.73 3510.6 23287.24 32421.14 19442.13 28410.97
7019.91 26817.31 23063.47 10776.07 23156.31 13677.65 17255.63
27661.6 24174.92 18767.0 21690.51 18358.58 18988.18 21419.36
22250.82 13606.56 8413.67 16264.68 29472.05 19340.06 13893.78
36867.32 4797.44 19770.44 27500.05 21535.78 8385.0 1631.06
24076.69 6922.87 11314.55 16817.13 22432.39 14752.39 22276.74
2948.42 22669.29 208 19965.47 2778.25 18753.32 26214.85
12327.54 6801.81 19755.05 8459.92 14015.95 12006.19 16824.14
17902.73 20107.93 13825.29 4146.67 6197.21 9313.93 12732.28
12273.33 25191.75 21658.99 7986.73 25268.06 15686.87 11337.0
6993.65 14180.47 11397.86 8349.4 22974.27 16159.07 14847.24
27525.17 22512.14 1582.16 9015.44 15208.34 4822.16 19190.51
2683.77 5525.79 14369.55 25412.37 19237.09 8190.96 21184.7
7760.44 13929.42 6864.26 8954.83 11266.66 15550.55 5249.46
21895.11 23242.36 9590.93 6935.0 5872.03 13547.39 13115.61
27016.26 5034.17 26410.86 3328.24 21703.21 23182.1 16126.13
31278.39 15549.15 9365.41 10377.69 24449.38 10380.34 25831.87
18850.84 48 19868.62 4930.62 17846.21 23775.87 12667.62
3433.18 21632.3 5211.25 17051.11 10892.13 13493.04 15844.36
19738.52 15764.18 2946.99 9872.86 9142.09 13927.8 8520.55
23511.32 22547.24 9622.19 24816.13 11920.83 9460.95 5430.18
12740.8 13259.11 5758.7 21323.14 14306.59 12405.77 27752.71
22380.03 4472.44 7379.02 12457.72 7959.94 20234.7 2761.51
2594.67 14301.96 22418.29 21517.38 10045.72 17596.04 4183.49
11359.73 10193.07 11574.15 8872.44 18869.06 3003.05 20062.64
22225.14 11502.4 4534.84 5837.06 12365.48 11819.46 26635.9
6163.49 23043.1 4537.9 20739.16 23494.46 12689.41 31151.64
17135.59 8446.75 13872.37 22488.37 7175.13 26485.92 15656.5
79 11117.1 9613.04 12736.04 24065.77 5587.22 14467.99
7535.67 14834.78 6268.52 10020.35 20469.33 16075.77 12034.32
1623.04 11465.26 9646.13 7401.16 2687.1 19883.62 20358.97
10204.92 4520.78 16576.47 23082.81 12046.37 19050.42 11809.27
882.11 13116.52 18426.16 14233.58 15483.73 16968.01 13310.59
10679.81 21101.5 16829.67 14736.29 7647.13 14797.49 13315.32
7471.66 25819.33 7494.42 4125.32 25661.13 15540.94 15395.31
7451.17 4072.98 13523.71 9106.2 12336.44 18207.17 16536.06
2675.37 18573.15 8813.98 10722.19 25337.87 17944.03 7982.41
28719.62 9651.82 15124.39 12777.69 20494.44 21276.4 3438.9
9245.51 8229.97 20738.93 15637.3 14549.23 21359.75 125
12478.47 29651.86 15173.63 20643.77 20051.83 30454.8 17959.5
29486.81 26506.2 21718.7 28417.74 20276.52 12658.03 21275.4
29459.84 31658.88 23274.84 20315.11 32902.15 14877.67 12248.89
24908.13 7951.33 34485.68 23914.11 37748.51 20540.0 22649.59
27723.68 15559.89 20410.66 23580.91 5197.61 9953.99 30897.2
39612.8 24901.91 36135.2 14661.06 34266.52 30165.92 18090.35
25768.14 20549.55 25011.81 31999.27 30967.68 24573.91 29481.81
26148.38 25381.93 28750.88 29424.7 17131.4 11957.88 24049.28
36621.09 26758.28 20460.26 44044.75 6132.49 27346.96 30366.24
29076.09 12892.18 9407.33 29351.25 1335.63 19016.0 23923.82
30147.01 17078.96 28676.78 8238.03 27218.58 398 8090.37
21206.94 12537.34 23312.54 12492.28 24145.08 6672.61 23764.54
15474.46 16214.53 25972.11 18505.02 9430.43 10938.4 22071.37
21787.3 16118.9 11244.74 28265.8 17646.84 2561.53 15997.12
9792.37 30775.0 18832.67 30324.32 16277.83 12904.37 21849.76
16805.59 17545.35 20383.16 6454.3 7573.6 22395.96 32341.4
21941.05 26902.32 4793.08 26302.13 23401.67 11595.34 27232.56
9240.21 15872.87 30702.38 24976.96 20984.97 19601.26 16234.81
20558.02 17544.97 22487.29 17691.63 12945.85 14603.49 29534.51
19171.2 15615.61 36738.7 9919.11 19125.78 31360.11 20933.47
12507.73 4777.2 26535.31 10895.39 8760.64 17463.98 19534.36
19235.65 23679.47 3092.59 25722.15 145 2718.86 19943.92
6318.97 16189.17 10342.45 20830.21 11659.51 19981.83 18588.17
12127.07 20244.05 12255.77 3211.37 12762.45 19702.5 22372.66
13512.58 11029.6 23786.53 10511.43 5700.45 15372.45 3460.62
25776.69 14485.07 28009.04 11275.49 13580.37 18158.87 9708.88
11764.54 14886.4 5390.92 448.88 21188.68 29892.97 16366.22
26538.47 6903.02 24505.21 20465.7 8328.46 20290.05 14218.82
15550.76 24577.04 21415.3 15724.7 20245.53 17027.78 16067.65
21198.21 19699.55 10714.48 5803.8 14750.22 26912.78 16997.0
11000.58 34332.65 4704.19 17626.92 24560.64 19336.71 5471.26
2399.82 20996.45 8630.03 10661.75 14208.45 21468.55 12107.86
19370.14 5843.82 19582.17 457 22633.82 5380.03 21421.44
28562.31 14978.79 8516.03 21919.77 10280.95 15439.15 14634.08
18593.84 20363.71 22788.87 16032.66 6554.74 6879.25 11996.23
15225.16 13332.5 27766.06 24166.69 10444.42 27949.2 16590.43
13809.78 5783.0 16770.04 13685.55 10533.32 25550.74 18669.78
17160.12 30147.48 25179.93 4136.05 7590.03 17381.33 2927.05
21669.63 2525.4 7464.61 17044.86 27463.04 21185.98 10567.21
22621.33 9273.78 16182.67 8231.97 10901.75 13571.6 16586.41
7448.09 24428.99 25907.22 11901.76 6345.34 8544.38 16174.03
11239.75 29694.61 7685.51 28141.33 6009.6 24370.63 25799.95
17784.48 33938.08 17882.06 11998.94 11262.72 26955.45 12246.03
28380.39 20744.33 326 12608.45 16701.53 8178.68 7952.13
12202.58 12580.41 21934.3 10887.01 23869.28 7964.06 6325.81
2164.24 11380.45 18673.73 14139.31 21959.33 11327.5 15293.25
11991.36 8820.45 18350.42 15751.17 14352.2 12684.84 7138.91
20169.79 5947.75 17304.21 10109.21 7055.96 3581.1 3451.52
19377.48 13951.29 17574.29 21453.74 3673.67 23106.11 17556.84
18572.04 13263.49 10879.94 8092.49 23612.16 16376.9 10201.14
12365.63 4487.28 20662.01 19053.02 7039.8 26649.79 13163.74
5413.24 10172.31 16882.12 18625.84 13245.54 7035.65 25405.16
16053.58 14979.61 11189.19 15647.23 9395.35 16561.56 7350.36
20794.75 18029.96 9950.14 23842.2 7156.84 9140.07 20166.97
5218.41 36 20648.6 9958.91 21778.04 32276.24 14095.42
16762.47 14487.82 18025.75 5656.25 17144.88 25774.87 23812.64
21498.55 10149.31 13277.71 4647.11 13716.51 11991.58 22630.08
29343.92 19197.23 9336.38 26125.08 26096.05 18123.91 17183.82
19396.22 9322.28 17042.75 27273.5 21872.3 22030.67 26207.08
22857.57 10008.36 18983.61 22991.0 9681.71 16743.59 13254.32
15340.49 16378.63 33012.44 12659.26 8756.73 30690.09 17882.86
21509.39 4617.6 6254.04 18987.04 5512.92 14602.64 26770.43
25870.54 8699.56 17551.23 12357.69 18372.99 22287.4 27478.19
10566.97 35055.66 10872.86 24397.94 22170.06 25381.49 30625.81
12396.48 15134.34 1329.48 29397.81 19624.04 23460.8 27337.14
440 7860.15 11100.44 9637.65 21217.38 3497.03 14572.41
7295.96 14542.67 9317.47 8251.9 18945.55 13577.04 8767.65
3425.59 12113.73 12420.9 6648.91 1141.93 19436.83 17226.96
7799.64 5925.21 13352.14 22396.49 10663.31 20258.45 9590.49
3512.43 12674.08 15360.77 11852.94 13606.5 14132.64 10109.3
12298.3 22288.6 15072.22 17059.68 5320.88 16195.33 13643.85
4646.62 23369.51 8357.64 5884.6 24100.39 15531.67 13736.14
10253.79 6971.94 12318.26 12136.37 12687.74 15268.08 13294.51
4809.87 19541.68 9228.62 8547.51 26661.94 14771.71 9025.99
26576.92 10831.0 11906.2 9835.3 19148.39 18307.18 2743.08
8349.54 11464.15 17734.28 14941.92 12046.97 19516.55 402
6164.73 23037.12 9797.25 18556.16 13466.72 24309.22 12131.86
23504.62 20166.99 15639.8 23690.72 15617.73 6761.78 14706.64
23030.74 24970.1 16815.89 13620.09 27342.86 12623.12 5996.52
18226.46 4219.9 29311.1 18029.57 31373.24 14831.77 15975.07
21667.12 12326.85 15254.86 18398.97 1842.73 3904.89 24281.1
33285.38 19860.14 29457.59 8176.27 27755.4 23892.97 11641.48
23054.86 14782.59 18320.21 27889.33 24922.76 19259.12 22796.62
19473.85 19621.09 22570.05 23099.65 13571.21 8248.27 17355.44
30322.05 20261.25 14546.73 37730.42 3903.17 20749.06 27464.45
22501.97 8433.4 2719.54 24476.44 5784.43 12465.53 17635.39
23578.58 14519.18 22922.08 3438.83 22916.17 477 22650.52
18660.22 18425.02 15291.72 19551.67 11965.15 30258.49 10549.43
29449.0 14845.48 4502.16 12606.18 21600.34 25630.21 15330.0
24352.12 16872.05 22460.02 6682.69 18863.0 27953.73 20653.62
24994.79 4137.68 12383.57 16577.25 14197.98 23551.17 11650.33
17474.46 13015.18 10051.19 29912.59 24338.27 18883.85 16868.66
8495.81 22883.21 26622.07 17440.52 13356.01 19284.83 11069.2
31339.66 21311.32 2980.73 10937.82 9517.45 23968.33 23833.23
10778.8 31892.68 13996.13 15825.89 20827.34 22403.06 15020.36
16482.35 14987.61 19523.35 26708.94 18160.24 9281.92 17702.58
20019.35 26767.62 3936.37 31448.74 25784.15 15027.63 27688.47
16804.49 9005.09 30383.91 5685.9 114 6912.26 24075.82
8707.91 15030.66 14561.58 24180.48 15747.37 23112.56 23113.73
15479.9 21852.0 13700.54 6611.51 17323.09 23491.25 26830.34
17433.95 15540.96 26362.4 9057.33 9554.54 19737.23 1473.02
27902.65 17527.78 31652.76 14107.61 18122.58 21405.48 9274.48
13842.13 17006.55 4851.18 4501.47 25312.46 33454.74 18318.81
30796.62 11259.3 28395.26 24003.54 12366.45 19857.53 18375.54
19961.41 25563.33 24621.89 18011.9 24726.61 21548.92 18928.99
25685.29 23323.03 10756.77 5434.06 19234.73 30446.61 20931.71
14130.71 37857.78 473.62 21746.5 24391.69 23388.9 6309.15
5831.12 22773.91 5258.03 15200.44 17842.0 26031.63 11139.15
22204.27 7576.95 20719.09 245 31502.94 15551.56 29153.07
32810.99 24342.9 13627.48 32672.32 14929.54 26444.18 22281.48
20748.49 26048.73 31291.61 26739.47 14624.9 17764.55 20824.77
25383.07 13937.17 33907.19 34162.06 20776.9 36289.2 15470.84
20384.79 6271.0 23826.2 24290.71 16440.28 31828.89 24886.95
22284.42 39423.48 33992.7 14477.33 4323.95 21713.03 12380.41
31791.17 10363.26 13772.56 25969.72 29963.71 32122.64 21054.61
22583.71 13367.94 21132.09 19251.7 21817.7 19267.19 27428.12
14517.37 30372.43 33363.94 22481.84 7317.7 17486.8 23655.45
261.85 38129.95 17475.69 28887.75 15677.47 31947.66 35176.76
19586.95 42728.75 28392.74 20012.94 22104.31 32503.92 16355.64
38155.93 23145.72 132 21146.05 24092.27 16737.49 8145.96
21236.44 18327.31 30998.63 16577.64 32727.39 16754.5 8264.34
11104.89 19785.29 27724.65 21008.58 29723.31 19887.42 24341.25
14642.13 13521.82 27050.39 24276.44 21436.53 12976.43 15225.39
24592.85 14969.17 26223.45 16754.82 13104.84 12683.51 11387.65
26819.0 21980.77 24696.77 25233.07 10315.16 29646.99 26503.79
24448.12 19478.97 19984.96 2838.54 32715.59 24930.85 6191.02
17607.27 11800.32 28761.95 27625.34 14344.03 35457.2 19770.32
11787.87 17149.43 25620.38 22978.14 21023.13 16043.94 28275.33
22813.21 22829.19 2145.17 23030.78 16994.27 24774.18 9195.3
27103.51 27134.37 18257.16 32204.33 11317.92 14623.64 28259.13
6138.0 282 17224.33 8651.94 14172.68 18207.54 11484.14
2369.79 21952.5 598.11 19700.24 7763.81 7774.17 10781.97
16706.15 16629.15 5335.7 14370.09 8052.89 13853.21 4778.2
18634.35 21225.74 11022.42 21426.16 8015.39 5375.55 9801.55
8772.18 14301.1 2028.69 16533.19 9588.21 7071.65 25215.44
19541.71 8980.66 11191.39 6816.58 13667.47 19297.99 8552.09
3527.85 12230.48 16617.93 22532.35 11650.03 12266.97 1993.31
5938.3 13941.56 14014.98 4002.51 22018.54 4006.46 15105.53
18179.96 12897.43 8284.01 6631.64 8851.0 15356.12 23282.11
8203.0 17360.18 7677.32 16825.8 21250.43 7090.52 28020.43
17304.61 6405.24 17669.53 17340.82 1372.43 24624.76 9868.68
307 15860.84 5113.22 16258.68 26322.83 8587.85 11566.59
12876.75 12562.43 7013.91 11144.68 19918.94 17823.18 16474.43
7097.69 8072.26 4088.17 7702.11 7288.67 17447.32 23687.35
15873.75 3422.78 21419.8 20881.5 12100.23 14213.39 13423.56
5030.05 11334.74 21559.94 15883.24 16001.51 22464.43 18276.06
5801.4 16232.09 16991.48 9034.41 13313.75 9899.82 10181.1
10941.18 26977.55 12091.88 2950.95 24932.99 12714.54 15505.1
1987.7 1803.93 13028.48 9046.89 9306.7 20942.53 20553.92
3545.88 14055.7 6522.05 12424.66 20244.39 22957.78 4821.27
29085.85 5694.34 19031.64 18177.93 19607.8 26644.43 9155.91
9100.69 4899.02 23584.36 13973.56 20208.75 21383.45 254
7103.66 24178.9 10367.84 18322.54 14585.01 25225.58 13406.31
24357.82 21486.06 16514.08 24145.06 16010.94 7500.49 16015.94
24067.97 26228.18 17863.1 14864.14 28057.11 12348.86 7300.49
19429.8 3963.24 29909.85 18835.5 32390.0 15561.7 17250.36
22545.38 12286.14 15799.07 18968.39 1453.02 4662.73 25424.03
34282.22 20392.53 30654.75 9495.15 28836.11 24860.71 12676.2
22993.97 16055.91 19541.7 28189.65 25801.25 19874.24 24059.86
20747.71 20386.74 23884.71 24089.12 13635.31 8240.03 18604.61
31305.43 21331.19 15352.11 38723.54 3088.66 21878.78 27467.58
23616.9 8663.34 4005.13 24975.71 4501.04 13778.21 18602.33
24885.22 14346.99 23693.25 4330.54 23249.84 55 9240.62
21437.93 6060.94 6643.61 13643.29 19147.98 20211.08 17665.83
25000.09 11660.73 14031.31 6550.06 7813.81 19087.02 19700.8
25760.83 14831.27 16112.03 19643.97 1620.07 14953.57 18653.53
7930.88 20459.37 12558.36 26927.72 9444.11 18697.75 16381.2
739.16 7742.32 10334.49 13341.8 9109.56 22542.75 28438.9
11214.55 28290.25 15280.47 24570.74 19456.61 11407.09 11101.57
22489.5 19131.11 17086.64 19223.8 11483.18 23996.19 21484.18
13357.87 27824.7 19066.45 2367.65 3793.29 19038.33 25486.08
17873.9 10131.96 32605.27 9260.51 19278.1 15605.75 20498.38
4295.56 11943.36 15105.18 13667.12 17601.71 14292.21 26428.43
2561.09 16224.55 15151.78 12478.37 72 8683.17 10132.06
10122.62 21522.14 3279.86 13820.17 7889.04 13878.21 8847.7
7993.87 18652.91 13675.67 9508.85 3222.95 11250.75 11457.85
6025.23 212.06 18826.7 17744.84 8787.46 4937.52 14211.4
21855.36 10286.43 19337.28 9536.73 2669.75 12036.55 15818.16
11887.25 13427.46 15117.91 10994.4 11322.96 21372.52 14852.53
16063.1 6293.06 15246.51 12843.5 4899.7 23459.28 8677.84
4887.81 23830.48 14807.2 13474.67 9300.34 6055.98 11894.25
11684.42 11878.62 15628.83 13953.72 3832.09 18651.68 8384.59
8465.83 25732.68 15669.04 8091.06 26531.94 9890.77 12526.85
10811.23 18796.39 19270.68 3239.37 7795.28 10663.04 18144.14
14381.6 13042.74 19341.44 77 10237.89 22128.47 7010.02
5733.95 14530.59 19584.21 21210.6 18055.54 25951.26 12350.31
13957.87 6850.61 8812.51 20050.75 20287.94 26554.78 15586.08
17048.62 19792.37 1010.48 15932.47 19485.57 8709.76 20439.44
13089.16 27354.69 10089.71 19619.74 16847.14 1345.79 8225.5
10619.13 14118.87 10053.84 23213.84 28819.56 11380.17 28956.74
16279.34 25120.43 19955.3 12320.45 10383.31 23488.41 19976.08
16740.56 19606.08 11772.29 24820.93 22360.69 13784.71 28778.81
19604.84 2525.85 4699.61 19920.81 25888.56 18553.73 10837.13
32936.66 9936.42 19999.75 14934.91 21172.04 5289.2 12878.53
15066.13 14199.88 18585.67 14964.98 27310.62 1681.36 16543.39
16036.04 12271.57 341 18628.18 20930.86 14180.52 7918.09
18151.61 15325.98 28113.96 13557.57 29561.79 13605.36 5439.85
8301.04 17325.61 24639.91 17886.49 26541.66 16697.44 21259.42
12151.8 12249.62 24458.85 21078.34 19551.89 11068.34 12022.53
21913.7 11903.57 23080.08 13622.99 11355.43 9714.61 8201.77
24837.9 19709.72 21564.03 22706.16 7110.1 26609.23 23740.57
21488.5 16424.98 17010.35 3912.93 29742.92 21733.98 5433.92
14673.71 8594.96 25560.65 24427.75 11147.63 32280.2 16669.63
9844.91 15231.16 22440.84 20295.21 17827.66 12964.72 26007.78
21072.84 19633.2 5110.34 19866.83 14840.23 22435.12 6518.35
25584.64 24134.64 15055.65 28998.97 10057.51 11592.99 25992.77
3110.01 493 7257.54 23652.58 7546.84 12360.93 14423.48
23024.71 17352.56 21815.32 24051.98 14500.96 19774.66 11717.8
6435.12 18117.54 22707.7 26921.23 16883.35 15908.2 24690.92
6395.14 11294.01 19708.59 2469.87 25991.42 16274.28 30662.3
12828.06 18566.47 20213.62 6800.21 12150.36 15240.18 7504.57
5431.45 24866.11 32383.34 16443.9 30489.63 12591.5 27659.6
22995.33 12102.3 17242.81 19919.25 20015.27 23233.97 23357.6
16307.17 24893.65 21868.5 17528.23 26730.69 22394.56 8364.98
3397.49 19466.88 29372.79 20327.58 13043.44 36732.63 3115.12
21336.75 21799.77 22878.31 4707.68 7637.64 20755.99 7438.14
16138.62 17018.33 26557.3 8510.12 20730.26 10002.64 18479.28
403 15114.51 3880.35 13350.67 20731.47 7918.27 4292.9
17439.25 4943.52 14355.0 6467.37 12467.12 12331.6 15039.94
11770.82 1871.59 9469.8 4365.1 9468.88 9949.66 19587.66
17852.44 5818.64 20156.44 13322.94 5783.6 10206.43 8583.24
9320.35 3707.53 17370.86 10558.76 9481.55 22977.56 17636.77
4719.44 12148.22 10083.4 10368.26 15603.12 6792.28 3176.16
9530.76 20345.14 17674.18 6405.88 17355.45 5389.3 8686.06
8719.29 8660.77 6006.22 16649.73 2205.09 16285.75 17807.58
7748.82 9241.92 1368.38 8001.98 16592.38 21958.61 2842.37
21888.42 2812.92 16286.68 18717.51 12044.7 26420.61 12827.01
3859.92 12393.01 18846.19 6320.75 21732.42 14170.26 105
22269.27 14019.79 18600.63 19018.23 17367.02 7245.52 27969.52
6393.5 25638.47 13166.52 6737.13 13730.23 21511.38 22712.57
10763.59 19513.27 14071.17 19884.78 1351.73 21214.17 26823.19
17062.27 25750.87 2153.28 10550.02 10824.24 13458.39 20385.3
8094.95 19402.9 13297.15 10146.91 30095.21 24371.41 13996.89
11174.84 8970.58 17407.15 25063.55 11959.97 8656.98 17794.48
15770.22 28611.25 17676.01 8678.98 6102.54 9128.23 19466.88
19941.53 8832.29 27844.51 9493.36 17784.58 21983.15 18957.59
9272.25 12623.17 13889.08 14162.51 27578.16 14057.08 14843.05
13189.95 20849.21 26406.44 5537.61 32388.99 23332.74 12338.53
23222.24 19453.53 5766.97 29916.17 9074.18 359 11373.45
5954.07 10458.98 19823.58 3828.88 8235.16 13456.93 8335.35
11884.65 4627.96 14116.65 11307.51 11527.83 8074.24 5928.51
9885.87 1182.09 5378.63 13344.84 17525.62 13680.85 3267.85
16687.44 16494.17 5829.61 14260.24 6926.41 5833.02 6549.01
15343.63 9368.87 9634.04 19045.66 13920.24 7184.91 16245.42
10772.22 12776.82 11415.18 10487.44 7310.6 5773.14 20529.26
13967.34 3916.06 19282.77 9218.85 9285.35 8288.64 6611.36
7091.94 14517.02 6365.49 14582.44 14934.87 4727.36 13389.7
3044.3 5964.44 20675.19 18423.8 3627.46 22881.25 5273.4
13383.52 14732.47 14031.23 22697.22 8807.69 2813.49 11338.29
17227.36 9038.46 17625.08 15277.08 31 4569.71 13355.75
3328.75 14701.34 4383.21 13599.83 12446.08 12776.1 15742.52
4908.84 14255.14 7447.73 4269.68 9944.01 12644.29 16845.07
6613.52 6807.82 16803.83 10925.74 9263.72 9611.91 9386.36
19094.76 7365.6 20865.65 4517.75 9362.6 10935.69 8938.8
6039.55 8650.61 12573.86 6974.33 14574.72 22715.75 10213.01
20189.25 8107.12 17543.65 13267.51 2074.31 17122.68 14250.48
10009.64 19126.6 14191.73 9224.15 14930.07 12213.47 9026.71
18578.56 12533.77 8751.61 7626.85 9757.3 19722.62 10097.29
3940.53 27146.3 11183.02 11036.72 20664.71 12603.86 6088.22
8615.74 14780.29 15694.79 8815.48 7032.12 17132.48 11249.18
12288.84 12087.41 14223.45 426 11220.34 28487.2 13577.86
18773.93 18887.73 28984.12 17787.15 27959.12 26061.42 20256.97
26638.6 18516.63 11240.66 20623.29 28134.2 30770.87 21990.66
19395.59 31250.53 13000.97 11816.89 23879.05 6317.94 32757.3
22375.89 36372.6 18970.96 21825.77 26227.26 13706.07 18724.11
21882.95 4835.26 8673.5 29731.58 38207.49 23175.78 35072.82
14088.4 32988.98 28751.97 16830.93 23891.71 20419.9 24025.15
30157.81 29457.55 22896.04 28612.6 25318.98 23801.96 28417.33
28038.94 15288.21 10171.9 23138.55 35205.91 25488.13 18950.38
42626.72 4464.66 26167.77 28489.53 27866.71 11176.68 8607.3
27588.65 686.95 18384.77 22539.27 29491.93 15202.8 27083.7
8187.71 25398.77 389 15287.84 7327.21 16300.5 26972.08
8630.64 13596.95 10941.12 14467.52 4870.72 12004.25 21457.32
18595.88 16075.04 5440.11 10150.06 5440.11 8681.87 6582.3
19433.53 23877.21 14522.82 4278.78 20812.28 22837.69 13345.14
16448.91 14171.88 3957.85 13098.27 21821.66 16664.69 17171.96
21341.73 17579.07 8046.2 18462.25 18288.4 10894.35 11977.41
12138.3 12240.73 10900.56 28030.24 9955.22 3622.41 26552.55
14742.29 16798.03 3303.6 929.95 14463.73 7157.38 11331.29
21366.51 20401.05 3243.11 16300.32 8273.3 13116.76 22436.96
22240.96 6728.03 30406.47 7832.2 18922.53 17151.12 21236.86
25650.45 7654.83 10309.65 4159.83 23981.61 15748.9 18864.45
22765.39 425 17577.66 8923.22 18846.9 29609.38 11219.06
15563.72 11769.91 16600.4 3657.74 14631.19 23891.83 21233.78
18451.34 7087.39 12051.68 5108.93 11281.71 8953.56 21457.32
26446.84 16182.49 6855.91 23043.3 24901.04 15895.03 17387.02
16809.25 6280.03 15368.64 24411.07 19301.64 19750.34 23163.23
19773.27 9352.26 19326.74 20829.29 10793.89 13703.72 13176.29
14163.77 13451.29 30642.57 10223.5 6215.53 28939.65 16710.32
19338.31 3674.34 3535.57 16942.43 5090.68 13313.81 23985.25
22866.39 5861.92 17470.17 10544.68 15755.52 23028.21 24391.87
8862.84 32947.68 9638.37 21409.84 19097.84 23614.88 27564.91
9344.31 12861.33 1788.86 26594.17 18010.99 20473.76 25277.94
451 8033.87 17717.8 3725.99 8281.03 10433.5 15450.54
18418.53 14020.58 22119.15 7939.34 11442.63 3324.12 6657.74
16367.05 15933.33 22195.26 11198.61 13178.73 16389.79 5325.46
13962.05 15197.08 9161.54 17597.39 8805.99 23228.47 5688.13
15639.36 12663.82 3107.64 4059.32 6934.34 14228.74 8958.09
18806.69 24782.58 8059.96 24551.47 13662.97 20806.11 15713.04
8383.83 11229.67 20452.62 15714.73 15320.07 15582.39 8047.56
20508.41 18178.39 9688.21 24957.26 15305.93 2363.9 5035.79
15767.59 21810.94 14144.12 6428.81 29000.87 10876.18 15592.14
15272.59 16764.01 4211.53 11692.26 12385.7 15641.57 15176.49
10556.17 23133.69 4975.9 12682.84 15240.4 10382.35 296
30791.19 15134.53 28344.24 31793.16 23722.99 12809.63 32280.18
14050.58 26289.6 21507.41 19701.15 25117.79 30542.91 26347.02
14004.0 17681.55 20172.58 24872.99 12890.27 32973.42 33592.53
20326.44 35509.32 14385.35 19548.56 5724.41 22994.93 23879.11
15611.76 30909.01 23993.0 21345.2 38737.28 33266.66 14105.89
3691.44 20739.14 12447.7 31250.26 9956.36 13035.06 25289.08
28901.27 31813.56 20632.99 21497.64 12492.23 20192.12 19071.66
21519.88 18386.12 27379.9 13816.17 29438.21 32518.05 22072.69
6593.46 16888.29 22857.4 1018.14 37354.56 16975.59 27802.62
15192.05 31115.67 34513.5 18535.34 41979.93 27942.55 19291.98
22048.64 31542.47 15422.17 37541.57 22096.11 191 7720.63
20103.24 12126.72 23204.82 11516.13 23175.98 5683.66 22844.7
14379.22 15387.32 25328.06 18022.43 9118.5 9784.11 21031.73
20633.29 15136.09 10146.62 27410.94 17656.77 1833.31 14883.42
10095.47 29985.75 18011.74 29258.29 15577.29 11759.59 20929.76
16679.87 16967.02 19725.87 7291.55 7575.62 21286.39 31280.59
21287.7 25757.65 3723.35 25213.16 22401.47 10753.7 26957.07
8298.39 14747.25 30130.59 24028.68 20281.96 18447.59 15081.95
19742.47 16501.33 21478.49 17470.92 12935.07 13466.82 28491.1
18131.15 14866.38 35668.9 10420.34 18042.11 31003.39 19848.22
12363.78 4928.25 25852.23 11790.49 7608.33 16529.86 18395.54
19145.67 22821.74 4045.07 25170.58 107 3163.33 14974.55
2353.95 14183.4 5790.16 15163.61 12451.98 14273.77 16653.89
6434.41 15113.51 7723.22 2646.27 10727.69 14283.39 18314.33
8250.3 7830.19 18131.04 9890.03 8500.5 11077.07 7743.88
20269.38 8776.84 22487.93 5654.84 10472.84 12462.75 8062.79
6653.95 9562.59 11094.05 5422.25 16197.92 24326.48 11105.89
21790.35 7783.0 19186.04 14872.91 3437.33 17080.23 14480.3
11433.93 19813.23 15717.76 10270.31 16350.95 13509.91 10379.97
19472.77 14154.03 8162.61 6194.77 11058.27 21328.6 11738.01
5294.67 28751.78 9543.78 12651.16 20865.2 14235.66 4698.33
7311.91 15735.22 14083.77 9307.08 8655.71 18375.66 10493.6
13675.14 10875.54 14841.1 330 20042.85 2947.31 19234.64
27346.94 12349.31 8499.73 18835.11 10090.38 12525.42 12721.79
18412.03 18920.9 20315.55 12957.1 5502.43 4390.71 9717.64
12297.81 14080.04 25973.23 21227.53 7521.49 25463.66 17505.39
12395.06 8427.89 14983.28 10635.92 9768.27 23758.19 17108.56
16069.59 27372.68 22577.47 1896.5 10382.76 16556.88 3954.05
18708.6 4260.53 7161.58 14532.99 26810.26 18109.89 7578.6
22885.56 9505.57 15217.93 5301.69 7817.12 12532.45 13895.31
6741.6 22771.98 23725.95 8868.4 8578.2 6512.52 14250.41
14254.83 27164.09 5214.17 27989.11 3903.79 22176.33 23022.75
17764.83 31276.82 14839.81 10101.81 8653.29 25367.23 11966.64
25480.77 20367.55 41 12370.91 16476.62 7948.37 8137.91
11918.17 12436.41 21656.85 10755.19 23588.18 7690.11 6436.97
1927.07 11153.57 18388.99 13941.11 21715.0 11060.63 15008.57
11978.43 8818.04 18098.18 15482.57 14193.88 12749.72 6906.38
20052.12 5664.51 17022.1 9937.18 7006.31 3297.03 3274.93
19191.25 13742.6 17358.74 21356.29 3609.91 22905.44 17288.94
18403.39 13096.21 10597.16 8371.99 23330.03 16106.94 10410.0
12244.57 4339.55 20406.34 18781.41 6854.86 26369.8 12979.84
5374.9 10037.13 16605.57 18514.88 13010.15 6752.56 25331.2
15906.85 14738.47 11470.25 15424.27 9227.08 16338.77 7436.38
20658.74 17746.58 9696.79 23576.18 7207.68 9032.31 19947.19
5417.25 95 16287.74 1075.08 15465.2 24040.06 8601.5
7222.72 16108.85 8358.11 11384.65 9101.1 16176.26 15524.78
16530.77 10181.62 3707.14 5771.38 5957.42 8888.45 13121.17
22327.32 17811.48 4173.66 21682.98 16573.65 9156.83 10477.35
11407.32 7701.15 7388.62 20119.74 13652.08 13006.43 23731.85
18828.41 2288.62 12528.45 13726.14 7739.47 15346.63 6247.95
5819.01 10750.72 23960.7 15813.01 4453.06 21020.04 8367.92
12294.59 5081.29 5814.88 9644.13 13410.18 4986.31 19208.61
19952.32 5898.09 10048.5 3049.99 10604.42 16790.26 23393.89
1449.06 25599.76 1305.19 18401.65 19383.55 15725.81 27558.48
11782.8 6547.7 8816.71 21830.0 9942.52 21988.9 17878.56
139 14703.12 11279.27 11064.38 14230.4 10557.97 6242.13
21287.15 4523.53 20739.67 5928.41 5258.4 6876.16 13935.19
16632.19 8283.75 16909.52 7923.56 13444.41 6686.44 14729.59
19454.63 11974.93 18274.88 8784.91 3378.98 13811.65 5886.41
14619.21 4028.26 12679.96 5946.09 3103.07 22520.46 16796.1
11933.33 15150.95 2877.43 17159.6 17879.46 12338.19 7056.73
10515.49 13040.05 22324.17 12641.87 10408.28 6003.38 1951.56
16031.71 15277.81 1789.19 23313.22 7131.78 11194.38 14698.43
13598.43 12281.14 8268.8 6390.59 19217.55 20117.62 10070.44
14463.29 10215.57 13456.9 18848.66 5184.14 24917.6 16778.3
6090.17 19583.88 13357.2 2826.98 22381.8 6737.75 52
19616.38 8969.87 16633.88 20214.83 13559.13 2264.08 23775.56
2270.9 20726.98 10138.63 8948.49 13120.88 19135.63 18241.46
5746.54 14475.42 10001.29 15693.61 3731.48 20979.31 23429.99
12340.94 23884.85 7194.72 7822.87 7717.94 11233.31 15820.96
4154.69 18906.59 12011.63 9359.98 27617.37 21961.49 8956.83
8914.54 8889.49 12792.33 21411.5 7388.99 3634.62 14501.04
18161.3 24156.93 12919.49 12738.35 1134.13 8208.99 14420.14
15042.55 6460.52 22856.89 4527.45 17444.63 20637.7 14272.12
6130.19 7888.77 11284.66 12968.5 25740.74 9154.13 18355.59
8162.47 19288.62 23606.98 8017.12 30472.63 19127.37 8518.61
18174.33 19605.68 3430.47 26936.61 11252.63 350 8235.91
20858.08 12669.23 23592.27 12271.74 23931.52 6103.71 23590.43
14928.86 16106.35 25982.15 18603.37 9606.83 10473.15 21794.2
21330.1 15893.24 10904.06 28140.14 17973.56 2478.93 15634.97
10221.48 30694.7 18729.42 30019.91 16251.41 12486.77 21675.36
17074.79 17591.03 20384.16 7017.09 7884.96 22039.1 32042.57
21944.78 26483.05 4485.83 25971.63 23161.31 11475.47 27437.35
8667.13 15492.57 30754.84 24780.52 20958.46 19147.79 15787.71
20458.76 16982.08 22239.19 17918.79 13260.82 14203.6 29253.62
18893.61 15558.59 36430.11 10410.5 18801.81 31526.28 20607.59
12765.59 5135.62 26522.04 11466.23 8319.51 17278.13 19021.55
19521.53 23551.33 3664.49 25785.11 407 19058.79 14276.18
15108.74 15023.13 15194.32 7779.52 25928.75 6193.76 24888.72
10584.14 2844.56 9853.26 18160.7 21141.77 10967.07 19999.5
12362.86 18025.68 3977.86 17184.45 24033.9 16093.29 22103.86
4451.67 8023.31 13688.43 10309.77 19021.6 7118.04 15421.15
9676.21 6502.05 26683.72 20990.39 14604.32 14458.51 5135.64
19026.6 22519.53 13682.42 9101.5 15152.11 12146.42 26903.24
16750.92 6636.45 6884.16 5653.68 19502.98 19278.02 6346.06
27339.98 9638.38 13788.14 18189.31 17848.11 12070.61 11942.49
10951.38 17883.44 23903.4 13643.15 12034.38 13285.54 17143.97
23215.19 1741.38 28711.02 21394.28 10520.77 23201.35 15396.68
4493.71 26794.04 5246.7
